city,date,temperature_2m_max,temperature_2m_min,temperature_2m_mean,precipitation_sum,rain_sum,wind_speed_10m_max,relative_humidity_2m_mean,pressure_msl_mean,cloud_cover_mean
Delhi,2010-01-01,22.3,8.7,14.8,0.0,0.0,12.4,67,1016.3,0
Delhi,2010-01-02,20.9,9.4,14.6,0.0,0.0,7.9,71,1018.7,55
Delhi,2010-01-03,17.3,11.8,13.9,2.9,2.9,12.7,81,1018.4,75
Delhi,2010-01-04,17.4,9.3,12.6,0.0,0.0,21.4,85,1017.1,25
Delhi,2010-01-05,20.0,9.5,13.7,0.0,0.0,19.7,77,1013.8,0
Delhi,2010-01-06,20.0,8.0,13.7,0.0,0.0,9.4,82,1015.5,18
Delhi,2010-01-07,19.8,7.0,13.4,0.0,0.0,8.2,80,1017.4,26
Delhi,2010-01-08,19.9,7.0,13.2,0.0,0.0,8.9,82,1017.0,32
Delhi,2010-01-09,18.6,8.2,12.8,0.0,0.0,9.7,83,1016.7,24
Delhi,2010-01-10,19.3,7.6,12.9,0.0,0.0,9.4,82,1017.5,5
Delhi,2010-01-11,19.5,7.4,12.9,0.0,0.0,10.8,77,1017.7,0
Delhi,2010-01-12,19.7,5.6,12.8,0.9,0.9,9.2,74,1016.5,9
Delhi,2010-01-13,19.1,10.4,13.8,6.5,6.5,12.3,77,1017.1,47
Delhi,2010-01-14,19.9,7.6,13.3,0.0,0.0,14.0,79,1021.8,9
Delhi,2010-01-15,20.9,9.1,14.1,0.0,0.0,12.9,74,1021.7,85
Delhi,2010-01-16,21.3,7.9,14.0,0.0,0.0,12.7,75,1022.1,29
Delhi,2010-01-17,20.4,7.1,13.3,0.0,0.0,9.5,81,1021.8,17
Delhi,2010-01-18,20.0,7.0,12.6,0.0,0.0,9.6,84,1020.5,32
Delhi,2010-01-19,19.9,7.7,12.5,0.0,0.0,9.8,85,1018.5,36
Delhi,2010-01-20,18.9,8.2,12.4,0.0,0.0,9.5,90,1019.5,45
Delhi,2010-01-21,19.5,8.5,12.8,0.0,0.0,11.2,90,1018.4,74
Delhi,2010-01-22,20.8,8.7,13.8,0.0,0.0,8.3,87,1016.9,58
Delhi,2010-01-23,22.2,9.0,14.3,0.0,0.0,8.6,86,1016.8,45
Delhi,2010-01-24,23.8,9.3,15.7,0.0,0.0,9.6,83,1015.0,39
Delhi,2010-01-25,23.8,10.9,17.1,0.0,0.0,8.3,81,1016.5,10
Delhi,2010-01-26,24.0,10.9,16.7,0.0,0.0,10.9,81,1017.4,53
Delhi,2010-01-27,25.3,9.7,17.0,0.0,0.0,9.8,75,1016.9,33
Delhi,2010-01-28,25.5,11.4,18.0,0.0,0.0,9.8,69,1016.4,63
Delhi,2010-01-29,26.4,12.4,18.5,0.1,0.1,9.8,65,1016.0,12
Delhi,2010-01-30,23.9,11.2,17.0,0.0,0.0,18.0,64,1016.8,1
Delhi,2010-01-31,22.6,9.1,15.6,0.0,0.0,10.8,63,1016.4,32
Delhi,2010-02-01,22.8,9.5,15.7,0.0,0.0,10.5,63,1016.3,22
Delhi,2010-02-02,24.0,8.0,15.8,0.0,0.0,12.4,64,1016.0,0
Delhi,2010-02-03,23.3,8.8,15.8,0.0,0.0,15.5,60,1016.2,0
Delhi,2010-02-04,24.6,9.3,16.6,0.0,0.0,16.8,52,1016.3,31
Delhi,2010-02-05,25.7,11.0,17.9,0.0,0.0,18.4,53,1016.2,20
Delhi,2010-02-06,28.3,11.2,19.3,0.0,0.0,12.5,55,1015.9,13
Delhi,2010-02-07,28.2,12.5,20.5,0.0,0.0,8.4,55,1015.7,49
Delhi,2010-02-08,25.2,16.7,19.9,5.6,5.6,15.3,62,1011.1,100
Delhi,2010-02-09,23.5,11.4,17.8,7.6,7.6,18.7,69,1010.0,47
Delhi,2010-02-10,21.8,12.0,16.9,0.3,0.3,11.1,80,1015.4,63
Delhi,2010-02-11,22.1,10.8,16.2,0.0,0.0,10.6,72,1017.3,11
Delhi,2010-02-12,22.8,11.2,16.7,0.0,0.0,8.5,69,1016.9,29
Delhi,2010-02-13,23.3,11.0,17.1,0.0,0.0,10.5,72,1015.7,48
Delhi,2010-02-14,23.3,9.9,16.4,0.0,0.0,12.2,64,1014.0,0
Delhi,2010-02-15,23.6,9.0,16.3,0.2,0.2,9.3,68,1013.3,18
Delhi,2010-02-16,25.6,11.0,18.0,0.0,0.0,9.6,58,1014.5,4
Delhi,2010-02-17,23.6,10.2,16.5,0.0,0.0,16.1,56,1015.9,4
Delhi,2010-02-18,23.9,9.7,16.3,0.0,0.0,17.0,49,1014.7,0
Delhi,2010-02-19,25.0,9.0,16.9,0.0,0.0,12.5,52,1015.5,0
Delhi,2010-02-20,26.7,10.6,18.2,0.0,0.0,14.3,48,1015.2,0
Delhi,2010-02-21,28.4,11.7,19.6,0.0,0.0,16.4,48,1013.7,28
Delhi,2010-02-22,28.6,11.2,20.5,0.2,0.2,9.1,57,1012.9,52
Delhi,2010-02-23,25.8,15.2,20.1,0.7,0.7,16.6,69,1010.7,42
Delhi,2010-02-24,26.3,13.1,19.8,0.0,0.0,11.1,72,1010.1,11
Delhi,2010-02-25,27.9,14.4,21.0,0.0,0.0,14.0,61,1011.8,44
Delhi,2010-02-26,30.2,14.5,21.9,0.0,0.0,19.1,56,1012.7,15
Delhi,2010-02-27,31.4,14.9,22.9,0.0,0.0,17.6,53,1011.4,64
Delhi,2010-02-28,31.2,16.4,23.5,0.0,0.0,17.9,51,1010.3,51
Delhi,2010-03-01,32.7,18.5,24.5,0.3,0.3,10.9,51,1010.6,55
Delhi,2010-03-02,32.6,16.5,24.4,0.0,0.0,17.0,50,1010.3,34
Delhi,2010-03-03,31.6,17.6,23.7,0.0,0.0,13.0,44,1007.6,55
Delhi,2010-03-04,30.7,16.3,23.4,1.2,1.2,12.1,54,1007.4,17
Delhi,2010-03-05,30.3,16.6,22.9,0.0,0.0,16.0,48,1010.3,15
Delhi,2010-03-06,30.2,15.8,22.7,0.0,0.0,15.3,50,1010.3,60
Delhi,2010-03-07,29.2,16.9,22.5,0.1,0.1,16.7,48,1013.3,10
Delhi,2010-03-08,27.9,14.8,21.2,0.0,0.0,17.7,55,1014.1,0
Delhi,2010-03-09,28.9,14.7,21.9,0.0,0.0,12.8,53,1015.4,0
Delhi,2010-03-10,29.8,15.5,22.7,0.0,0.0,14.0,48,1015.7,0
Delhi,2010-03-11,30.6,14.7,22.7,0.0,0.0,13.6,47,1016.0,0
Delhi,2010-03-12,31.9,14.6,23.4,0.0,0.0,17.7,48,1015.5,1
Delhi,2010-03-13,32.6,16.4,24.3,0.0,0.0,18.6,49,1012.1,0
Delhi,2010-03-14,32.7,17.7,25.1,0.0,0.0,15.8,47,1008.6,2
Delhi,2010-03-15,32.9,16.8,25.3,0.0,0.0,10.5,49,1008.8,0
Delhi,2010-03-16,32.8,18.8,25.8,0.0,0.0,10.6,45,1011.4,2
Delhi,2010-03-17,33.0,17.8,25.7,0.0,0.0,9.6,49,1014.7,0
Delhi,2010-03-18,33.4,17.9,26.0,0.0,0.0,9.2,52,1016.2,0
Delhi,2010-03-19,34.2,19.2,26.9,0.0,0.0,15.6,52,1012.9,0
Delhi,2010-03-20,36.1,20.7,28.3,0.0,0.0,13.8,51,1010.2,0
Delhi,2010-03-21,38.7,20.0,29.5,0.0,0.0,16.0,48,1007.4,1
Delhi,2010-03-22,38.8,20.6,29.5,0.0,0.0,19.5,41,1003.2,20
Delhi,2010-03-23,38.1,20.2,28.9,0.0,0.0,14.2,31,1001.5,2
Delhi,2010-03-24,38.3,20.7,29.6,0.0,0.0,9.8,32,1003.0,0
Delhi,2010-03-25,37.4,20.9,28.8,0.0,0.0,11.4,43,1004.4,63
Delhi,2010-03-26,37.2,20.8,29.1,0.0,0.0,9.5,39,1005.0,14
Delhi,2010-03-27,37.8,23.3,29.9,0.0,0.0,17.9,31,1006.2,19
Delhi,2010-03-28,37.3,21.0,29.1,0.0,0.0,22.1,26,1006.7,0
Delhi,2010-03-29,37.3,20.6,29.1,0.0,0.0,20.7,37,1005.8,0
Delhi,2010-03-30,37.8,22.2,29.5,0.7,0.7,17.5,29,1003.1,13
Delhi,2010-03-31,36.6,19.6,28.4,0.0,0.0,15.5,33,1003.1,16
Delhi,2010-04-01,36.3,19.6,28.4,0.0,0.0,14.9,29,1003.8,5
Delhi,2010-04-02,36.4,20.0,28.6,0.0,0.0,18.0,26,1005.2,24
Delhi,2010-04-03,36.8,22.5,29.4,0.0,0.0,15.9,24,1007.4,10
Delhi,2010-04-04,38.0,20.9,29.7,0.0,0.0,17.4,25,1008.4,11
Delhi,2010-04-05,38.6,21.3,30.0,0.1,0.1,23.7,21,1008.3,11
Delhi,2010-04-06,36.9,21.6,29.4,0.0,0.0,21.7,19,1008.2,0
Delhi,2010-04-07,38.2,21.1,29.7,0.0,0.0,21.0,19,1009.3,27
Delhi,2010-04-08,39.5,20.7,30.7,0.0,0.0,17.7,22,1010.2,97
Delhi,2010-04-09,40.6,24.9,32.7,0.0,0.0,24.1,19,1005.7,71
Delhi,2010-04-10,40.8,23.2,32.6,0.0,0.0,22.8,17,1001.9,11
Delhi,2010-04-11,41.6,23.8,33.0,0.0,0.0,12.1,19,1001.7,13
Delhi,2010-04-12,41.6,25.5,33.5,0.4,0.4,19.1,22,1001.9,35
Delhi,2010-04-13,40.1,23.9,32.1,0.0,0.0,23.2,23,1004.3,0
Delhi,2010-04-14,41.3,24.7,33.2,0.0,0.0,21.5,19,1004.6,0
Delhi,2010-04-15,42.6,23.0,33.7,0.0,0.0,16.5,18,1006.3,0
Delhi,2010-04-16,43.9,24.7,34.8,0.0,0.0,21.3,18,1005.0,1
Delhi,2010-04-17,44.5,25.9,35.7,0.0,0.0,21.3,17,1003.0,26
Delhi,2010-04-18,44.3,29.7,36.2,0.3,0.3,20.2,19,1000.8,61
Delhi,2010-04-19,43.0,28.6,34.9,0.0,0.0,20.4,26,999.0,51
Delhi,2010-04-20,42.4,25.6,34.7,0.0,0.0,14.8,28,998.5,8
Delhi,2010-04-21,41.4,25.7,34.0,0.0,0.0,24.1,19,1000.1,7
Delhi,2010-04-22,40.0,24.5,32.9,0.0,0.0,16.7,22,1003.9,1
Delhi,2010-04-23,39.6,23.9,32.2,0.0,0.0,17.8,20,1005.3,16
Delhi,2010-04-24,40.2,23.7,32.8,0.0,0.0,20.6,18,1004.9,6
Delhi,2010-04-25,40.1,22.7,32.3,0.0,0.0,14.5,20,1004.0,4
Delhi,2010-04-26,42.0,23.5,33.5,0.0,0.0,17.1,20,1006.1,20
Delhi,2010-04-27,42.5,26.5,35.1,0.0,0.0,15.6,19,1006.5,72
Delhi,2010-04-28,38.9,25.8,32.4,3.8,3.8,14.4,30,1006.4,61
Delhi,2010-04-29,39.6,24.3,32.7,0.0,0.0,10.3,33,1005.5,30
Delhi,2010-04-30,40.2,26.1,32.9,0.9,0.9,11.8,33,1005.8,55
Delhi,2010-05-01,40.0,24.2,31.7,0.0,0.0,17.9,37,1006.9,26
Delhi,2010-05-02,37.3,23.8,30.6,0.4,0.4,17.6,43,1005.8,29
Delhi,2010-05-03,38.5,24.0,31.6,0.0,0.0,14.2,39,1003.4,27
Delhi,2010-05-04,40.4,25.6,33.1,0.0,0.0,13.8,37,1001.1,10
Delhi,2010-05-05,40.9,27.8,33.6,0.4,0.4,14.4,36,1000.3,57
Delhi,2010-05-06,38.8,27.0,31.6,2.2,2.2,24.1,49,1001.7,33
Delhi,2010-05-07,36.8,26.1,29.2,10.4,10.4,19.7,64,1003.2,23
Delhi,2010-05-08,36.1,23.0,29.5,0.0,0.0,13.0,58,1004.3,9
Delhi,2010-05-09,38.0,24.5,31.5,0.0,0.0,23.2,36,1001.3,4
Delhi,2010-05-10,40.2,24.8,32.8,0.0,0.0,18.6,30,1000.8,6
Delhi,2010-05-11,41.2,24.2,33.4,0.0,0.0,17.1,23,1001.1,4
Delhi,2010-05-12,41.7,24.5,33.6,0.0,0.0,16.8,20,1000.9,3
Delhi,2010-05-13,44.3,24.4,34.6,0.0,0.0,16.5,18,999.6,18
Delhi,2010-05-14,42.7,26.7,35.1,0.0,0.0,15.3,14,999.3,25
Delhi,2010-05-15,43.3,25.8,35.3,0.0,0.0,16.1,18,1000.1,16
Delhi,2010-05-16,43.9,26.7,35.8,0.0,0.0,13.5,20,999.6,3
Delhi,2010-05-17,44.6,26.8,36.8,0.4,0.4,13.7,18,1000.3,24
Delhi,2010-05-18,44.8,27.6,37.1,0.0,0.0,14.3,24,1000.9,15
Delhi,2010-05-19,42.4,29.1,35.8,0.0,0.0,22.3,25,1001.2,4
Delhi,2010-05-20,42.6,27.5,35.6,0.0,0.0,21.1,17,1000.2,2
Delhi,2010-05-21,43.0,26.0,35.4,0.0,0.0,13.7,15,1000.0,0
Delhi,2010-05-22,43.3,25.7,35.8,0.0,0.0,14.6,20,1000.1,0
Delhi,2010-05-23,43.3,29.3,36.2,0.3,0.3,21.7,30,999.1,34
Delhi,2010-05-24,43.9,27.6,36.2,0.9,0.9,14.4,32,996.0,7
Delhi,2010-05-25,45.2,26.6,36.2,0.0,0.0,16.9,22,994.1,0
Delhi,2010-05-26,45.6,28.4,36.8,0.0,0.0,19.6,21,993.1,2
Delhi,2010-05-27,43.3,27.0,35.4,1.1,1.1,24.5,32,994.1,10
Delhi,2010-05-28,40.9,30.0,34.6,0.3,0.3,33.7,47,997.6,14
Delhi,2010-05-29,40.3,30.2,33.8,1.2,1.2,24.6,47,999.6,9
Delhi,2010-05-30,39.2,28.3,33.6,0.0,0.0,13.1,46,1001.0,9
Delhi,2010-05-31,42.4,24.9,34.5,0.0,0.0,18.3,27,1000.1,0
Delhi,2010-06-01,43.9,27.5,36.6,0.0,0.0,23.6,20,1000.3,7
Delhi,2010-06-02,43.4,31.6,37.4,0.0,0.0,25.2,21,1001.8,8
Delhi,2010-06-03,43.1,31.8,36.7,0.2,0.2,28.3,29,1002.7,70
Delhi,2010-06-04,39.8,29.7,35.1,0.0,0.0,21.9,38,1002.7,70
Delhi,2010-06-05,38.9,29.1,33.7,2.0,2.0,24.4,42,1000.9,86
Delhi,2010-06-06,39.6,26.5,31.7,0.4,0.4,25.3,48,999.8,84
Delhi,2010-06-07,33.3,26.3,29.4,0.6,0.6,24.9,45,1000.1,93
Delhi,2010-06-08,28.9,22.6,26.3,0.0,0.0,22.2,65,1001.9,67
Delhi,2010-06-09,36.6,23.0,29.9,0.0,0.0,21.3,52,1002.8,3
Delhi,2010-06-10,38.8,25.2,32.2,0.0,0.0,17.3,42,1002.7,6
Delhi,2010-06-11,40.2,25.8,33.3,0.0,0.0,17.5,38,1001.1,7
Delhi,2010-06-12,42.1,26.4,34.8,0.0,0.0,15.8,30,999.4,10
Delhi,2010-06-13,42.3,27.0,35.4,0.0,0.0,20.8,27,998.9,11
Delhi,2010-06-14,38.7,27.4,33.0,1.3,1.3,19.3,48,999.9,15
Delhi,2010-06-15,40.3,27.4,33.3,0.0,0.0,23.5,45,999.3,27
Delhi,2010-06-16,37.3,28.5,33.0,0.4,0.4,12.2,40,999.8,64
Delhi,2010-06-17,40.6,27.1,34.2,0.0,0.0,15.8,36,999.1,7
Delhi,2010-06-18,42.2,27.2,35.6,0.0,0.0,15.7,29,999.8,0
Delhi,2010-06-19,43.4,28.1,36.2,0.0,0.0,17.7,28,999.1,0
Delhi,2010-06-20,44.4,29.4,37.3,0.0,0.0,17.7,28,998.3,11
Delhi,2010-06-21,44.5,30.5,37.5,0.0,0.0,18.3,32,996.8,10
Delhi,2010-06-22,44.4,30.6,37.4,0.0,0.0,20.6,34,995.7,7
Delhi,2010-06-23,42.8,31.1,37.2,0.0,0.0,19.5,33,996.1,5
Delhi,2010-06-24,42.4,31.1,36.1,0.6,0.6,14.8,43,995.8,23
Delhi,2010-06-25,37.4,27.0,32.5,3.7,3.7,12.6,60,997.3,18
Delhi,2010-06-26,40.4,29.5,35.1,0.0,0.0,14.9,47,996.7,6
Delhi,2010-06-27,41.3,30.3,35.7,0.0,0.0,13.9,42,996.5,12
Delhi,2010-06-28,40.5,30.2,35.4,0.6,0.6,16.1,48,996.6,19
Delhi,2010-06-29,41.9,29.7,36.1,0.0,0.0,18.8,45,996.2,12
Delhi,2010-06-30,41.8,31.1,36.3,0.0,0.0,15.2,44,996.0,13
Delhi,2010-07-01,38.4,30.5,34.4,0.7,0.7,17.4,53,997.7,35
Delhi,2010-07-02,37.3,28.9,32.9,0.4,0.4,13.2,60,999.4,21
Delhi,2010-07-03,37.2,29.8,33.4,0.0,0.0,18.9,58,1000.3,50
Delhi,2010-07-04,33.4,27.0,31.0,11.4,11.4,16.6,71,1001.5,94
Delhi,2010-07-05,30.3,25.9,27.4,44.7,44.7,16.7,87,1001.7,98
Delhi,2010-07-06,31.9,25.5,27.5,45.7,45.7,19.1,88,1001.9,87
Delhi,2010-07-07,34.5,25.9,29.3,9.0,9.0,15.0,81,1003.5,50
Delhi,2010-07-08,34.3,27.6,30.8,0.1,0.1,9.7,76,1003.9,39
Delhi,2010-07-09,36.0,26.9,31.5,10.4,10.4,11.0,74,1000.7,38
Delhi,2010-07-10,36.2,29.1,32.3,1.2,1.2,19.2,68,999.2,49
Delhi,2010-07-11,34.6,28.9,31.6,0.8,0.8,20.2,68,998.1,41
Delhi,2010-07-12,32.8,27.2,30.0,2.1,2.1,16.5,71,998.2,35
Delhi,2010-07-13,33.7,25.4,29.5,2.6,2.6,10.9,75,1000.7,22
Delhi,2010-07-14,34.5,27.8,31.2,0.4,0.4,12.3,71,1001.3,41
Delhi,2010-07-15,33.5,28.2,31.0,0.5,0.5,6.8,74,1001.1,83
Delhi,2010-07-16,34.2,28.0,31.0,0.9,0.9,11.0,74,999.5,66
Delhi,2010-07-17,32.4,27.4,29.8,2.9,2.9,16.9,81,1000.1,98
Delhi,2010-07-18,35.5,27.2,30.8,3.1,3.1,14.1,79,998.6,87
Delhi,2010-07-19,32.7,26.8,29.4,27.1,27.1,13.8,84,996.7,100
Delhi,2010-07-20,28.5,25.8,26.8,29.4,29.4,11.6,94,998.8,99
Delhi,2010-07-21,31.7,25.6,27.8,16.9,16.9,11.3,89,999.4,92
Delhi,2010-07-22,30.9,25.7,27.9,5.9,5.9,13.6,86,1000.1,65
Delhi,2010-07-23,33.0,25.7,29.3,0.5,0.5,8.6,81,998.3,72
Delhi,2010-07-24,33.4,26.9,29.9,8.3,8.3,9.7,83,995.9,100
Delhi,2010-07-25,31.0,26.5,28.4,10.6,10.6,15.7,87,995.3,99
Delhi,2010-07-26,33.2,27.7,29.9,1.6,1.6,23.7,77,996.2,79
Delhi,2010-07-27,28.4,25.5,27.0,6.9,6.9,25.4,86,999.8,100
Delhi,2010-07-28,30.9,25.2,27.6,12.6,12.6,18.4,86,1001.1,98
Delhi,2010-07-29,33.2,26.1,29.0,4.8,4.8,10.2,84,999.9,77
Delhi,2010-07-30,31.2,26.3,28.1,7.3,7.3,13.7,88,999.9,100
Delhi,2010-07-31,29.0,25.3,27.2,4.4,4.4,17.1,89,1001.3,100
Delhi,2010-08-01,29.6,25.4,26.8,7.9,7.9,12.3,90,1001.2,94
Delhi,2010-08-02,30.6,24.9,27.6,5.0,5.0,20.5,85,1000.0,86
Delhi,2010-08-03,31.6,25.4,27.7,3.2,3.2,25.8,83,998.5,81
Delhi,2010-08-04,31.5,25.9,28.3,6.4,6.4,27.2,82,997.7,94
Delhi,2010-08-05,30.4,25.9,27.7,7.4,7.4,19.6,88,1001.4,100
Delhi,2010-08-06,33.6,26.2,29.7,0.6,0.6,13.8,80,1003.5,83
Delhi,2010-08-07,32.6,27.1,29.6,1.9,1.9,17.9,80,1002.8,81
Delhi,2010-08-08,33.3,27.2,29.8,0.6,0.6,16.5,78,1001.0,69
Delhi,2010-08-09,34.0,27.2,30.5,0.6,0.6,9.2,79,1000.3,39
Delhi,2010-08-10,33.8,27.3,30.2,5.4,5.4,7.1,79,1000.7,68
Delhi,2010-08-11,33.0,27.1,29.2,5.6,5.6,14.1,84,1001.8,100
Delhi,2010-08-12,31.3,25.9,28.4,5.7,5.7,7.2,87,1002.9,98
Delhi,2010-08-13,32.7,26.2,28.6,4.7,4.7,7.0,86,1002.1,74
Delhi,2010-08-14,29.7,25.6,27.5,6.4,6.4,10.4,90,1001.9,92
Delhi,2010-08-15,32.5,25.9,28.5,4.7,4.7,11.6,85,1002.7,91
Delhi,2010-08-16,32.1,25.9,28.2,5.3,5.3,10.5,87,1003.5,98
Delhi,2010-08-17,32.4,26.5,28.9,6.4,6.4,6.1,86,1000.3,99
Delhi,2010-08-18,32.2,25.5,28.3,22.0,22.0,9.0,88,999.7,100
Delhi,2010-08-19,29.4,25.9,27.1,20.3,20.3,6.6,92,1002.3,99
Delhi,2010-08-20,29.9,25.8,26.6,13.9,13.9,13.6,93,1004.0,100
Delhi,2010-08-21,29.8,25.7,26.9,21.2,21.2,15.0,92,1001.6,100
Delhi,2010-08-22,30.4,25.5,27.1,6.9,6.9,16.3,89,1000.7,100
Delhi,2010-08-23,32.1,25.7,27.9,11.2,11.2,13.6,87,1000.4,80
Delhi,2010-08-24,31.2,25.8,28.0,7.6,7.6,8.7,86,1000.2,54
Delhi,2010-08-25,29.8,24.4,26.8,7.1,7.1,7.6,87,1002.3,90
Delhi,2010-08-26,30.7,24.6,27.1,12.3,12.3,12.1,89,1003.7,97
Delhi,2010-08-27,32.5,24.9,28.4,0.9,0.9,8.0,86,1002.5,73
Delhi,2010-08-28,32.5,26.1,28.8,3.0,3.0,8.4,85,1001.8,68
Delhi,2010-08-29,31.2,25.6,28.2,1.0,1.0,10.8,87,1001.7,75
Delhi,2010-08-30,31.8,25.5,28.5,1.9,1.9,12.2,84,1000.2,90
Delhi,2010-08-31,31.8,25.9,28.2,6.4,6.4,11.2,85,1000.7,87
Delhi,2010-09-01,31.9,26.2,28.1,9.0,9.0,12.9,87,1002.6,96
Delhi,2010-09-02,30.8,25.6,27.4,10.4,10.4,10.6,90,1003.6,100
Delhi,2010-09-03,31.1,25.7,27.2,11.9,11.9,9.7,91,1002.4,100
Delhi,2010-09-04,30.3,24.8,26.7,13.1,13.1,8.7,90,1001.1,94
Delhi,2010-09-05,28.7,24.6,26.5,5.1,5.1,9.3,91,1002.3,98
Delhi,2010-09-06,30.8,24.4,27.3,3.8,3.8,7.6,87,1001.7,90
Delhi,2010-09-07,30.4,25.0,26.7,7.6,7.6,12.9,90,1000.8,100
Delhi,2010-09-08,30.1,25.0,26.7,5.4,5.4,14.2,91,1002.6,92
Delhi,2010-09-09,30.3,26.0,27.5,4.0,4.0,21.3,85,1003.2,69
Delhi,2010-09-10,31.4,25.0,27.2,11.3,11.3,15.6,87,1001.7,73
Delhi,2010-09-11,29.7,24.3,26.0,17.9,17.9,11.5,92,1002.1,98
Delhi,2010-09-12,30.2,24.7,26.4,12.4,12.4,8.8,91,1003.9,95
Delhi,2010-09-13,28.8,24.4,26.1,24.4,24.4,7.7,92,1003.3,97
Delhi,2010-09-14,29.2,24.0,26.2,17.6,17.6,8.0,89,1002.4,80
Delhi,2010-09-15,30.6,23.8,26.2,9.0,9.0,9.4,88,1002.9,42
Delhi,2010-09-16,29.3,23.1,26.1,1.8,1.8,6.8,87,1003.4,35
Delhi,2010-09-17,31.0,23.3,27.0,0.0,0.0,12.3,81,1003.1,25
Delhi,2010-09-18,28.5,22.1,25.1,3.4,3.4,10.2,85,1003.3,49
Delhi,2010-09-19,25.8,23.5,24.3,78.7,78.7,14.1,95,1004.6,98
Delhi,2010-09-20,26.8,23.0,24.1,45.3,45.3,25.1,94,1004.2,98
Delhi,2010-09-21,26.6,24.1,24.7,6.9,6.9,15.2,94,1004.7,100
Delhi,2010-09-22,26.0,23.8,24.7,3.4,3.4,14.1,91,1004.6,100
Delhi,2010-09-23,27.4,22.2,24.8,2.9,2.9,12.1,84,1005.9,59
Delhi,2010-09-24,30.4,20.9,25.3,0.1,0.1,10.7,83,1006.2,20
Delhi,2010-09-25,31.4,22.4,26.5,0.0,0.0,13.8,77,1006.9,6
Delhi,2010-09-26,31.8,20.9,26.3,0.0,0.0,14.6,76,1008.6,0
Delhi,2010-09-27,31.9,20.8,26.2,0.0,0.0,14.5,71,1009.1,0
Delhi,2010-09-28,32.0,20.3,26.0,0.0,0.0,15.1,67,1008.7,0
Delhi,2010-09-29,32.4,19.6,25.9,0.0,0.0,12.3,69,1009.7,0
Delhi,2010-09-30,32.0,19.8,25.9,0.0,0.0,9.4,72,1009.3,0
Delhi,2010-10-01,31.9,20.9,26.6,0.0,0.0,9.0,75,1008.6,1
Delhi,2010-10-02,31.8,21.3,27.0,0.0,0.0,6.9,76,1008.4,3
Delhi,2010-10-03,32.2,22.0,27.2,0.0,0.0,7.9,74,1008.5,1
Delhi,2010-10-04,32.4,22.0,27.1,0.3,0.3,7.6,71,1007.4,3
Delhi,2010-10-05,31.7,22.4,26.5,0.0,0.0,8.8,72,1006.5,2
Delhi,2010-10-06,31.5,20.6,26.4,0.0,0.0,8.2,74,1006.6,2
Delhi,2010-10-07,31.2,21.5,26.9,0.0,0.0,7.1,74,1006.0,9
Delhi,2010-10-08,31.7,21.6,26.6,0.0,0.0,7.2,74,1004.9,4
Delhi,2010-10-09,32.1,21.6,26.9,0.0,0.0,12.9,74,1002.4,5
Delhi,2010-10-10,32.0,21.0,26.3,0.0,0.0,14.0,67,1002.2,0
Delhi,2010-10-11,32.2,19.4,25.8,0.0,0.0,13.2,66,1006.3,0
Delhi,2010-10-12,32.8,19.2,25.8,0.0,0.0,14.3,63,1009.5,4
Delhi,2010-10-13,32.5,20.1,25.9,0.0,0.0,18.1,64,1009.1,0
Delhi,2010-10-14,32.7,20.2,26.3,0.0,0.0,13.9,65,1007.1,0
Delhi,2010-10-15,32.5,20.0,26.4,0.0,0.0,9.4,67,1007.1,0
Delhi,2010-10-16,32.6,20.4,26.4,0.0,0.0,9.4,68,1007.0,5
Delhi,2010-10-17,31.1,23.0,26.8,0.0,0.0,13.6,72,1007.8,9
Delhi,2010-10-18,31.3,22.9,26.9,0.0,0.0,10.9,72,1009.2,13
Delhi,2010-10-19,31.7,23.6,27.1,0.1,0.1,7.6,74,1009.2,9
Delhi,2010-10-20,31.9,21.9,26.8,0.0,0.0,9.0,69,1008.5,8
Delhi,2010-10-21,32.4,22.9,26.9,0.0,0.0,15.1,64,1005.1,3
Delhi,2010-10-22,32.0,20.4,25.1,1.9,1.9,18.0,70,1002.6,18
Delhi,2010-10-23,30.7,20.4,24.7,0.0,0.0,15.5,68,1005.3,7
Delhi,2010-10-24,29.6,17.1,22.8,0.0,0.0,13.2,60,1007.9,0
Delhi,2010-10-25,29.5,14.8,21.9,0.0,0.0,10.5,52,1010.2,0
Delhi,2010-10-26,29.9,16.0,22.6,0.0,0.0,9.6,55,1012.3,4
Delhi,2010-10-27,29.6,15.8,22.4,0.0,0.0,11.6,53,1013.3,2
Delhi,2010-10-28,29.4,15.7,22.1,0.0,0.0,13.8,52,1012.9,0
Delhi,2010-10-29,28.7,15.0,21.8,0.0,0.0,10.2,56,1013.7,37
Delhi,2010-10-30,28.6,16.3,22.9,0.0,0.0,9.4,56,1015.4,19
Delhi,2010-10-31,29.1,15.7,22.6,0.0,0.0,12.3,61,1015.2,2
Delhi,2010-11-01,28.9,15.6,22.3,0.0,0.0,9.3,63,1012.5,0
Delhi,2010-11-02,29.0,15.4,22.2,0.0,0.0,9.2,62,1013.2,0
Delhi,2010-11-03,29.3,15.1,22.2,0.0,0.0,12.0,61,1014.9,0
Delhi,2010-11-04,29.4,15.3,22.5,0.0,0.0,11.3,60,1014.4,0
Delhi,2010-11-05,29.1,17.8,23.0,0.0,0.0,9.7,63,1013.6,0
Delhi,2010-11-06,29.0,15.7,22.6,0.0,0.0,7.8,67,1012.7,13
Delhi,2010-11-07,29.0,16.1,22.6,0.0,0.0,8.7,66,1013.2,1
Delhi,2010-11-08,29.1,16.6,23.3,0.0,0.0,9.1,64,1014.7,31
Delhi,2010-11-09,29.4,17.2,23.5,0.0,0.0,9.2,67,1016.5,42
Delhi,2010-11-10,29.3,17.2,22.7,0.0,0.0,13.8,60,1014.9,21
Delhi,2010-11-11,28.4,15.8,21.9,0.0,0.0,7.9,59,1012.3,15
Delhi,2010-11-12,27.8,17.4,22.6,0.0,0.0,7.9,64,1009.3,17
Delhi,2010-11-13,26.8,18.4,22.0,5.5,5.5,9.0,69,1010.0,23
Delhi,2010-11-14,28.4,18.4,22.7,1.3,1.3,9.9,73,1014.2,20
Delhi,2010-11-15,28.3,19.1,23.1,0.9,0.9,8.0,68,1015.1,31
Delhi,2010-11-16,25.4,18.7,21.6,4.4,4.4,10.9,73,1013.5,47
Delhi,2010-11-17,26.8,18.4,21.6,1.4,1.4,10.5,83,1013.5,69
Delhi,2010-11-18,26.0,16.9,20.9,1.1,1.1,9.0,86,1014.3,34
Delhi,2010-11-19,26.5,16.0,20.3,0.0,0.0,13.5,67,1013.2,4
Delhi,2010-11-20,25.2,13.2,18.8,0.0,0.0,16.9,55,1011.0,0
Delhi,2010-11-21,26.5,13.4,19.1,0.0,0.0,19.4,54,1009.6,2
Delhi,2010-11-22,24.1,11.4,18.3,0.0,0.0,8.5,65,1011.4,82
Delhi,2010-11-23,23.7,15.3,18.7,0.2,0.2,9.5,69,1012.9,65
Delhi,2010-11-24,21.9,15.4,18.3,4.8,4.8,7.0,79,1013.4,60
Delhi,2010-11-25,24.0,15.5,19.5,0.0,0.0,8.2,82,1013.6,68
Delhi,2010-11-26,25.1,15.8,19.8,0.0,0.0,12.2,73,1012.5,22
Delhi,2010-11-27,25.2,14.0,18.6,0.0,0.0,11.8,53,1011.9,5
Delhi,2010-11-28,24.3,11.8,17.6,0.0,0.0,10.1,52,1014.1,1
Delhi,2010-11-29,24.1,10.8,17.0,0.0,0.0,12.3,55,1015.4,0
Delhi,2010-11-30,23.7,11.2,16.7,0.0,0.0,14.7,56,1013.3,0
Delhi,2010-12-01,23.0,9.7,16.3,0.0,0.0,8.0,58,1013.5,0
Delhi,2010-12-02,22.8,8.7,15.6,0.0,0.0,9.9,65,1015.2,0
Delhi,2010-12-03,22.4,8.8,15.3,0.0,0.0,9.8,70,1016.1,0
Delhi,2010-12-04,22.2,8.6,15.2,0.0,0.0,9.2,70,1014.7,0
Delhi,2010-12-05,22.3,8.6,15.5,0.0,0.0,10.3,70,1013.7,0
Delhi,2010-12-06,22.0,9.1,15.9,0.0,0.0,10.4,67,1014.8,0
Delhi,2010-12-07,22.2,8.2,15.2,0.0,0.0,10.2,72,1014.7,0
Delhi,2010-12-08,22.6,9.2,15.6,0.0,0.0,9.2,72,1012.2,0
Delhi,2010-12-09,22.1,11.6,16.1,0.0,0.0,10.1,64,1011.0,36
Delhi,2010-12-10,20.8,9.9,14.7,0.0,0.0,10.5,57,1010.4,15
Delhi,2010-12-11,20.6,8.0,14.0,0.0,0.0,12.0,57,1009.5,1
Delhi,2010-12-12,22.3,10.3,15.3,0.0,0.0,18.3,55,1007.8,0
Delhi,2010-12-13,22.4,7.1,14.9,0.0,0.0,9.1,59,1011.6,0
Delhi,2010-12-14,22.4,7.2,14.5,0.0,0.0,11.4,60,1014.2,0
Delhi,2010-12-15,22.3,7.8,14.6,0.0,0.0,13.0,60,1014.2,0
Delhi,2010-12-16,22.5,6.9,14.6,0.0,0.0,9.4,67,1014.5,0
Delhi,2010-12-17,23.4,10.2,16.2,0.0,0.0,7.1,65,1014.5,0
Delhi,2010-12-18,21.9,7.9,14.6,0.0,0.0,14.4,71,1014.8,0
Delhi,2010-12-19,21.8,8.7,14.4,0.0,0.0,11.9,64,1018.2,0
Delhi,2010-12-20,22.3,8.9,14.5,0.0,0.0,19.5,52,1017.9,0
Delhi,2010-12-21,21.8,8.7,14.6,0.0,0.0,11.5,62,1014.5,0
Delhi,2010-12-22,22.1,7.2,14.1,0.0,0.0,10.6,64,1010.2,0
Delhi,2010-12-23,22.7,8.6,15.0,0.0,0.0,12.3,64,1010.8,0
Delhi,2010-12-24,22.2,8.7,15.1,0.0,0.0,9.7,69,1013.3,0
Delhi,2010-12-25,20.9,8.4,14.3,0.0,0.0,9.6,72,1013.6,10
Delhi,2010-12-26,20.0,7.3,13.5,0.0,0.0,8.4,74,1014.7,2
Delhi,2010-12-27,20.8,6.8,13.3,0.0,0.0,9.5,70,1015.4,0
Delhi,2010-12-28,18.6,7.6,13.2,0.4,0.4,8.9,76,1015.8,36
Delhi,2010-12-29,22.2,10.4,15.4,0.2,0.2,8.4,79,1014.8,34
Delhi,2010-12-30,20.5,13.0,15.9,10.9,10.9,15.2,87,1012.4,67
Delhi,2010-12-31,17.7,10.1,13.9,0.3,0.3,16.6,82,1013.0,49
Delhi,2011-01-01,16.6,6.7,11.4,0.0,0.0,15.8,81,1015.3,2
Delhi,2011-01-02,16.4,6.9,11.1,0.0,0.0,16.5,81,1015.5,27
Delhi,2011-01-03,14.8,6.1,10.0,0.0,0.0,11.0,85,1018.2,37
Delhi,2011-01-04,14.8,5.2,9.3,0.0,0.0,11.5,81,1017.8,17
Delhi,2011-01-05,15.4,5.5,9.4,0.0,0.0,14.5,83,1016.8,28
Delhi,2011-01-06,15.4,4.2,9.0,0.0,0.0,11.8,84,1017.9,31
Delhi,2011-01-07,17.5,4.5,10.2,0.0,0.0,9.6,79,1016.3,4
Delhi,2011-01-08,16.8,4.0,9.3,0.0,0.0,9.8,87,1014.2,37
Delhi,2011-01-09,15.7,5.6,9.8,0.0,0.0,12.3,81,1015.5,18
Delhi,2011-01-10,17.8,5.3,10.7,0.0,0.0,18.7,80,1015.4,22
Delhi,2011-01-11,19.3,6.9,12.1,0.0,0.0,18.6,71,1013.3,6
Delhi,2011-01-12,20.3,6.1,12.7,0.0,0.0,10.9,73,1012.2,0
Delhi,2011-01-13,22.7,7.3,14.4,0.0,0.0,10.2,73,1012.0,18
Delhi,2011-01-14,22.6,10.3,16.0,0.3,0.3,12.5,74,1010.9,31
Delhi,2011-01-15,19.7,8.8,13.4,0.0,0.0,16.7,61,1013.2,1
Delhi,2011-01-16,17.1,7.4,11.5,0.0,0.0,23.0,67,1015.2,28
Delhi,2011-01-17,18.8,7.3,12.2,0.0,0.0,18.5,55,1012.6,13
Delhi,2011-01-18,20.4,5.3,12.3,0.0,0.0,10.0,64,1012.5,1
Delhi,2011-01-19,19.4,6.8,12.3,0.0,0.0,18.7,60,1013.1,0
Delhi,2011-01-20,19.8,5.9,12.6,0.0,0.0,11.7,58,1015.7,82
Delhi,2011-01-21,22.1,6.4,14.0,0.0,0.0,12.1,65,1015.8,20
Delhi,2011-01-22,22.3,8.9,14.7,0.0,0.0,11.1,67,1015.5,76
Delhi,2011-01-23,22.3,9.7,15.1,0.0,0.0,9.6,65,1017.1,53
Delhi,2011-01-24,21.0,9.1,14.2,0.0,0.0,13.6,59,1017.6,47
Delhi,2011-01-25,21.4,6.2,13.7,0.0,0.0,10.6,58,1017.5,8
Delhi,2011-01-26,22.2,11.1,15.5,0.0,0.0,12.4,54,1019.7,19
Delhi,2011-01-27,19.7,7.1,13.1,0.0,0.0,14.6,66,1019.6,42
Delhi,2011-01-28,20.5,5.8,13.0,0.0,0.0,9.8,62,1016.9,12
Delhi,2011-01-29,21.0,6.0,13.8,0.0,0.0,10.0,63,1014.9,18
Delhi,2011-01-30,22.4,8.4,14.9,0.6,0.6,9.4,66,1016.5,17
Delhi,2011-01-31,22.0,8.9,15.2,0.0,0.0,15.2,67,1017.7,2
Delhi,2011-02-01,22.3,9.1,15.2,0.0,0.0,16.4,62,1016.9,2
Delhi,2011-02-02,24.1,9.0,16.2,0.0,0.0,12.2,61,1016.7,0
Delhi,2011-02-03,24.9,9.1,16.9,0.0,0.0,10.1,65,1016.3,0
Delhi,2011-02-04,26.9,9.9,18.0,0.0,0.0,10.6,67,1015.1,2
Delhi,2011-02-05,28.7,12.3,20.1,0.0,0.0,10.5,64,1012.3,15
Delhi,2011-02-06,27.2,14.6,20.6,0.0,0.0,14.5,65,1011.3,60
Delhi,2011-02-07,27.1,14.9,20.6,2.3,2.3,14.6,64,1009.2,61
Delhi,2011-02-08,23.7,12.1,16.6,0.0,0.0,14.1,74,1011.3,25
Delhi,2011-02-09,22.9,9.2,15.3,0.0,0.0,14.9,64,1011.5,0
Delhi,2011-02-10,23.5,8.9,15.7,0.0,0.0,13.3,60,1013.2,3
Delhi,2011-02-11,24.6,9.5,16.7,0.0,0.0,16.1,59,1014.8,34
Delhi,2011-02-12,27.1,11.7,18.9,0.0,0.0,12.8,54,1011.8,86
Delhi,2011-02-13,27.7,12.4,20.6,0.0,0.0,10.8,58,1009.3,60
Delhi,2011-02-14,23.6,16.4,19.3,0.0,0.0,13.8,57,1009.4,84
Delhi,2011-02-15,19.1,13.8,16.0,21.6,21.6,15.2,85,1010.5,79
Delhi,2011-02-16,20.0,12.2,15.7,17.8,17.8,10.2,81,1012.2,60
Delhi,2011-02-17,20.3,10.5,14.6,0.0,0.0,14.8,80,1014.9,52
Delhi,2011-02-18,20.6,9.0,14.4,0.0,0.0,13.1,71,1014.0,7
Delhi,2011-02-19,21.6,8.3,15.1,0.0,0.0,9.4,69,1016.0,12
Delhi,2011-02-20,22.8,9.3,15.6,2.9,2.9,16.3,74,1016.7,34
Delhi,2011-02-21,20.4,10.1,14.5,0.0,0.0,10.7,82,1018.3,21
Delhi,2011-02-22,21.6,9.8,15.4,0.0,0.0,9.2,75,1016.4,42
Delhi,2011-02-23,22.9,10.1,17.3,0.0,0.0,8.7,70,1015.7,33
Delhi,2011-02-24,23.1,12.4,17.4,0.6,0.6,11.0,73,1014.2,51
Delhi,2011-02-25,23.1,10.7,17.2,0.0,0.0,8.4,66,1012.2,40
Delhi,2011-02-26,20.9,12.6,16.4,1.3,1.3,10.2,69,1014.3,38
Delhi,2011-02-27,22.9,10.0,16.4,0.0,0.0,12.4,65,1018.2,14
Delhi,2011-02-28,23.5,10.1,16.7,0.0,0.0,13.7,59,1017.5,28
Delhi,2011-03-01,23.7,10.6,16.9,0.2,0.2,18.7,65,1015.2,69
Delhi,2011-03-02,24.5,11.9,18.3,0.0,0.0,8.6,69,1013.4,58
Delhi,2011-03-03,24.8,13.9,19.1,1.6,1.6,10.0,72,1013.0,56
Delhi,2011-03-04,24.9,14.3,18.9,3.2,3.2,13.6,76,1013.1,35
Delhi,2011-03-05,26.5,12.8,19.1,0.0,0.0,14.0,71,1013.6,12
Delhi,2011-03-06,26.5,12.8,19.0,0.0,0.0,19.4,61,1015.9,11
Delhi,2011-03-07,27.7,12.9,19.7,0.0,0.0,18.9,53,1015.8,4
Delhi,2011-03-08,27.3,15.6,20.6,0.0,0.0,15.5,56,1012.0,53
Delhi,2011-03-09,26.3,13.4,19.8,0.0,0.0,13.3,59,1011.1,7
Delhi,2011-03-10,25.1,12.6,19.4,0.0,0.0,10.5,53,1014.2,17
Delhi,2011-03-11,27.5,12.5,19.7,0.0,0.0,15.0,53,1013.7,0
Delhi,2011-03-12,28.2,12.4,20.4,0.0,0.0,17.1,52,1012.5,0
Delhi,2011-03-13,29.7,12.8,21.3,0.0,0.0,13.7,55,1011.2,0
Delhi,2011-03-14,30.4,13.1,22.3,0.0,0.0,14.5,58,1010.4,0
Delhi,2011-03-15,31.2,17.7,24.4,0.0,0.0,10.4,55,1011.9,0
Delhi,2011-03-16,31.7,15.7,24.1,0.0,0.0,14.0,59,1009.6,0
Delhi,2011-03-17,33.2,16.4,25.2,0.0,0.0,13.0,60,1007.1,38
Delhi,2011-03-18,34.0,17.8,25.7,0.0,0.0,13.5,59,1003.9,71
Delhi,2011-03-19,33.7,18.6,25.8,0.0,0.0,10.8,40,1001.2,84
Delhi,2011-03-20,32.7,17.0,24.9,0.0,0.0,14.6,37,1002.6,18
Delhi,2011-03-21,30.6,16.4,23.4,0.0,0.0,15.1,44,1007.6,50
Delhi,2011-03-22,32.0,14.4,23.3,0.0,0.0,11.5,44,1008.3,12
Delhi,2011-03-23,33.1,16.2,24.5,1.1,1.1,10.4,44,1008.8,26
Delhi,2011-03-24,32.2,17.7,25.4,0.1,0.1,10.4,45,1008.9,14
Delhi,2011-03-25,32.7,17.2,25.0,0.0,0.0,12.0,45,1009.5,0
Delhi,2011-03-26,34.0,18.0,26.1,0.0,0.0,17.9,41,1009.2,0
Delhi,2011-03-27,35.4,17.6,26.9,0.0,0.0,13.5,42,1007.9,0
Delhi,2011-03-28,35.4,20.5,27.6,0.0,0.0,15.0,41,1006.2,2
Delhi,2011-03-29,32.0,19.6,26.3,0.0,0.0,19.9,53,1007.2,18
Delhi,2011-03-30,32.4,18.7,25.2,3.5,3.5,19.7,54,1009.5,11
Delhi,2011-03-31,32.1,17.6,24.8,0.0,0.0,12.6,42,1008.9,0
Delhi,2011-04-01,32.9,17.4,25.2,0.0,0.0,16.9,42,1008.0,19
Delhi,2011-04-02,32.4,18.8,25.6,0.7,0.7,14.7,37,1008.6,29
Delhi,2011-04-03,31.2,19.5,25.1,0.2,0.2,13.3,33,1009.8,28
Delhi,2011-04-04,31.2,16.1,23.9,0.0,0.0,11.6,30,1011.2,0
Delhi,2011-04-05,34.1,15.3,25.0,0.0,0.0,13.7,33,1010.9,4
Delhi,2011-04-06,33.9,16.9,25.4,0.0,0.0,10.8,30,1010.5,42
Delhi,2011-04-07,33.7,18.9,25.7,0.0,0.0,17.7,31,1010.8,41
Delhi,2011-04-08,32.9,17.4,25.5,0.0,0.0,14.1,38,1010.7,29
Delhi,2011-04-09,33.7,17.9,26.2,0.0,0.0,11.8,33,1010.9,24
Delhi,2011-04-10,33.2,19.9,26.6,0.0,0.0,14.1,36,1013.1,80
Delhi,2011-04-11,34.7,20.7,27.6,1.0,1.0,8.8,40,1010.3,84
Delhi,2011-04-12,33.5,20.5,26.8,1.4,1.4,12.6,50,1008.9,36
Delhi,2011-04-13,33.4,19.3,26.5,0.4,0.4,8.8,50,1009.4,8
Delhi,2011-04-14,34.2,19.5,26.9,0.0,0.0,10.2,46,1008.1,13
Delhi,2011-04-15,35.2,19.1,27.9,0.0,0.0,9.5,40,1006.6,49
Delhi,2011-04-16,35.5,20.7,29.1,0.0,0.0,11.8,39,1007.9,73
Delhi,2011-04-17,35.0,22.3,27.5,9.9,9.9,16.1,56,1008.1,81
Delhi,2011-04-18,32.6,20.1,26.2,0.0,0.0,14.8,56,1007.5,15
Delhi,2011-04-19,33.4,18.6,26.3,0.0,0.0,13.8,46,1007.3,10
Delhi,2011-04-20,33.6,17.8,26.2,0.0,0.0,11.6,39,1007.9,7
Delhi,2011-04-21,35.1,18.8,27.2,0.0,0.0,16.5,31,1007.9,10
Delhi,2011-04-22,35.5,18.1,27.6,0.0,0.0,17.7,29,1007.6,7
Delhi,2011-04-23,36.4,20.3,28.8,0.0,0.0,10.5,32,1005.9,6
Delhi,2011-04-24,38.0,20.2,29.9,0.0,0.0,12.3,29,1004.4,25
Delhi,2011-04-25,39.8,21.9,31.7,0.0,0.0,12.3,26,1003.6,19
Delhi,2011-04-26,36.4,23.2,30.0,0.0,0.0,24.9,34,1006.2,0
Delhi,2011-04-27,36.0,23.7,30.0,0.0,0.0,13.5,44,1006.0,8
Delhi,2011-04-28,39.0,24.2,31.9,0.0,0.0,14.1,36,1002.8,11
Delhi,2011-04-29,40.7,22.9,32.5,0.0,0.0,19.9,28,1002.2,30
Delhi,2011-04-30,40.0,24.1,32.4,0.0,0.0,16.8,27,1003.8,23
Delhi,2011-05-01,40.7,23.5,32.5,0.0,0.0,21.4,22,1003.8,9
Delhi,2011-05-02,40.4,24.5,32.5,0.0,0.0,16.5,22,1001.4,3
Delhi,2011-05-03,41.1,24.0,32.8,0.0,0.0,17.2,27,1000.2,9
Delhi,2011-05-04,40.1,27.7,33.7,0.0,0.0,14.2,29,1001.9,15
Delhi,2011-05-05,38.5,26.6,32.8,0.0,0.0,15.6,35,1003.8,27
Delhi,2011-05-06,38.0,26.5,30.5,3.3,3.3,18.6,50,1004.0,16
Delhi,2011-05-07,36.3,23.6,30.0,0.0,0.0,17.6,49,1003.8,13
Delhi,2011-05-08,38.5,22.5,31.2,0.0,0.0,15.8,36,1001.5,15
Delhi,2011-05-09,40.5,23.8,32.5,0.0,0.0,14.7,29,1000.0,1
Delhi,2011-05-10,41.6,26.0,33.7,0.0,0.0,23.7,26,999.7,13
Delhi,2011-05-11,42.2,24.2,33.9,0.0,0.0,20.2,25,999.5,10
Delhi,2011-05-12,42.1,28.8,34.7,1.7,1.7,19.0,26,999.6,17
Delhi,2011-05-13,40.0,25.6,33.1,0.2,0.2,16.8,32,1002.7,19
Delhi,2011-05-14,40.5,24.3,32.8,0.0,0.0,11.2,30,1002.1,28
Delhi,2011-05-15,41.9,24.2,33.7,0.0,0.0,10.3,26,1003.5,9
Delhi,2011-05-16,42.2,27.1,34.5,0.0,0.0,9.2,27,1005.7,13
Delhi,2011-05-17,43.1,26.8,34.7,0.0,0.0,14.4,26,1005.0,7
Delhi,2011-05-18,42.5,28.3,34.9,0.0,0.0,12.3,25,1002.2,12
Delhi,2011-05-19,42.8,26.5,34.3,0.7,0.7,20.2,41,999.0,39
Delhi,2011-05-20,38.5,25.8,31.9,1.8,1.8,21.1,57,997.7,29
Delhi,2011-05-21,36.5,27.5,31.3,0.0,0.0,16.7,58,997.8,44
Delhi,2011-05-22,34.2,26.9,30.5,0.7,0.7,13.2,62,1001.8,35
Delhi,2011-05-23,38.0,25.1,31.3,0.0,0.0,20.6,56,1002.7,14
Delhi,2011-05-24,40.1,25.5,33.2,0.0,0.0,19.3,44,1000.7,23
Delhi,2011-05-25,41.1,29.1,33.6,1.8,1.8,16.6,43,1000.4,40
Delhi,2011-05-26,39.6,26.9,33.0,0.5,0.5,14.5,52,1002.7,40
Delhi,2011-05-27,37.2,26.4,32.0,0.0,0.0,12.0,56,1004.7,13
Delhi,2011-05-28,38.6,25.9,32.5,0.0,0.0,17.4,50,1002.7,9
Delhi,2011-05-29,40.1,26.6,33.9,0.0,0.0,10.3,41,1001.8,15
Delhi,2011-05-30,40.4,26.7,33.5,0.4,0.4,12.4,48,1000.8,10
Delhi,2011-05-31,39.9,27.3,32.9,2.4,2.4,19.5,49,997.5,19
Delhi,2011-06-01,36.5,27.9,31.8,2.7,2.7,22.7,56,999.1,12
Delhi,2011-06-02,35.3,24.9,30.6,0.1,0.1,22.2,57,1003.0,24
Delhi,2011-06-03,38.3,25.3,31.9,0.0,0.0,14.3,51,1003.4,2
Delhi,2011-06-04,39.0,24.0,32.1,0.0,0.0,14.0,39,1001.2,0
Delhi,2011-06-05,40.9,25.5,33.8,0.0,0.0,10.9,39,999.7,2
Delhi,2011-06-06,42.2,28.4,35.4,0.0,0.0,13.9,37,999.9,3
Delhi,2011-06-07,41.9,29.7,35.5,0.0,0.0,22.2,38,998.1,7
Delhi,2011-06-08,39.2,28.8,33.6,0.8,0.8,23.1,49,997.5,9
Delhi,2011-06-09,38.4,28.7,32.8,0.1,0.1,19.1,53,996.9,11
Delhi,2011-06-10,37.9,26.7,32.4,0.0,0.0,14.9,55,997.6,27
Delhi,2011-06-11,40.8,28.3,34.0,0.0,0.0,14.8,47,995.9,17
Delhi,2011-06-12,40.1,29.3,34.1,0.0,0.0,15.6,50,998.2,9
Delhi,2011-06-13,40.2,29.1,34.6,1.5,1.5,14.8,49,998.7,8
Delhi,2011-06-14,41.0,29.8,35.4,0.0,0.0,15.3,44,996.7,16
Delhi,2011-06-15,35.9,29.5,32.2,2.0,2.0,14.1,61,997.6,41
Delhi,2011-06-16,38.5,26.8,32.7,1.2,1.2,15.5,58,995.7,45
Delhi,2011-06-17,37.8,28.6,32.7,1.2,1.2,11.8,57,995.0,43
Delhi,2011-06-18,36.7,27.6,32.1,0.7,0.7,11.1,65,996.3,52
Delhi,2011-06-19,37.3,27.2,32.0,0.1,0.1,13.8,64,995.6,25
Delhi,2011-06-20,36.1,27.8,31.9,0.1,0.1,13.2,63,997.1,32
Delhi,2011-06-21,36.2,28.2,31.6,3.4,3.4,11.5,68,997.3,29
Delhi,2011-06-22,37.0,28.9,32.7,1.0,1.0,11.8,61,996.1,87
Delhi,2011-06-23,36.7,28.8,32.6,2.0,2.0,17.9,61,995.5,78
Delhi,2011-06-24,37.0,28.7,33.0,0.0,0.0,10.6,59,995.0,38
Delhi,2011-06-25,35.8,27.2,31.2,15.1,15.1,12.2,71,994.7,83
Delhi,2011-06-26,31.5,26.8,28.7,5.9,5.9,9.7,82,996.7,97
Delhi,2011-06-27,30.5,26.6,27.9,16.8,16.8,7.7,83,996.4,98
Delhi,2011-06-28,32.1,25.7,28.5,6.2,6.2,15.9,83,995.9,87
Delhi,2011-06-29,29.8,25.8,27.6,4.9,4.9,16.5,84,996.7,89
Delhi,2011-06-30,33.3,25.5,28.5,4.9,4.9,12.9,81,997.0,82
Delhi,2011-07-01,33.7,25.8,29.6,0.9,0.9,22.4,75,997.6,50
Delhi,2011-07-02,34.9,26.4,30.5,0.4,0.4,23.7,68,997.7,24
Delhi,2011-07-03,36.4,27.3,31.6,0.0,0.0,16.6,61,998.2,28
Delhi,2011-07-04,36.5,27.2,31.8,0.0,0.0,14.5,62,1000.5,61
Delhi,2011-07-05,35.9,27.9,31.6,0.2,0.2,14.2,67,1001.5,50
Delhi,2011-07-06,32.3,26.9,29.1,3.2,3.2,14.1,77,1002.2,78
Delhi,2011-07-07,32.6,25.9,28.9,8.1,8.1,14.1,81,1001.2,75
Delhi,2011-07-08,32.8,26.1,28.5,7.4,7.4,15.7,83,1002.8,62
Delhi,2011-07-09,32.3,25.4,28.0,9.6,9.6,11.8,84,1001.3,72
Delhi,2011-07-10,31.1,24.7,27.4,16.7,16.7,9.4,85,999.7,82
Delhi,2011-07-11,32.5,25.1,28.6,1.6,1.6,7.0,81,998.9,94
Delhi,2011-07-12,33.8,26.1,29.5,0.4,0.4,10.5,81,997.9,94
Delhi,2011-07-13,31.5,26.5,28.9,3.3,3.3,13.5,83,997.9,99
Delhi,2011-07-14,32.7,25.4,28.2,14.8,14.8,13.1,85,997.5,86
Delhi,2011-07-15,30.0,25.1,27.3,19.0,19.0,13.0,88,997.8,95
Delhi,2011-07-16,31.0,24.6,27.5,2.2,2.2,11.9,85,998.1,95
Delhi,2011-07-17,29.7,24.8,26.8,5.6,5.6,18.3,88,997.7,74
Delhi,2011-07-18,30.3,24.9,27.0,4.4,4.4,12.4,87,996.8,98
Delhi,2011-07-19,32.9,25.5,29.2,0.5,0.5,7.9,81,994.8,86
Delhi,2011-07-20,33.9,27.0,30.5,0.5,0.5,16.0,80,993.6,100
Delhi,2011-07-21,30.1,26.2,28.0,0.0,0.0,14.7,86,996.1,99
Delhi,2011-07-22,32.8,26.9,29.4,3.4,3.4,8.4,79,996.1,96
Delhi,2011-07-23,31.3,26.4,28.3,3.4,3.4,13.4,82,997.8,96
Delhi,2011-07-24,31.1,26.2,28.3,0.1,0.1,18.0,77,1000.6,98
Delhi,2011-07-25,31.5,26.0,28.6,0.1,0.1,19.1,79,1004.0,93
Delhi,2011-07-26,33.8,26.5,29.9,0.0,0.0,8.7,79,1004.4,73
Delhi,2011-07-27,31.6,27.8,28.9,10.1,10.1,11.4,85,1001.7,98
Delhi,2011-07-28,31.9,26.2,28.2,19.4,19.4,12.6,88,1000.0,98
Delhi,2011-07-29,31.6,25.0,27.5,18.9,18.9,8.2,89,1000.3,91
Delhi,2011-07-30,32.8,25.3,28.8,11.8,11.8,7.9,85,998.7,81
Delhi,2011-07-31,34.2,26.2,29.7,3.0,3.0,11.6,82,997.1,84
Delhi,2011-08-01,33.1,25.4,29.4,5.6,5.6,11.9,81,997.1,84
Delhi,2011-08-02,34.6,27.5,30.9,0.6,0.6,12.7,74,997.1,89
Delhi,2011-08-03,33.1,27.1,29.8,2.2,2.2,10.9,80,998.0,84
Delhi,2011-08-04,32.6,26.1,29.0,1.7,1.7,10.2,83,998.6,71
Delhi,2011-08-05,33.0,26.1,29.0,6.5,6.5,13.8,84,997.3,86
Delhi,2011-08-06,31.0,25.5,27.5,19.5,19.5,6.6,90,997.1,99
Delhi,2011-08-07,32.5,26.1,28.6,4.0,4.0,12.4,85,997.0,96
Delhi,2011-08-08,31.7,26.3,28.3,12.4,12.4,19.1,83,998.0,79
Delhi,2011-08-09,31.6,26.6,28.7,0.1,0.1,28.7,74,997.8,67
Delhi,2011-08-10,30.2,25.1,27.4,3.2,3.2,24.3,83,998.2,95
Delhi,2011-08-11,30.5,25.6,27.2,7.3,7.3,14.6,88,998.3,98
Delhi,2011-08-12,28.3,24.4,26.1,17.4,17.4,18.9,90,998.0,100
Delhi,2011-08-13,31.6,24.5,27.6,6.7,6.7,16.0,85,998.7,88
Delhi,2011-08-14,29.4,24.9,27.1,5.4,5.4,22.6,85,1000.8,88
Delhi,2011-08-15,28.7,24.4,25.7,18.1,18.1,20.8,92,998.4,100
Delhi,2011-08-16,28.8,24.2,25.9,24.8,24.8,16.3,90,999.3,100
Delhi,2011-08-17,31.3,24.0,27.1,2.4,2.4,18.1,84,999.9,67
Delhi,2011-08-18,31.6,24.0,27.2,6.1,6.1,14.1,85,1001.1,37
Delhi,2011-08-19,30.6,24.3,26.7,9.1,9.1,13.2,87,1002.5,71
Delhi,2011-08-20,29.8,24.9,26.9,6.3,6.3,20.6,86,1004.4,83
Delhi,2011-08-21,32.3,25.6,28.8,0.6,0.6,9.0,79,1004.3,35
Delhi,2011-08-22,33.2,26.5,29.7,0.3,0.3,6.6,79,1003.4,73
Delhi,2011-08-23,31.9,25.5,28.5,26.8,26.8,11.8,89,1002.7,100
Delhi,2011-08-24,29.6,25.5,26.9,11.2,11.2,12.8,88,1002.8,98
Delhi,2011-08-25,32.0,24.7,28.2,1.5,1.5,8.6,86,1003.1,51
Delhi,2011-08-26,31.8,24.9,28.2,4.8,4.8,7.2,85,1003.3,85
Delhi,2011-08-27,31.4,25.1,27.8,4.6,4.6,11.9,86,1002.7,95
Delhi,2011-08-28,32.7,26.5,29.3,0.0,0.0,12.6,80,1002.1,71
Delhi,2011-08-29,33.1,26.2,29.5,0.0,0.0,13.6,79,1003.0,35
Delhi,2011-08-30,32.6,26.4,29.4,0.1,0.1,14.0,78,1003.3,28
Delhi,2011-08-31,33.1,26.6,29.6,0.6,0.6,11.6,79,1002.4,21
Delhi,2011-09-01,33.0,26.8,29.5,0.8,0.8,12.7,79,1001.3,33
Delhi,2011-09-02,32.7,25.9,29.2,0.0,0.0,11.2,76,1000.6,19
Delhi,2011-09-03,31.7,26.7,28.6,1.3,1.3,25.8,77,1000.5,79
Delhi,2011-09-04,30.1,25.0,26.8,21.8,21.8,21.7,88,1001.9,99
Delhi,2011-09-05,31.3,24.6,27.0,16.7,16.7,14.6,88,1002.2,98
Delhi,2011-09-06,30.3,25.3,27.0,13.8,13.8,8.9,89,1000.8,99
Delhi,2011-09-07,31.9,25.6,27.9,6.1,6.1,7.9,88,999.1,79
Delhi,2011-09-08,31.5,25.2,27.7,8.1,8.1,9.8,86,999.3,85
Delhi,2011-09-09,28.3,25.0,26.3,14.0,14.0,11.4,92,1002.9,100
Delhi,2011-09-10,31.7,25.0,27.8,2.4,2.4,9.5,87,1003.9,72
Delhi,2011-09-11,31.6,26.3,27.9,3.0,3.0,16.6,82,1002.6,63
Delhi,2011-09-12,30.3,25.5,27.3,7.5,7.5,20.9,85,1002.5,68
Delhi,2011-09-13,32.0,25.5,28.6,0.2,0.2,9.7,80,1002.9,29
Delhi,2011-09-14,32.6,25.2,28.7,1.1,1.1,12.7,83,1001.6,47
Delhi,2011-09-15,31.2,25.6,27.6,9.5,9.5,11.6,87,1001.8,90
Delhi,2011-09-16,30.9,23.8,26.5,12.2,12.2,8.7,87,1002.3,69
Delhi,2011-09-17,31.3,23.7,27.3,2.1,2.1,16.5,84,1001.5,20
Delhi,2011-09-18,30.9,24.8,27.4,1.1,1.1,17.0,82,1002.2,25
Delhi,2011-09-19,31.7,24.4,27.6,0.1,0.1,13.4,81,1005.1,15
Delhi,2011-09-20,31.5,24.7,27.8,0.0,0.0,18.4,78,1005.9,12
Delhi,2011-09-21,31.9,23.8,27.5,0.0,0.0,16.9,75,1004.2,8
Delhi,2011-09-22,31.4,23.3,27.0,0.0,0.0,12.3,77,1004.8,7
Delhi,2011-09-23,31.4,23.1,27.2,0.0,0.0,18.8,73,1004.3,7
Delhi,2011-09-24,32.2,22.4,26.8,0.0,0.0,19.7,69,1004.6,0
Delhi,2011-09-25,32.1,21.3,26.4,0.0,0.0,15.1,72,1006.2,5
Delhi,2011-09-26,32.1,22.8,26.8,0.0,0.0,20.0,69,1006.4,3
Delhi,2011-09-27,32.2,23.1,27.1,0.4,0.4,17.2,71,1005.8,7
Delhi,2011-09-28,32.1,23.3,27.0,0.0,0.0,19.3,69,1005.9,3
Delhi,2011-09-29,32.2,23.0,26.9,0.0,0.0,19.2,67,1006.5,0
Delhi,2011-09-30,32.2,21.9,26.3,0.0,0.0,17.1,64,1007.6,0
Delhi,2011-10-01,32.1,22.4,26.7,0.0,0.0,20.2,64,1006.3,1
Delhi,2011-10-02,32.4,22.8,26.8,0.0,0.0,18.1,63,1005.4,0
Delhi,2011-10-03,32.2,22.1,26.8,0.0,0.0,13.1,65,1005.8,1
Delhi,2011-10-04,32.3,22.7,26.8,0.0,0.0,14.3,63,1006.9,1
Delhi,2011-10-05,32.4,21.3,27.1,0.0,0.0,8.6,68,1010.0,5
Delhi,2011-10-06,32.8,21.0,27.2,0.0,0.0,11.7,69,1011.2,1
Delhi,2011-10-07,33.1,21.3,27.1,0.0,0.0,16.6,68,1010.3,4
Delhi,2011-10-08,32.8,21.5,26.2,0.5,0.5,15.3,69,1010.3,5
Delhi,2011-10-09,32.7,21.0,26.7,0.0,0.0,11.0,68,1011.3,3
Delhi,2011-10-10,32.8,20.6,26.7,0.0,0.0,13.7,61,1012.1,0
Delhi,2011-10-11,32.9,20.8,26.7,0.0,0.0,11.3,60,1012.4,0
Delhi,2011-10-12,32.9,21.1,26.9,0.0,0.0,13.5,59,1011.3,9
Delhi,2011-10-13,33.0,21.0,26.7,0.0,0.0,12.7,56,1009.4,34
Delhi,2011-10-14,33.5,22.0,27.1,0.0,0.0,20.1,51,1008.6,13
Delhi,2011-10-15,33.0,19.7,26.2,0.0,0.0,15.8,50,1007.9,0
Delhi,2011-10-16,32.3,18.4,25.4,0.0,0.0,11.8,52,1008.9,0
Delhi,2011-10-17,31.8,17.6,25.0,0.0,0.0,12.3,51,1010.1,0
Delhi,2011-10-18,32.0,17.8,24.7,0.0,0.0,13.6,53,1010.7,0
Delhi,2011-10-19,32.1,17.2,24.6,0.0,0.0,12.4,54,1008.1,0
Delhi,2011-10-20,31.5,16.9,24.4,0.0,0.0,9.3,56,1008.0,7
Delhi,2011-10-21,31.0,17.1,23.9,0.0,0.0,9.7,59,1009.8,7
Delhi,2011-10-22,31.1,18.0,24.6,0.0,0.0,10.5,56,1011.1,0
Delhi,2011-10-23,32.2,17.2,24.6,0.0,0.0,14.7,60,1011.7,3
Delhi,2011-10-24,32.2,18.5,25.2,0.0,0.0,9.3,60,1011.7,11
Delhi,2011-10-25,30.5,18.2,24.2,0.1,0.1,9.2,56,1011.9,18
Delhi,2011-10-26,29.9,17.9,23.6,0.0,0.0,13.5,54,1013.5,1
Delhi,2011-10-27,29.4,17.1,22.9,0.0,0.0,13.0,50,1013.2,0
Delhi,2011-10-28,29.5,15.4,22.7,0.0,0.0,9.8,51,1013.2,0
Delhi,2011-10-29,29.0,16.1,22.8,0.0,0.0,9.8,55,1013.1,0
Delhi,2011-10-30,29.5,15.8,22.5,0.0,0.0,9.6,61,1011.1,0
Delhi,2011-10-31,29.6,15.8,23.1,0.0,0.0,9.7,58,1011.3,0
Delhi,2011-11-01,30.1,17.6,23.9,0.0,0.0,10.7,56,1011.7,0
Delhi,2011-11-02,30.7,15.9,23.0,0.0,0.0,15.1,55,1010.6,3
Delhi,2011-11-03,30.6,16.3,23.6,0.0,0.0,10.1,56,1010.5,70
Delhi,2011-11-04,30.5,18.3,23.9,0.0,0.0,8.3,56,1011.9,2
Delhi,2011-11-05,30.4,17.3,23.6,0.0,0.0,11.8,62,1012.6,0
Delhi,2011-11-06,29.2,18.6,23.3,0.0,0.0,17.1,56,1011.5,0
Delhi,2011-11-07,28.8,16.5,22.2,0.0,0.0,9.8,58,1012.6,2
Delhi,2011-11-08,28.9,14.7,21.8,0.0,0.0,9.5,60,1013.7,29
Delhi,2011-11-09,29.6,15.3,22.5,0.0,0.0,13.2,60,1012.9,23
Delhi,2011-11-10,29.9,18.6,24.0,0.0,0.0,13.1,65,1011.9,15
Delhi,2011-11-11,30.2,19.0,24.3,0.0,0.0,15.0,65,1011.7,9
Delhi,2011-11-12,29.6,18.2,23.4,0.0,0.0,12.6,54,1011.9,0
Delhi,2011-11-13,29.0,16.0,22.2,0.0,0.0,9.9,57,1013.5,8
Delhi,2011-11-14,28.2,14.8,21.8,0.0,0.0,9.7,60,1014.3,2
Delhi,2011-11-15,27.9,14.2,21.3,0.0,0.0,11.0,61,1014.7,0
Delhi,2011-11-16,28.9,16.5,22.2,0.0,0.0,17.8,57,1012.9,0
Delhi,2011-11-17,28.8,16.6,22.3,0.0,0.0,14.6,60,1012.6,0
Delhi,2011-11-18,29.1,15.9,22.1,0.0,0.0,11.4,65,1012.5,0
Delhi,2011-11-19,28.1,15.9,22.2,0.0,0.0,7.7,70,1013.8,0
Delhi,2011-11-20,27.8,15.9,21.7,0.0,0.0,8.8,73,1016.1,0
Delhi,2011-11-21,27.6,17.3,22.1,0.0,0.0,8.0,73,1017.4,4
Delhi,2011-11-22,27.3,17.1,22.0,0.0,0.0,8.3,72,1016.8,8
Delhi,2011-11-23,26.9,17.7,21.8,0.0,0.0,8.9,72,1016.8,46
Delhi,2011-11-24,26.1,14.7,20.5,0.0,0.0,8.6,72,1017.3,54
Delhi,2011-11-25,25.9,14.0,19.9,0.0,0.0,8.3,72,1015.8,0
Delhi,2011-11-26,25.5,13.9,19.7,0.0,0.0,8.4,71,1014.5,9
Delhi,2011-11-27,25.2,14.8,19.8,0.0,0.0,10.1,69,1014.5,25
Delhi,2011-11-28,24.4,13.0,18.2,0.0,0.0,18.4,64,1013.1,2
Delhi,2011-11-29,25.5,13.6,18.6,0.0,0.0,19.2,57,1012.5,8
Delhi,2011-11-30,24.9,12.5,18.0,0.0,0.0,11.2,56,1012.8,0
Delhi,2011-12-01,24.5,11.0,18.2,0.0,0.0,8.9,62,1014.0,3
Delhi,2011-12-02,25.4,13.4,19.4,0.0,0.0,8.7,73,1013.5,12
Delhi,2011-12-03,26.5,14.2,19.7,0.0,0.0,12.8,65,1009.9,0
Delhi,2011-12-04,26.4,12.8,19.0,0.0,0.0,11.2,63,1010.2,0
Delhi,2011-12-05,26.4,12.3,18.9,0.0,0.0,8.9,67,1012.0,0
Delhi,2011-12-06,26.8,14.6,20.3,0.0,0.0,11.4,65,1013.0,10
Delhi,2011-12-07,26.5,16.0,20.8,0.0,0.0,10.6,70,1013.9,16
Delhi,2011-12-08,27.6,15.7,21.3,0.0,0.0,13.0,70,1013.3,5
Delhi,2011-12-09,25.2,15.9,20.0,0.0,0.0,12.7,74,1013.5,13
Delhi,2011-12-10,23.1,13.3,17.6,0.0,0.0,17.3,64,1013.6,6
Delhi,2011-12-11,23.1,11.1,16.3,0.0,0.0,12.2,45,1014.4,5
Delhi,2011-12-12,22.1,8.4,15.1,0.0,0.0,9.2,54,1017.2,0
Delhi,2011-12-13,22.2,7.4,14.3,0.0,0.0,10.8,60,1017.1,0
Delhi,2011-12-14,21.7,8.4,14.5,0.0,0.0,11.9,57,1017.0,8
Delhi,2011-12-15,21.6,6.9,13.9,0.0,0.0,11.0,58,1017.1,0
Delhi,2011-12-16,21.2,6.7,13.6,0.0,0.0,11.1,58,1017.1,0
Delhi,2011-12-17,21.6,6.9,13.9,0.0,0.0,11.2,60,1016.8,20
Delhi,2011-12-18,21.4,8.1,14.0,0.0,0.0,9.7,62,1017.6,25
Delhi,2011-12-19,20.9,8.4,13.7,0.0,0.0,9.2,65,1017.2,14
Delhi,2011-12-20,21.9,8.1,14.2,0.0,0.0,11.9,67,1016.0,0
Delhi,2011-12-21,22.4,8.7,15.6,0.0,0.0,9.0,71,1016.9,21
Delhi,2011-12-22,22.3,9.8,15.1,0.0,0.0,13.8,68,1016.8,1
Delhi,2011-12-23,19.5,7.4,12.8,0.0,0.0,15.3,62,1016.0,0
Delhi,2011-12-24,19.3,5.0,11.7,0.0,0.0,13.8,57,1015.3,2
Delhi,2011-12-25,19.8,5.0,11.9,0.0,0.0,10.2,58,1015.4,0
Delhi,2011-12-26,19.9,4.3,12.0,0.0,0.0,9.3,67,1015.6,0
Delhi,2011-12-27,20.7,5.7,12.9,0.0,0.0,8.4,73,1015.7,0
Delhi,2011-12-28,21.8,7.0,14.1,0.0,0.0,9.9,75,1017.7,0
Delhi,2011-12-29,21.6,7.7,14.3,0.0,0.0,8.9,75,1018.2,1
Delhi,2011-12-30,20.3,7.8,13.9,0.0,0.0,9.3,75,1018.4,0
Delhi,2011-12-31,20.8,8.1,14.1,0.0,0.0,8.2,74,1017.8,29
Delhi,2012-01-01,19.6,12.7,15.5,3.6,3.6,9.0,83,1015.3,82
Delhi,2012-01-02,19.0,10.9,14.2,0.2,0.2,9.3,85,1016.4,49
Delhi,2012-01-03,19.9,8.1,13.8,0.0,0.0,9.0,76,1015.3,1
Delhi,2012-01-04,20.3,8.7,14.3,0.0,0.0,8.5,74,1014.5,20
Delhi,2012-01-05,20.3,9.8,14.7,0.0,0.0,9.4,76,1015.6,15
Delhi,2012-01-06,19.9,11.1,14.6,8.8,8.8,15.6,81,1015.7,41
Delhi,2012-01-07,18.8,12.2,14.6,9.0,9.0,17.8,81,1017.7,70
Delhi,2012-01-08,18.2,9.6,13.2,0.0,0.0,10.8,80,1019.5,54
Delhi,2012-01-09,16.3,6.5,10.9,0.0,0.0,11.3,74,1019.7,5
Delhi,2012-01-10,16.7,4.8,10.4,0.0,0.0,12.1,73,1020.5,1
Delhi,2012-01-11,17.2,5.1,10.6,0.0,0.0,10.0,74,1020.1,0
Delhi,2012-01-12,17.9,5.1,10.9,0.0,0.0,18.5,65,1019.3,0
Delhi,2012-01-13,18.8,5.5,11.6,0.0,0.0,16.0,65,1018.8,0
Delhi,2012-01-14,20.6,6.6,13.4,0.0,0.0,15.4,70,1015.6,31
Delhi,2012-01-15,22.4,12.4,16.3,0.0,0.0,11.5,64,1011.9,57
Delhi,2012-01-16,19.1,11.5,14.8,3.6,3.6,15.3,78,1010.1,60
Delhi,2012-01-17,16.1,7.9,11.5,0.0,0.0,10.5,84,1011.6,66
Delhi,2012-01-18,15.9,5.9,11.2,0.0,0.0,11.1,73,1011.5,38
Delhi,2012-01-19,16.6,7.5,11.6,0.0,0.0,9.2,66,1013.6,33
Delhi,2012-01-20,16.5,5.0,10.3,0.0,0.0,18.6,72,1016.8,3
Delhi,2012-01-21,17.0,5.1,10.3,0.0,0.0,17.1,70,1017.1,13
Delhi,2012-01-22,16.2,6.2,11.2,0.0,0.0,11.1,66,1016.7,79
Delhi,2012-01-23,20.0,4.7,11.8,0.0,0.0,10.7,69,1017.1,0
Delhi,2012-01-24,20.1,6.8,12.6,0.0,0.0,15.5,66,1016.2,2
Delhi,2012-01-25,20.7,8.1,13.5,0.2,0.2,12.2,64,1015.8,43
Delhi,2012-01-26,20.2,9.8,14.2,0.0,0.0,17.8,58,1016.7,8
Delhi,2012-01-27,19.8,8.3,13.2,0.0,0.0,13.5,61,1015.9,32
Delhi,2012-01-28,19.5,6.2,12.4,0.0,0.0,11.1,61,1015.8,0
Delhi,2012-01-29,19.9,5.4,12.4,0.0,0.0,11.8,64,1017.5,0
Delhi,2012-01-30,20.7,6.1,13.0,0.0,0.0,11.5,63,1018.0,0
Delhi,2012-01-31,20.4,4.8,12.8,0.0,0.0,12.6,58,1019.2,0
Delhi,2012-02-01,21.3,7.8,14.1,0.0,0.0,17.8,55,1019.5,3
Delhi,2012-02-02,21.9,9.7,15.0,0.0,0.0,13.5,51,1018.4,51
Delhi,2012-02-03,22.5,10.1,15.7,0.1,0.1,13.1,55,1017.9,63
Delhi,2012-02-04,23.8,10.5,16.7,0.0,0.0,17.2,60,1013.5,63
Delhi,2012-02-05,22.9,11.8,17.1,0.0,0.0,15.9,63,1015.1,11
Delhi,2012-02-06,21.5,10.3,15.6,0.0,0.0,13.7,67,1016.2,3
Delhi,2012-02-07,20.1,8.8,14.2,1.5,1.5,11.2,67,1014.6,41
Delhi,2012-02-08,18.3,8.3,13.0,0.5,0.5,18.5,52,1014.0,16
Delhi,2012-02-09,18.4,4.1,11.0,0.0,0.0,16.1,48,1017.2,0
Delhi,2012-02-10,20.3,6.2,12.6,0.0,0.0,18.1,50,1016.1,0
Delhi,2012-02-11,20.0,5.2,13.2,0.3,0.3,9.2,54,1015.8,72
Delhi,2012-02-12,24.3,8.0,16.5,0.0,0.0,14.6,51,1013.7,36
Delhi,2012-02-13,23.8,11.6,17.5,0.0,0.0,17.8,52,1011.9,5
Delhi,2012-02-14,22.7,10.8,16.3,0.0,0.0,10.1,65,1015.1,71
Delhi,2012-02-15,21.1,9.9,14.9,0.0,0.0,14.0,53,1015.2,20
Delhi,2012-02-16,20.7,7.6,13.7,0.0,0.0,14.2,43,1015.3,29
Delhi,2012-02-17,21.5,6.7,14.2,0.0,0.0,11.7,48,1017.0,62
Delhi,2012-02-18,23.5,8.9,15.8,0.0,0.0,16.4,49,1016.4,23
Delhi,2012-02-19,23.8,10.3,16.5,0.0,0.0,20.7,44,1015.1,3
Delhi,2012-02-20,25.1,11.4,17.8,0.0,0.0,16.8,53,1012.0,54
Delhi,2012-02-21,28.0,11.6,19.7,0.0,0.0,12.1,58,1008.6,73
Delhi,2012-02-22,28.4,12.4,20.7,0.0,0.0,9.4,55,1009.2,0
Delhi,2012-02-23,27.2,12.9,20.2,0.0,0.0,10.2,60,1010.7,1
Delhi,2012-02-24,26.0,13.4,19.2,0.0,0.0,13.4,54,1011.6,31
Delhi,2012-02-25,23.5,12.5,17.1,0.0,0.0,15.9,36,1012.8,38
Delhi,2012-02-26,24.4,10.5,16.8,0.0,0.0,19.1,34,1012.2,0
Delhi,2012-02-27,25.7,10.5,17.6,0.0,0.0,20.1,36,1009.9,6
Delhi,2012-02-28,25.8,12.5,18.7,0.0,0.0,17.9,40,1006.5,15
Delhi,2012-02-29,25.2,9.9,18.0,0.0,0.0,10.0,48,1006.6,1
Delhi,2012-03-01,27.2,10.1,19.0,0.0,0.0,9.9,49,1008.0,0
Delhi,2012-03-02,27.2,12.4,19.4,0.0,0.0,17.0,44,1007.3,0
Delhi,2012-03-03,28.3,13.0,20.3,0.0,0.0,17.7,39,1006.8,0
Delhi,2012-03-04,30.7,14.3,22.8,0.0,0.0,12.6,50,1006.7,3
Delhi,2012-03-05,31.3,15.9,23.7,0.0,0.0,12.7,49,1005.2,2
Delhi,2012-03-06,27.8,17.6,22.1,0.0,0.0,16.7,53,1005.6,17
Delhi,2012-03-07,27.0,12.8,20.3,0.0,0.0,10.7,38,1005.4,0
Delhi,2012-03-08,26.0,10.8,18.4,0.0,0.0,13.0,36,1005.5,0
Delhi,2012-03-09,24.5,10.3,17.6,0.0,0.0,12.3,35,1009.9,0
Delhi,2012-03-10,24.8,10.0,17.8,0.0,0.0,11.0,40,1012.6,0
Delhi,2012-03-11,26.5,10.8,18.9,0.0,0.0,10.2,40,1013.3,0
Delhi,2012-03-12,28.3,10.3,19.8,1.0,1.0,14.9,46,1012.8,22
Delhi,2012-03-13,25.0,13.6,19.3,0.2,0.2,15.1,62,1014.3,22
Delhi,2012-03-14,25.9,12.1,19.1,0.0,0.0,16.8,50,1016.2,0
Delhi,2012-03-15,27.7,13.1,20.1,0.0,0.0,20.3,46,1013.7,1
Delhi,2012-03-16,29.6,13.6,21.6,0.0,0.0,15.0,46,1011.5,27
Delhi,2012-03-17,32.2,15.0,23.5,0.0,0.0,10.1,50,1008.9,0
Delhi,2012-03-18,33.3,15.6,25.0,0.0,0.0,9.6,52,1009.8,0
Delhi,2012-03-19,34.7,17.2,26.5,0.0,0.0,13.5,55,1009.4,0
Delhi,2012-03-20,33.7,19.1,26.3,0.0,0.0,17.2,43,1008.4,0
Delhi,2012-03-21,26.9,13.2,19.8,0.0,0.0,21.3,27,1012.0,0
Delhi,2012-03-22,27.9,13.0,20.1,0.0,0.0,22.8,31,1012.5,0
Delhi,2012-03-23,30.3,14.5,22.0,0.0,0.0,23.7,33,1012.7,0
Delhi,2012-03-24,32.7,16.6,24.0,0.0,0.0,19.9,33,1012.6,18
Delhi,2012-03-25,32.4,18.1,24.7,0.0,0.0,15.6,38,1011.3,56
Delhi,2012-03-26,33.6,17.3,25.8,0.0,0.0,10.3,42,1010.3,41
Delhi,2012-03-27,32.8,17.7,25.3,0.0,0.0,13.4,44,1011.4,74
Delhi,2012-03-28,33.4,18.2,25.7,0.0,0.0,17.7,42,1013.8,9
Delhi,2012-03-29,32.3,18.9,25.3,0.0,0.0,24.4,38,1011.6,6
Delhi,2012-03-30,33.6,18.7,26.4,0.0,0.0,16.3,39,1008.3,9
Delhi,2012-03-31,34.8,17.8,27.0,0.0,0.0,13.5,41,1010.3,42
Delhi,2012-04-01,34.9,20.4,27.7,0.0,0.0,11.5,38,1010.5,64
Delhi,2012-04-02,36.3,20.6,28.9,0.0,0.0,10.6,41,1010.2,83
Delhi,2012-04-03,37.5,23.0,29.2,1.8,1.8,15.5,42,1010.4,60
Delhi,2012-04-04,36.1,20.0,28.2,0.1,0.1,14.2,39,1009.1,15
Delhi,2012-04-05,35.8,19.2,27.9,0.0,0.0,17.0,34,1007.4,31
Delhi,2012-04-06,35.9,20.9,28.6,0.0,0.0,11.3,30,1005.6,19
Delhi,2012-04-07,36.5,20.0,28.4,0.0,0.0,11.1,31,1005.3,4
Delhi,2012-04-08,35.9,20.0,28.3,0.0,0.0,19.4,33,1006.0,4
Delhi,2012-04-09,37.3,21.5,28.9,1.6,1.6,19.2,31,1005.8,57
Delhi,2012-04-10,36.7,19.7,28.7,0.5,0.5,16.5,35,1005.1,50
Delhi,2012-04-11,33.6,21.7,27.4,3.2,3.2,21.9,48,1006.3,24
Delhi,2012-04-12,33.4,20.4,26.8,0.3,0.3,16.3,51,1005.9,27
Delhi,2012-04-13,31.3,21.0,26.1,0.0,0.0,19.5,40,1006.5,76
Delhi,2012-04-14,29.8,19.4,22.9,9.4,9.4,10.4,65,1009.9,82
Delhi,2012-04-15,29.5,17.7,23.7,0.0,0.0,9.1,65,1010.3,10
Delhi,2012-04-16,33.5,17.5,26.0,0.0,0.0,13.1,51,1007.6,29
Delhi,2012-04-17,33.0,20.5,26.8,0.2,0.2,17.0,50,1005.6,45
Delhi,2012-04-18,33.3,21.0,27.4,0.5,0.5,13.2,52,1005.3,69
Delhi,2012-04-19,35.4,21.1,28.5,0.0,0.0,18.4,46,1006.1,41
Delhi,2012-04-20,36.0,23.1,29.3,0.0,0.0,25.4,37,1008.5,73
Delhi,2012-04-21,34.2,22.1,28.0,0.0,0.0,19.4,40,1009.3,2
Delhi,2012-04-22,34.8,21.2,28.2,0.0,0.0,13.4,33,1005.1,17
Delhi,2012-04-23,34.5,20.1,27.7,0.0,0.0,16.5,39,1004.6,12
Delhi,2012-04-24,35.6,21.3,28.3,0.7,0.7,18.8,37,1005.4,20
Delhi,2012-04-25,34.7,21.6,28.2,0.0,0.0,12.8,39,1006.5,9
Delhi,2012-04-26,34.9,21.1,28.2,0.0,0.0,14.7,42,1007.7,24
Delhi,2012-04-27,33.9,20.8,27.6,0.0,0.0,18.4,42,1006.2,7
Delhi,2012-04-28,34.8,21.4,28.4,0.0,0.0,17.0,36,1002.9,20
Delhi,2012-04-29,35.7,20.4,28.6,0.0,0.0,15.6,31,1002.1,9
Delhi,2012-04-30,35.8,19.8,28.6,0.0,0.0,13.4,28,1002.4,15
Delhi,2012-05-01,35.6,20.6,28.9,0.0,0.0,12.3,24,1004.1,4
Delhi,2012-05-02,36.7,21.1,29.4,0.0,0.0,13.5,24,1005.6,3
Delhi,2012-05-03,36.7,21.0,29.5,0.0,0.0,15.1,22,1003.9,11
Delhi,2012-05-04,37.7,21.1,30.3,0.0,0.0,10.2,23,1001.7,11
Delhi,2012-05-05,37.2,21.2,30.0,0.0,0.0,19.7,28,1003.7,40
Delhi,2012-05-06,38.1,23.4,30.8,0.0,0.0,13.2,28,1004.7,11
Delhi,2012-05-07,38.9,23.1,31.8,0.3,0.3,17.3,32,1003.4,42
Delhi,2012-05-08,40.1,25.2,33.0,0.0,0.0,19.7,27,1003.8,59
Delhi,2012-05-09,40.3,25.5,33.5,0.0,0.0,14.0,24,1004.9,56
Delhi,2012-05-10,41.0,26.1,33.8,0.0,0.0,14.3,24,1005.2,48
Delhi,2012-05-11,38.6,28.1,33.1,0.0,0.0,21.8,29,1004.4,52
Delhi,2012-05-12,38.6,27.2,32.5,0.2,0.2,15.6,32,1003.0,39
Delhi,2012-05-13,37.7,25.4,31.8,0.0,0.0,13.0,36,1003.6,35
Delhi,2012-05-14,37.4,25.0,31.7,0.0,0.0,16.9,28,1003.1,17
Delhi,2012-05-15,39.2,23.8,32.0,0.0,0.0,17.5,27,1003.5,3
Delhi,2012-05-16,41.1,23.5,32.9,0.0,0.0,17.1,27,999.9,6
Delhi,2012-05-17,40.0,26.3,33.3,0.0,0.0,19.5,25,1000.2,38
Delhi,2012-05-18,39.9,25.6,33.1,0.0,0.0,17.4,26,1002.6,8
Delhi,2012-05-19,39.7,26.3,33.2,0.0,0.0,17.1,25,1004.0,13
Delhi,2012-05-20,40.1,25.6,33.4,0.0,0.0,12.4,24,1002.9,9
Delhi,2012-05-21,41.1,27.6,34.2,0.2,0.2,13.3,25,1001.9,18
Delhi,2012-05-22,41.0,24.8,33.8,0.0,0.0,12.7,26,1001.6,12
Delhi,2012-05-23,41.4,25.3,33.7,0.0,0.0,24.5,18,1001.4,0
Delhi,2012-05-24,42.4,26.3,34.8,0.0,0.0,27.5,17,999.1,0
Delhi,2012-05-25,43.4,26.6,35.6,0.0,0.0,19.3,21,998.0,2
Delhi,2012-05-26,42.1,28.4,35.6,0.0,0.0,19.7,22,999.6,8
Delhi,2012-05-27,41.5,28.2,35.2,0.0,0.0,22.4,20,1000.3,8
Delhi,2012-05-28,41.6,26.7,34.6,0.0,0.0,18.4,19,1000.2,0
Delhi,2012-05-29,43.0,26.4,35.3,0.0,0.0,19.9,19,1000.4,0
Delhi,2012-05-30,44.7,27.2,36.8,0.0,0.0,21.6,17,997.6,0
Delhi,2012-05-31,44.6,31.2,37.9,0.0,0.0,25.3,20,995.4,8
Delhi,2012-06-01,44.2,33.3,38.1,0.0,0.0,22.0,22,996.1,14
Delhi,2012-06-02,44.0,31.3,37.6,0.0,0.0,25.0,25,996.1,19
Delhi,2012-06-03,41.5,31.9,36.6,0.0,0.0,25.8,26,995.1,27
Delhi,2012-06-04,41.7,31.7,36.0,0.0,0.0,27.3,29,995.7,25
Delhi,2012-06-05,41.2,29.9,35.1,0.5,0.5,17.7,34,996.8,13
Delhi,2012-06-06,39.0,27.7,33.7,0.1,0.1,16.6,40,998.0,17
Delhi,2012-06-07,39.2,27.5,32.8,1.2,1.2,10.6,38,998.9,25
Delhi,2012-06-08,38.1,26.3,32.7,0.0,0.0,15.8,38,1000.1,10
Delhi,2012-06-09,39.3,27.6,34.0,0.0,0.0,23.0,34,999.0,12
Delhi,2012-06-10,40.9,28.6,34.9,0.0,0.0,29.4,30,996.8,7
Delhi,2012-06-11,41.0,28.6,35.0,0.0,0.0,18.0,28,997.1,5
Delhi,2012-06-12,41.0,28.1,35.2,0.0,0.0,12.9,29,998.0,19
Delhi,2012-06-13,42.5,29.4,36.4,0.0,0.0,17.7,24,998.7,14
Delhi,2012-06-14,42.6,29.7,36.6,0.0,0.0,23.0,23,998.5,13
Delhi,2012-06-15,42.6,30.4,36.9,0.0,0.0,24.0,26,996.5,17
Delhi,2012-06-16,42.6,32.1,37.2,0.0,0.0,30.9,30,994.0,12
Delhi,2012-06-17,43.2,32.9,37.3,0.0,0.0,25.8,30,993.0,15
Delhi,2012-06-18,40.6,32.6,36.1,0.0,0.0,22.1,35,995.7,53
Delhi,2012-06-19,41.1,29.7,35.4,0.0,0.0,15.3,42,994.4,14
Delhi,2012-06-20,42.7,29.0,36.2,0.0,0.0,21.1,28,992.8,13
Delhi,2012-06-21,42.2,32.6,37.0,0.0,0.0,28.0,30,993.6,27
Delhi,2012-06-22,41.9,33.0,37.1,0.0,0.0,22.0,32,995.4,28
Delhi,2012-06-23,41.5,30.6,36.6,0.0,0.0,19.1,40,994.7,42
Delhi,2012-06-24,41.1,32.7,36.7,0.0,0.0,24.5,34,993.1,39
Delhi,2012-06-25,41.2,32.1,36.6,0.0,0.0,24.1,33,994.7,30
Delhi,2012-06-26,40.2,32.4,35.9,0.0,0.0,28.8,33,995.2,18
Delhi,2012-06-27,39.8,31.4,35.3,0.2,0.2,25.4,37,996.7,17
Delhi,2012-06-28,41.5,30.3,35.8,0.0,0.0,24.1,35,997.4,10
Delhi,2012-06-29,41.1,30.3,35.9,0.0,0.0,20.4,36,997.1,18
Delhi,2012-06-30,41.8,30.8,36.7,0.0,0.0,19.3,34,995.6,18
Delhi,2012-07-01,42.0,30.6,36.8,0.0,0.0,17.8,31,994.6,25
Delhi,2012-07-02,40.0,31.5,36.0,0.0,0.0,20.9,45,995.5,35
Delhi,2012-07-03,38.5,30.6,34.4,0.0,0.0,19.8,54,994.0,97
Delhi,2012-07-04,39.2,28.8,33.0,0.3,0.3,20.9,61,993.3,96
Delhi,2012-07-05,39.4,27.8,33.3,0.8,0.8,17.4,59,994.4,78
Delhi,2012-07-06,38.5,28.4,32.7,6.4,6.4,12.5,63,995.2,60
Delhi,2012-07-07,32.9,26.2,28.8,4.4,4.4,18.4,78,995.6,89
Delhi,2012-07-08,32.4,26.3,28.8,6.1,6.1,20.8,75,996.9,73
Delhi,2012-07-09,31.7,26.6,28.8,0.5,0.5,13.1,77,998.4,95
Delhi,2012-07-10,34.4,27.5,29.9,3.3,3.3,26.9,73,999.2,96
Delhi,2012-07-11,31.6,26.2,28.9,4.3,4.3,22.3,75,999.6,99
Delhi,2012-07-12,31.2,26.1,28.0,13.6,13.6,11.5,83,999.4,98
Delhi,2012-07-13,32.7,25.7,28.5,8.4,8.4,15.9,81,998.4,81
Delhi,2012-07-14,31.5,25.6,28.0,10.7,10.7,15.6,83,998.4,51
Delhi,2012-07-15,34.3,26.3,30.1,0.8,0.8,13.2,72,998.3,31
Delhi,2012-07-16,33.9,27.8,30.7,0.0,0.0,11.1,66,1000.3,23
Delhi,2012-07-17,36.0,27.9,31.7,0.0,0.0,15.8,65,999.8,43
Delhi,2012-07-18,37.6,28.2,32.9,0.0,0.0,22.6,57,996.0,21
Delhi,2012-07-19,38.4,29.9,33.6,0.3,0.3,24.9,51,994.1,62
Delhi,2012-07-20,36.2,29.6,32.4,1.0,1.0,14.9,58,997.2,55
Delhi,2012-07-21,32.3,27.2,29.6,1.2,1.2,15.8,72,1000.5,79
Delhi,2012-07-22,34.7,27.0,31.1,0.0,0.0,9.2,67,998.6,86
Delhi,2012-07-23,35.9,28.6,32.3,0.6,0.6,15.5,67,994.8,93
Delhi,2012-07-24,36.0,26.1,29.9,12.8,12.8,12.4,79,993.8,100
Delhi,2012-07-25,33.9,27.0,29.6,5.9,5.9,14.2,79,996.8,99
Delhi,2012-07-26,28.2,25.9,27.1,16.4,16.4,13.9,89,997.9,100
Delhi,2012-07-27,33.2,27.0,29.7,1.8,1.8,7.9,80,997.0,95
Delhi,2012-07-28,32.1,26.8,28.8,1.9,1.9,10.2,85,996.7,99
Delhi,2012-07-29,32.9,26.5,28.7,10.1,10.1,14.1,86,997.5,98
Delhi,2012-07-30,29.5,25.6,27.2,13.1,13.1,11.5,91,998.5,100
Delhi,2012-07-31,28.2,26.2,26.9,10.4,10.4,8.2,93,998.5,100
Delhi,2012-08-01,28.9,25.6,27.4,16.9,16.9,8.3,90,999.1,100
Delhi,2012-08-02,34.5,26.1,29.8,2.1,2.1,14.9,77,997.2,91
Delhi,2012-08-03,33.6,27.7,30.0,0.1,0.1,15.9,69,995.1,100
Delhi,2012-08-04,31.2,25.3,27.6,1.9,1.9,16.3,81,997.6,69
Delhi,2012-08-05,31.6,24.8,27.9,1.8,1.8,10.7,81,999.6,55
Delhi,2012-08-06,31.5,25.7,28.8,2.1,2.1,8.7,81,1000.0,92
Delhi,2012-08-07,32.3,26.3,29.1,5.7,5.7,10.2,81,1000.6,95
Delhi,2012-08-08,30.9,26.3,28.0,11.6,11.6,12.3,87,1000.4,98
Delhi,2012-08-09,31.3,25.5,27.3,12.0,12.0,9.5,88,999.5,99
Delhi,2012-08-10,30.5,25.0,26.9,15.6,15.6,8.7,90,999.2,96
Delhi,2012-08-11,31.1,25.9,27.8,9.6,9.6,14.8,85,1000.6,90
Delhi,2012-08-12,31.6,26.0,28.5,1.4,1.4,16.9,80,1000.2,48
Delhi,2012-08-13,30.5,25.7,27.5,8.2,8.2,22.0,82,999.2,85
Delhi,2012-08-14,29.8,24.9,27.0,1.1,1.1,18.7,85,999.4,79
Delhi,2012-08-15,31.3,25.2,27.4,4.4,4.4,15.5,84,1000.6,57
Delhi,2012-08-16,30.5,24.4,27.6,0.2,0.2,16.8,80,1001.3,35
Delhi,2012-08-17,32.1,25.0,28.6,0.9,0.9,10.5,79,1001.1,69
Delhi,2012-08-18,32.7,26.9,29.4,3.0,3.0,10.8,80,1000.6,80
Delhi,2012-08-19,29.1,25.4,27.3,13.3,13.3,13.6,90,1000.7,100
Delhi,2012-08-20,31.1,26.3,27.5,19.1,19.1,7.7,90,1000.9,99
Delhi,2012-08-21,27.5,25.7,26.5,20.1,20.1,8.4,94,1001.3,100
Delhi,2012-08-22,26.8,24.4,25.5,25.2,25.2,13.7,94,1001.7,100
Delhi,2012-08-23,28.6,24.2,25.8,18.5,18.5,12.2,93,1002.5,98
Delhi,2012-08-24,29.4,24.7,26.7,12.0,12.0,11.5,88,1002.2,95
Delhi,2012-08-25,30.1,24.6,26.2,25.4,25.4,9.8,92,1003.0,99
Delhi,2012-08-26,29.7,24.6,26.2,11.4,11.4,10.4,90,1002.6,99
Delhi,2012-08-27,29.7,24.6,26.4,8.8,8.8,15.1,90,1001.1,98
Delhi,2012-08-28,31.4,24.4,26.9,14.2,14.2,12.9,88,1002.5,98
Delhi,2012-08-29,29.8,25.1,27.0,8.8,8.8,11.4,90,1003.5,91
Delhi,2012-08-30,30.3,25.1,26.9,8.7,8.7,12.1,90,1003.3,98
Delhi,2012-08-31,32.0,25.1,27.6,1.6,1.6,9.5,87,1001.8,90
Delhi,2012-09-01,32.5,25.2,28.8,1.2,1.2,7.6,84,1001.1,68
Delhi,2012-09-02,31.7,25.1,27.8,11.6,11.6,11.0,87,1002.2,87
Delhi,2012-09-03,30.7,25.3,27.4,2.9,2.9,13.7,86,1002.0,82
Delhi,2012-09-04,30.3,25.0,27.4,10.4,10.4,16.9,86,1003.2,79
Delhi,2012-09-05,31.5,26.0,28.5,0.0,0.0,23.4,75,1004.0,33
Delhi,2012-09-06,30.4,26.0,28.0,0.4,0.4,30.0,74,1004.5,34
Delhi,2012-09-07,28.7,25.5,26.6,4.6,4.6,28.9,82,1004.2,75
Delhi,2012-09-08,29.2,24.4,26.6,0.4,0.4,18.3,86,1004.7,84
Delhi,2012-09-09,32.7,24.7,28.5,0.4,0.4,6.9,82,1004.5,25
Delhi,2012-09-10,32.5,25.7,29.0,1.0,1.0,9.7,82,1004.1,76
Delhi,2012-09-11,32.1,26.2,28.7,0.7,0.7,12.1,84,1003.0,72
Delhi,2012-09-12,32.0,25.8,28.7,2.2,2.2,11.8,82,1002.2,53
Delhi,2012-09-13,32.4,25.3,27.9,5.8,5.8,8.5,87,1001.8,97
Delhi,2012-09-14,30.3,25.5,27.2,8.5,8.5,16.3,88,1001.0,98
Delhi,2012-09-15,31.7,24.2,26.7,12.2,12.2,6.9,89,1000.0,71
Delhi,2012-09-16,30.7,24.5,27.1,2.7,2.7,10.4,85,1001.6,52
Delhi,2012-09-17,30.4,24.3,26.7,6.0,6.0,7.9,86,1004.1,72
Delhi,2012-09-18,29.6,24.1,26.2,9.5,9.5,11.4,87,1005.5,57
Delhi,2012-09-19,30.2,23.4,26.3,2.8,2.8,9.2,84,1005.8,36
Delhi,2012-09-20,31.3,23.5,27.0,0.0,0.0,13.4,78,1005.8,4
Delhi,2012-09-21,31.8,22.4,26.8,0.0,0.0,14.3,76,1005.9,1
Delhi,2012-09-22,32.5,21.4,26.6,0.0,0.0,13.0,74,1006.3,1
Delhi,2012-09-23,32.0,20.7,26.0,0.0,0.0,14.2,72,1005.4,1
Delhi,2012-09-24,31.9,19.9,25.8,0.0,0.0,13.7,74,1005.2,1
Delhi,2012-09-25,31.8,20.7,25.8,0.0,0.0,13.1,72,1006.4,0
Delhi,2012-09-26,31.7,20.9,25.9,0.0,0.0,14.5,72,1009.6,1
Delhi,2012-09-27,31.8,21.1,26.4,0.0,0.0,14.6,70,1010.5,0
Delhi,2012-09-28,31.6,21.1,26.2,0.0,0.0,12.5,73,1009.6,1
Delhi,2012-09-29,31.9,20.4,26.3,0.0,0.0,9.7,75,1009.3,0
Delhi,2012-09-30,32.4,21.4,26.6,0.0,0.0,13.9,71,1009.1,0
Delhi,2012-10-01,32.2,19.7,26.0,0.0,0.0,12.6,68,1008.7,7
Delhi,2012-10-02,32.4,20.9,26.6,0.0,0.0,9.3,69,1007.3,6
Delhi,2012-10-03,32.4,22.2,26.8,0.0,0.0,11.6,69,1005.0,20
Delhi,2012-10-04,33.5,19.6,26.3,0.0,0.0,13.1,67,1004.0,1
Delhi,2012-10-05,33.8,19.3,26.2,0.0,0.0,14.2,63,1006.2,0
Delhi,2012-10-06,33.7,18.6,26.1,0.0,0.0,12.5,59,1009.5,0
Delhi,2012-10-07,32.6,18.3,25.7,0.0,0.0,13.9,60,1011.0,2
Delhi,2012-10-08,32.1,18.2,25.3,0.0,0.0,12.2,59,1010.2,1
Delhi,2012-10-09,32.1,17.9,25.1,0.0,0.0,14.0,60,1008.9,1
Delhi,2012-10-10,31.5,18.7,25.1,0.0,0.0,9.5,62,1010.0,2
Delhi,2012-10-11,31.9,19.0,25.0,0.0,0.0,14.8,60,1009.8,1
Delhi,2012-10-12,32.7,17.8,25.1,0.0,0.0,10.0,57,1009.1,6
Delhi,2012-10-13,32.3,20.6,25.9,0.0,0.0,10.3,59,1009.8,6
Delhi,2012-10-14,33.2,19.3,26.0,0.0,0.0,14.7,54,1010.7,7
Delhi,2012-10-15,33.6,18.8,25.1,0.0,0.0,13.8,55,1012.5,8
Delhi,2012-10-16,31.1,17.9,24.5,0.0,0.0,8.4,62,1014.8,12
Delhi,2012-10-17,30.3,18.2,24.2,0.3,0.3,7.9,64,1014.6,18
Delhi,2012-10-18,30.8,18.3,24.4,0.0,0.0,9.2,62,1013.8,6
Delhi,2012-10-19,30.7,18.4,24.2,0.0,0.0,8.8,60,1013.7,4
Delhi,2012-10-20,30.0,17.7,24.1,0.0,0.0,8.7,63,1014.8,19
Delhi,2012-10-21,30.1,18.1,24.1,0.0,0.0,10.0,61,1015.2,19
Delhi,2012-10-22,30.3,16.6,23.5,0.0,0.0,10.5,58,1015.1,13
Delhi,2012-10-23,30.3,17.8,23.3,6.9,6.9,12.3,61,1014.1,24
Delhi,2012-10-24,26.4,16.6,21.0,0.3,0.3,15.7,69,1013.0,9
Delhi,2012-10-25,26.5,15.1,20.6,0.0,0.0,13.6,65,1012.0,0
Delhi,2012-10-26,27.6,14.5,20.9,0.0,0.0,9.4,61,1013.0,0
Delhi,2012-10-27,27.5,14.9,20.9,0.0,0.0,9.5,61,1014.0,0
Delhi,2012-10-28,28.0,14.2,21.3,0.0,0.0,9.8,63,1014.7,0
Delhi,2012-10-29,28.7,15.2,21.9,0.0,0.0,11.8,65,1013.9,0
Delhi,2012-10-30,29.0,16.2,22.3,0.0,0.0,11.4,69,1013.4,0
Delhi,2012-10-31,29.1,15.5,22.2,0.0,0.0,9.6,68,1013.5,1
Delhi,2012-11-01,28.6,15.7,22.0,0.0,0.0,9.6,67,1013.1,9
Delhi,2012-11-02,27.9,14.7,21.6,0.0,0.0,8.3,66,1012.1,25
Delhi,2012-11-03,27.7,15.0,21.6,0.0,0.0,6.9,63,1011.8,0
Delhi,2012-11-04,27.6,14.2,21.6,0.0,0.0,7.6,64,1012.0,2
Delhi,2012-11-05,27.3,14.7,21.3,0.0,0.0,7.9,67,1012.0,3
Delhi,2012-11-06,28.0,14.4,21.2,0.0,0.0,8.1,66,1012.8,2
Delhi,2012-11-07,28.4,14.9,21.5,0.0,0.0,9.4,61,1012.1,7
Delhi,2012-11-08,27.6,14.6,20.8,0.0,0.0,13.2,61,1010.7,0
Delhi,2012-11-09,28.4,13.7,20.8,0.0,0.0,9.9,60,1011.5,0
Delhi,2012-11-10,27.1,14.7,20.9,0.0,0.0,11.3,65,1013.5,18
Delhi,2012-11-11,27.6,14.6,20.5,0.0,0.0,10.5,65,1013.1,7
Delhi,2012-11-12,27.1,14.1,20.5,0.0,0.0,8.7,70,1014.2,1
Delhi,2012-11-13,26.5,14.6,20.2,0.0,0.0,8.8,68,1015.9,1
Delhi,2012-11-14,26.4,13.9,19.7,0.0,0.0,12.7,66,1014.1,0
Delhi,2012-11-15,26.3,13.4,19.6,0.0,0.0,11.3,68,1014.6,0
Delhi,2012-11-16,25.6,13.6,19.4,0.0,0.0,9.4,71,1016.4,1
Delhi,2012-11-17,26.2,12.2,18.9,0.0,0.0,9.7,67,1015.8,1
Delhi,2012-11-18,26.8,12.5,19.2,0.0,0.0,12.0,65,1013.9,0
Delhi,2012-11-19,27.0,14.4,19.8,0.0,0.0,12.7,58,1014.5,0
Delhi,2012-11-20,25.9,12.8,18.6,0.0,0.0,14.6,57,1015.4,8
Delhi,2012-11-21,24.8,10.7,17.4,0.0,0.0,9.4,57,1015.2,15
Delhi,2012-11-22,24.8,10.0,17.1,0.0,0.0,11.3,59,1013.7,34
Delhi,2012-11-23,24.8,9.8,17.1,0.0,0.0,9.2,60,1013.5,10
Delhi,2012-11-24,25.2,10.7,18.4,0.0,0.0,8.7,61,1013.8,4
Delhi,2012-11-25,25.3,11.8,18.1,0.0,0.0,14.3,58,1014.5,8
Delhi,2012-11-26,23.9,11.2,17.1,0.0,0.0,12.9,57,1015.4,12
Delhi,2012-11-27,24.1,11.0,16.8,0.0,0.0,11.6,53,1014.4,0
Delhi,2012-11-28,24.0,10.1,16.7,0.0,0.0,9.9,55,1013.6,11
Delhi,2012-11-29,26.0,13.1,18.6,1.1,1.1,10.9,59,1012.0,22
Delhi,2012-11-30,22.5,10.5,16.2,0.0,0.0,13.1,73,1014.8,9
Delhi,2012-12-01,21.9,10.2,15.3,0.0,0.0,11.7,62,1015.3,0
Delhi,2012-12-02,21.8,8.1,14.6,0.0,0.0,10.2,61,1016.8,20
Delhi,2012-12-03,22.6,7.6,14.7,0.0,0.0,10.7,62,1017.2,3
Delhi,2012-12-04,23.2,9.0,15.2,0.0,0.0,14.8,61,1016.1,24
Delhi,2012-12-05,24.2,10.5,16.1,0.0,0.0,15.5,56,1015.4,85
Delhi,2012-12-06,24.9,10.1,16.7,0.0,0.0,17.7,50,1015.4,4
Delhi,2012-12-07,24.4,11.7,17.1,0.0,0.0,17.6,47,1013.9,66
Delhi,2012-12-08,25.3,11.2,17.4,0.0,0.0,13.5,54,1013.0,16
Delhi,2012-12-09,25.4,10.2,17.4,0.0,0.0,7.9,60,1012.2,0
Delhi,2012-12-10,24.9,11.2,17.7,0.0,0.0,10.5,65,1011.7,2
Delhi,2012-12-11,22.0,12.1,16.0,1.4,1.4,15.1,78,1012.7,46
Delhi,2012-12-12,21.5,8.7,15.4,0.0,0.0,7.4,75,1014.3,80
Delhi,2012-12-13,23.4,10.9,17.0,0.8,0.8,15.7,62,1013.7,38
Delhi,2012-12-14,21.7,13.5,16.7,8.5,8.5,22.3,68,1017.0,38
Delhi,2012-12-15,22.1,11.1,16.7,0.0,0.0,8.5,69,1018.7,46
Delhi,2012-12-16,22.0,13.3,16.7,0.4,0.4,12.3,79,1020.1,47
Delhi,2012-12-17,21.8,11.0,15.6,0.0,0.0,21.8,70,1019.2,45
Delhi,2012-12-18,23.1,10.9,16.2,0.0,0.0,20.5,57,1017.7,14
Delhi,2012-12-19,21.6,11.2,15.4,0.0,0.0,23.2,56,1016.0,9
Delhi,2012-12-20,21.4,10.1,14.5,0.0,0.0,20.4,52,1014.1,48
Delhi,2012-12-21,21.2,7.6,13.6,0.0,0.0,12.8,63,1015.5,6
Delhi,2012-12-22,21.1,7.2,13.5,0.0,0.0,14.6,70,1016.4,0
Delhi,2012-12-23,19.8,6.8,12.9,0.0,0.0,10.2,75,1017.5,1
Delhi,2012-12-24,19.5,7.8,13.1,0.0,0.0,10.2,78,1016.5,10
Delhi,2012-12-25,19.4,7.7,13.0,0.0,0.0,10.0,77,1015.6,0
Delhi,2012-12-26,18.6,7.5,12.4,0.0,0.0,9.5,83,1015.7,28
Delhi,2012-12-27,18.4,6.6,12.0,0.0,0.0,10.4,84,1015.4,53
Delhi,2012-12-28,20.2,7.1,13.0,0.0,0.0,15.1,75,1012.3,3
Delhi,2012-12-29,20.5,7.7,14.1,0.0,0.0,11.7,75,1013.7,10
Delhi,2012-12-30,17.6,8.0,12.3,0.0,0.0,10.7,78,1015.1,15
Delhi,2012-12-31,16.0,5.4,10.3,0.0,0.0,12.0,75,1014.6,0
Delhi,2013-01-01,15.5,4.6,9.8,0.0,0.0,8.4,82,1014.8,39
Delhi,2013-01-02,14.6,4.4,8.5,0.0,0.0,9.4,87,1016.6,41
Delhi,2013-01-03,15.4,4.1,9.1,0.0,0.0,11.0,79,1017.9,63
Delhi,2013-01-04,15.0,3.5,8.5,0.0,0.0,9.7,79,1017.1,55
Delhi,2013-01-05,13.5,3.0,7.6,0.0,0.0,9.9,84,1015.8,35
Delhi,2013-01-06,14.8,2.4,8.2,0.0,0.0,10.5,77,1017.4,46
Delhi,2013-01-07,15.9,4.1,9.2,0.0,0.0,18.2,74,1018.5,24
Delhi,2013-01-08,16.8,4.8,10.0,0.0,0.0,20.7,69,1018.0,0
Delhi,2013-01-09,19.3,6.0,11.8,0.0,0.0,18.7,65,1017.3,3
Delhi,2013-01-10,20.2,8.1,13.3,0.0,0.0,23.4,63,1015.2,12
Delhi,2013-01-11,21.4,9.0,14.4,0.0,0.0,20.3,57,1015.4,0
Delhi,2013-01-12,22.8,9.3,15.6,0.0,0.0,11.8,71,1015.8,4
Delhi,2013-01-13,22.8,10.3,16.3,0.0,0.0,11.4,77,1013.2,5
Delhi,2013-01-14,20.9,10.8,15.3,0.0,0.0,10.0,77,1014.7,17
Delhi,2013-01-15,21.3,6.6,14.1,0.0,0.0,9.7,76,1015.6,2
Delhi,2013-01-16,22.9,10.1,16.5,0.0,0.0,9.6,73,1016.7,15
Delhi,2013-01-17,22.4,14.2,17.0,19.4,19.4,16.0,83,1015.4,69
Delhi,2013-01-18,16.5,11.0,14.5,28.4,28.4,22.8,89,1014.1,63
Delhi,2013-01-19,17.0,7.1,11.4,0.0,0.0,14.8,80,1020.9,38
Delhi,2013-01-20,17.3,6.5,11.3,0.0,0.0,16.9,76,1020.3,2
Delhi,2013-01-21,17.8,5.9,11.3,0.0,0.0,13.6,71,1020.6,33
Delhi,2013-01-22,17.8,5.2,11.2,0.0,0.0,10.0,73,1021.1,0
Delhi,2013-01-23,17.9,5.3,11.5,0.0,0.0,10.0,76,1020.5,0
Delhi,2013-01-24,18.7,6.0,11.8,0.0,0.0,11.0,74,1020.3,0
Delhi,2013-01-25,19.1,6.3,12.1,0.0,0.0,13.2,72,1019.8,0
Delhi,2013-01-26,19.4,6.0,12.3,0.0,0.0,15.1,69,1019.2,0
Delhi,2013-01-27,20.1,6.1,12.8,0.0,0.0,15.1,69,1018.2,46
Delhi,2013-01-28,19.8,7.7,13.1,0.0,0.0,9.7,74,1017.6,63
Delhi,2013-01-29,21.5,7.4,13.9,0.0,0.0,14.9,76,1016.3,23
Delhi,2013-01-30,20.6,6.6,13.5,0.0,0.0,10.7,78,1017.6,48
Delhi,2013-01-31,20.0,6.7,13.2,0.0,0.0,9.6,81,1018.3,89
Delhi,2013-02-01,21.5,7.9,14.6,0.0,0.0,9.3,82,1018.2,51
Delhi,2013-02-02,22.3,12.2,16.2,0.0,0.0,9.0,78,1017.1,54
Delhi,2013-02-03,23.2,9.2,16.5,0.3,0.3,8.5,73,1015.8,50
Delhi,2013-02-04,21.4,14.9,17.5,8.5,8.5,23.8,80,1014.6,77
Delhi,2013-02-05,17.1,14.4,15.7,16.1,16.1,27.3,89,1015.8,89
Delhi,2013-02-06,19.9,10.4,15.7,11.1,11.1,14.5,83,1018.5,56
Delhi,2013-02-07,18.8,8.0,12.9,0.0,0.0,16.8,74,1018.8,1
Delhi,2013-02-08,20.0,8.6,13.6,0.0,0.0,16.0,77,1017.1,0
Delhi,2013-02-09,20.3,8.0,13.7,0.0,0.0,11.1,77,1016.7,0
Delhi,2013-02-10,20.6,7.0,13.6,0.0,0.0,9.7,77,1017.0,19
Delhi,2013-02-11,21.3,7.3,14.2,0.0,0.0,10.2,77,1016.4,14
Delhi,2013-02-12,21.8,8.9,14.7,0.0,0.0,11.5,76,1016.9,29
Delhi,2013-02-13,22.8,9.1,15.5,0.0,0.0,12.3,76,1015.8,49
Delhi,2013-02-14,24.3,9.2,16.3,0.0,0.0,10.8,72,1014.1,5
Delhi,2013-02-15,20.5,11.0,15.4,11.5,11.5,19.1,81,1011.7,55
Delhi,2013-02-16,16.7,13.0,14.3,44.6,44.6,28.0,91,1007.9,99
Delhi,2013-02-17,17.9,12.1,14.6,1.3,1.3,10.4,84,1011.2,60
Delhi,2013-02-18,19.5,9.2,14.3,0.0,0.0,12.6,80,1014.9,24
Delhi,2013-02-19,19.0,9.7,14.4,0.0,0.0,10.0,82,1015.4,73
Delhi,2013-02-20,21.6,9.7,15.5,0.0,0.0,12.3,79,1016.7,1
Delhi,2013-02-21,22.8,9.1,16.2,4.5,4.5,11.0,80,1015.7,33
Delhi,2013-02-22,23.8,14.1,18.2,2.3,2.3,17.5,76,1016.4,63
Delhi,2013-02-23,21.9,14.3,16.8,21.0,21.0,26.4,85,1015.5,86
Delhi,2013-02-24,21.1,10.9,15.7,0.4,0.4,13.8,84,1018.8,44
Delhi,2013-02-25,22.3,10.7,16.2,0.0,0.0,8.9,79,1018.4,0
Delhi,2013-02-26,23.2,10.3,16.7,0.0,0.0,12.9,75,1016.3,5
Delhi,2013-02-27,24.5,14.5,18.6,0.3,0.3,14.4,71,1014.4,9
Delhi,2013-02-28,24.1,10.8,17.3,0.0,0.0,17.1,69,1016.9,3
Delhi,2013-03-01,22.6,11.4,16.7,0.0,0.0,23.1,64,1016.7,43
Delhi,2013-03-02,24.2,11.3,17.1,0.0,0.0,19.5,64,1016.3,3
Delhi,2013-03-03,25.4,11.7,18.0,0.0,0.0,16.9,68,1016.1,0
Delhi,2013-03-04,26.1,10.9,18.3,0.0,0.0,10.5,72,1015.6,19
Delhi,2013-03-05,26.9,10.8,19.0,0.0,0.0,10.4,74,1016.4,0
Delhi,2013-03-06,26.8,13.2,19.7,0.0,0.0,13.6,75,1016.2,0
Delhi,2013-03-07,27.5,13.7,20.2,0.0,0.0,13.9,71,1015.6,0
Delhi,2013-03-08,28.0,12.2,20.0,0.0,0.0,10.7,72,1015.2,0
Delhi,2013-03-09,29.3,15.3,21.9,0.0,0.0,10.3,63,1011.0,11
Delhi,2013-03-10,28.9,14.6,21.7,0.0,0.0,11.3,55,1007.9,5
Delhi,2013-03-11,29.2,14.3,22.1,0.0,0.0,9.1,67,1010.8,21
Delhi,2013-03-12,29.2,15.4,21.9,0.0,0.0,13.0,70,1011.2,43
Delhi,2013-03-13,29.3,13.8,21.9,0.0,0.0,13.6,67,1011.0,26
Delhi,2013-03-14,24.0,15.5,19.4,0.5,0.5,20.8,79,1012.6,32
Delhi,2013-03-15,27.5,12.2,19.9,0.0,0.0,11.4,67,1016.4,4
Delhi,2013-03-16,27.2,12.6,20.2,0.0,0.0,11.8,66,1016.3,38
Delhi,2013-03-17,28.1,14.2,21.1,0.0,0.0,16.7,65,1015.5,9
Delhi,2013-03-18,28.4,15.4,21.8,0.0,0.0,24.9,61,1010.7,15
Delhi,2013-03-19,29.8,17.3,23.3,0.0,0.0,18.4,66,1008.8,3
Delhi,2013-03-20,31.2,17.1,23.7,1.8,1.8,10.0,65,1010.2,64
Delhi,2013-03-21,31.7,17.1,24.0,0.0,0.0,17.6,63,1009.6,5
Delhi,2013-03-22,30.3,17.3,23.6,0.0,0.0,15.2,54,1006.9,59
Delhi,2013-03-23,32.5,17.5,25.2,1.5,1.5,14.6,50,1007.7,43
Delhi,2013-03-24,31.6,19.2,25.2,0.0,0.0,18.6,48,1010.4,21
Delhi,2013-03-25,28.4,15.9,22.2,0.0,0.0,20.4,57,1011.2,52
Delhi,2013-03-26,28.6,16.0,22.2,0.0,0.0,16.8,52,1008.7,83
Delhi,2013-03-27,28.5,15.8,22.4,0.0,0.0,13.6,54,1009.1,90
Delhi,2013-03-28,31.0,15.6,23.5,0.0,0.0,14.0,56,1009.6,22
Delhi,2013-03-29,27.4,18.1,22.2,6.9,6.9,16.7,66,1009.7,26
Delhi,2013-03-30,27.4,16.4,22.1,0.0,0.0,14.9,68,1009.1,14
Delhi,2013-03-31,29.7,16.6,23.3,0.0,0.0,12.3,62,1008.8,1
Delhi,2013-04-01,31.6,16.6,24.3,0.0,0.0,12.3,56,1009.1,1
Delhi,2013-04-02,32.4,16.7,24.5,4.0,4.0,21.2,55,1009.3,52
Delhi,2013-04-03,30.3,19.0,24.2,0.5,0.5,13.8,53,1009.5,30
Delhi,2013-04-04,30.9,17.5,24.0,0.0,0.0,24.7,49,1008.6,1
Delhi,2013-04-05,31.3,17.2,24.1,0.0,0.0,26.1,39,1007.1,0
Delhi,2013-04-06,32.8,17.1,24.9,0.0,0.0,21.0,38,1006.4,1
Delhi,2013-04-07,35.0,18.4,26.7,0.0,0.0,17.3,36,1005.7,0
Delhi,2013-04-08,35.5,19.2,27.5,0.0,0.0,14.5,41,1006.4,18
Delhi,2013-04-09,35.5,20.0,27.6,1.5,1.5,12.4,42,1006.9,58
Delhi,2013-04-10,35.6,20.6,27.9,0.3,0.3,15.2,37,1007.4,20
Delhi,2013-04-11,33.8,20.3,27.1,0.2,0.2,13.3,38,1007.3,12
Delhi,2013-04-12,34.8,19.7,27.8,0.0,0.0,15.7,38,1008.0,48
Delhi,2013-04-13,35.0,19.9,28.4,0.0,0.0,11.3,38,1008.4,26
Delhi,2013-04-14,35.4,21.1,28.1,1.7,1.7,13.4,36,1007.9,23
Delhi,2013-04-15,35.2,19.2,27.8,0.0,0.0,16.0,42,1004.9,5
Delhi,2013-04-16,38.8,20.1,29.5,0.0,0.0,18.4,35,1001.2,13
Delhi,2013-04-17,35.9,19.9,28.5,0.0,0.0,19.9,30,1002.0,3
Delhi,2013-04-18,36.5,19.7,28.8,0.0,0.0,10.8,27,1003.2,35
Delhi,2013-04-19,36.6,22.0,29.2,0.0,0.0,10.9,27,1003.6,5
Delhi,2013-04-20,36.8,19.2,28.8,0.0,0.0,15.8,27,1003.5,26
Delhi,2013-04-21,32.6,21.8,26.9,0.5,0.5,25.7,44,1007.1,59
Delhi,2013-04-22,30.9,20.5,25.6,2.7,2.7,18.4,56,1010.4,26
Delhi,2013-04-23,33.1,20.4,27.2,0.0,0.0,8.9,48,1010.3,22
Delhi,2013-04-24,35.3,22.1,28.9,0.0,0.0,9.2,46,1009.9,24
Delhi,2013-04-25,36.6,22.1,30.0,0.0,0.0,9.3,40,1008.5,64
Delhi,2013-04-26,34.8,24.1,29.3,0.3,0.3,24.4,41,1008.7,34
Delhi,2013-04-27,36.7,22.3,29.6,0.0,0.0,24.1,37,1008.2,49
Delhi,2013-04-28,35.6,23.1,29.2,0.0,0.0,19.6,35,1006.2,66
Delhi,2013-04-29,37.1,24.0,30.5,0.0,0.0,14.7,31,1005.6,19
Delhi,2013-04-30,38.1,24.6,31.6,0.0,0.0,16.0,32,1005.5,17
Delhi,2013-05-01,38.0,23.2,30.5,0.0,0.0,18.7,24,1003.7,34
Delhi,2013-05-02,36.3,21.8,29.3,0.0,0.0,22.9,18,1001.6,14
Delhi,2013-05-03,37.2,21.8,29.9,0.0,0.0,16.6,22,1000.0,10
Delhi,2013-05-04,39.9,20.7,31.6,0.0,0.0,11.5,22,999.5,0
Delhi,2013-05-05,40.3,24.9,32.5,0.0,0.0,15.0,21,1000.8,24
Delhi,2013-05-06,39.6,24.8,32.6,0.3,0.3,16.6,26,1002.1,18
Delhi,2013-05-07,39.8,23.7,32.0,0.0,0.0,14.6,30,1002.6,55
Delhi,2013-05-08,40.7,24.3,32.9,0.0,0.0,17.9,24,1002.3,0
Delhi,2013-05-09,40.9,24.9,33.2,0.0,0.0,15.5,24,1001.6,7
Delhi,2013-05-10,40.6,24.6,33.1,0.0,0.0,11.6,27,1001.2,45
Delhi,2013-05-11,37.1,25.9,31.4,0.7,0.7,21.5,32,1000.4,35
Delhi,2013-05-12,34.3,24.6,29.1,0.6,0.6,14.6,45,1003.7,44
Delhi,2013-05-13,36.4,22.0,29.7,0.0,0.0,14.0,43,1004.4,2
Delhi,2013-05-14,38.7,22.9,31.4,0.0,0.0,15.8,37,1002.3,7
Delhi,2013-05-15,39.2,23.4,32.0,0.0,0.0,15.0,31,1000.9,5
Delhi,2013-05-16,40.1,24.8,32.8,0.0,0.0,20.4,31,999.3,9
Delhi,2013-05-17,41.0,24.7,33.5,0.0,0.0,13.9,27,1000.6,0
Delhi,2013-05-18,42.1,26.4,34.3,0.0,0.0,15.1,22,1000.1,0
Delhi,2013-05-19,43.7,26.3,35.2,0.0,0.0,20.9,21,1000.0,0
Delhi,2013-05-20,42.9,29.5,35.9,0.0,0.0,18.9,20,1000.2,0
Delhi,2013-05-21,44.0,27.2,35.6,0.0,0.0,18.5,23,999.9,0
Delhi,2013-05-22,43.6,28.4,36.1,0.0,0.0,22.5,20,999.4,0
Delhi,2013-05-23,44.5,29.7,36.8,0.0,0.0,25.2,19,997.9,0
Delhi,2013-05-24,44.4,29.4,36.8,0.0,0.0,21.1,23,997.2,0
Delhi,2013-05-25,42.9,32.1,37.1,0.0,0.0,21.3,27,998.3,6
Delhi,2013-05-26,42.3,32.0,36.6,0.0,0.0,21.0,25,999.4,4
Delhi,2013-05-27,40.9,31.0,35.7,0.0,0.0,20.5,30,1000.1,18
Delhi,2013-05-28,42.0,29.0,35.5,0.0,0.0,17.8,24,1000.2,11
Delhi,2013-05-29,42.1,26.7,34.6,0.0,0.0,17.1,20,1000.1,8
Delhi,2013-05-30,40.0,26.1,33.2,0.0,0.0,14.3,22,999.4,2
Delhi,2013-05-31,40.0,23.7,32.6,0.0,0.0,14.1,29,998.6,2
Delhi,2013-06-01,37.7,27.2,32.5,0.0,0.0,19.6,46,1001.2,6
Delhi,2013-06-02,36.3,26.2,31.5,0.0,0.0,18.3,51,1001.4,12
Delhi,2013-06-03,37.4,28.1,32.9,0.1,0.1,14.7,50,1000.3,11
Delhi,2013-06-04,39.5,28.6,34.4,0.0,0.0,12.6,49,1000.3,8
Delhi,2013-06-05,42.3,30.9,36.5,0.0,0.0,11.5,38,999.1,6
Delhi,2013-06-06,42.0,31.0,36.1,0.0,0.0,18.3,43,997.5,13
Delhi,2013-06-07,38.9,29.0,33.5,1.2,1.2,25.0,56,998.8,26
Delhi,2013-06-08,39.1,30.0,34.6,0.0,0.0,18.7,52,997.4,12
Delhi,2013-06-09,39.5,30.3,34.8,0.0,0.0,16.5,53,996.1,69
Delhi,2013-06-10,40.4,30.3,34.7,0.4,0.4,12.6,53,996.2,68
Delhi,2013-06-11,32.4,27.2,30.0,2.4,2.4,20.8,73,999.3,98
Delhi,2013-06-12,35.7,26.5,30.6,2.6,2.6,11.6,71,999.1,61
Delhi,2013-06-13,35.0,28.3,31.4,0.8,0.8,16.1,65,999.0,95
Delhi,2013-06-14,36.9,27.7,32.4,0.0,0.0,13.5,56,998.1,69
Delhi,2013-06-15,35.0,27.5,30.8,0.0,0.0,26.4,60,998.3,45
Delhi,2013-06-16,30.7,25.7,26.9,3.0,3.0,18.5,79,997.3,83
Delhi,2013-06-17,31.3,25.2,27.9,2.1,2.1,16.0,78,994.7,84
Delhi,2013-06-18,31.1,25.1,27.7,0.0,0.0,10.2,78,997.4,69
Delhi,2013-06-19,36.1,23.9,30.1,0.1,0.1,11.0,65,999.0,21
Delhi,2013-06-20,38.2,25.9,32.3,0.0,0.0,13.2,51,998.4,7
Delhi,2013-06-21,40.8,26.8,34.1,0.0,0.0,19.3,46,996.1,5
Delhi,2013-06-22,39.9,29.7,34.9,0.0,0.0,23.8,42,996.3,33
Delhi,2013-06-23,39.9,28.8,34.5,0.0,0.0,18.6,51,995.9,36
Delhi,2013-06-24,38.4,28.8,33.1,0.0,0.0,18.6,62,996.1,89
Delhi,2013-06-25,34.6,28.0,30.7,6.7,6.7,17.3,73,999.0,91
Delhi,2013-06-26,34.0,26.4,29.9,4.0,4.0,12.4,75,999.1,58
Delhi,2013-06-27,34.7,27.4,30.1,4.2,4.2,14.0,75,997.3,98
Delhi,2013-06-28,36.7,26.8,30.6,6.5,6.5,15.3,73,996.8,74
Delhi,2013-06-29,37.6,27.4,31.8,0.6,0.6,23.4,67,996.3,43
Delhi,2013-06-30,36.4,27.2,31.4,0.6,0.6,20.0,68,997.7,78
Delhi,2013-07-01,37.4,27.3,31.5,1.5,1.5,12.2,66,996.4,59
Delhi,2013-07-02,34.6,26.7,30.6,0.6,0.6,15.5,73,996.4,57
Delhi,2013-07-03,32.5,27.1,29.2,1.5,1.5,12.9,76,998.4,73
Delhi,2013-07-04,34.3,27.3,30.3,2.2,2.2,16.3,74,997.7,65
Delhi,2013-07-05,33.8,26.9,30.2,0.9,0.9,16.8,71,998.0,80
Delhi,2013-07-06,30.6,26.2,28.0,11.4,11.4,13.4,83,1000.7,100
Delhi,2013-07-07,31.6,26.2,28.6,8.9,8.9,11.3,83,1000.7,89
Delhi,2013-07-08,32.2,26.1,28.1,8.5,8.5,7.4,86,998.7,89
Delhi,2013-07-09,33.9,25.3,29.1,15.6,15.6,14.8,82,997.3,84
Delhi,2013-07-10,33.9,26.1,29.9,1.3,1.3,17.8,75,996.3,70
Delhi,2013-07-11,33.8,27.0,30.0,0.7,0.7,13.8,74,998.2,54
Delhi,2013-07-12,31.6,26.0,28.5,6.1,6.1,17.7,80,1000.5,69
Delhi,2013-07-13,33.0,27.0,29.7,0.3,0.3,14.8,78,999.5,54
Delhi,2013-07-14,33.3,26.4,29.7,7.1,7.1,10.1,81,998.4,83
Delhi,2013-07-15,31.9,26.0,28.4,1.9,1.9,9.4,86,999.1,95
Delhi,2013-07-16,32.0,26.4,28.5,2.7,2.7,10.7,84,999.7,81
Delhi,2013-07-17,32.4,26.6,29.4,5.0,5.0,8.9,81,999.0,92
Delhi,2013-07-18,32.8,26.3,29.5,4.0,4.0,9.5,82,996.7,93
Delhi,2013-07-19,33.4,25.8,28.7,29.0,29.0,11.0,85,995.2,100
Delhi,2013-07-20,26.7,25.5,25.9,43.8,43.8,16.5,95,998.9,100
Delhi,2013-07-21,29.3,25.1,27.1,6.3,6.3,6.8,89,997.4,97
Delhi,2013-07-22,30.1,25.4,27.5,6.7,6.7,12.5,88,996.9,99
Delhi,2013-07-23,31.1,25.2,27.4,5.8,5.8,10.7,87,998.7,86
Delhi,2013-07-24,33.3,26.9,29.1,10.5,10.5,13.4,82,997.8,65
Delhi,2013-07-25,32.3,25.5,27.7,19.2,19.2,9.8,88,996.2,59
Delhi,2013-07-26,31.5,25.0,27.7,2.6,2.6,10.5,85,995.8,59
Delhi,2013-07-27,30.9,25.6,27.9,3.2,3.2,11.9,83,997.8,83
Delhi,2013-07-28,33.0,25.9,29.4,0.5,0.5,8.7,81,998.7,74
Delhi,2013-07-29,32.7,26.6,29.1,2.9,2.9,9.4,82,998.8,68
Delhi,2013-07-30,32.6,26.0,28.7,6.7,6.7,11.2,85,997.8,83
Delhi,2013-07-31,30.9,25.1,27.9,11.5,11.5,12.5,87,997.3,98
Delhi,2013-08-01,31.8,25.3,28.1,24.5,24.5,10.9,84,998.4,92
Delhi,2013-08-02,31.4,26.7,28.8,0.8,0.8,22.4,76,999.7,59
Delhi,2013-08-03,32.3,26.6,28.9,0.7,0.7,18.4,78,1001.5,42
Delhi,2013-08-04,32.5,25.9,29.3,0.3,0.3,8.6,80,1001.0,60
Delhi,2013-08-05,30.7,26.2,28.3,11.2,11.2,8.6,85,1001.0,99
Delhi,2013-08-06,29.7,25.2,26.7,12.8,12.8,8.7,90,1002.6,100
Delhi,2013-08-07,30.1,24.9,27.3,6.5,6.5,7.2,88,1002.6,94
Delhi,2013-08-08,30.1,25.4,27.5,8.6,8.6,7.7,88,1001.5,99
Delhi,2013-08-09,28.2,25.0,26.2,6.0,6.0,10.2,91,1001.1,100
Delhi,2013-08-10,30.8,24.8,27.4,7.1,7.1,11.9,87,1000.9,98
Delhi,2013-08-11,30.6,25.4,27.4,7.3,7.3,14.6,86,1002.0,99
Delhi,2013-08-12,31.1,25.6,27.4,7.4,7.4,16.3,85,1002.0,94
Delhi,2013-08-13,29.8,25.4,27.5,2.6,2.6,17.2,86,1000.8,89
Delhi,2013-08-14,30.4,24.9,26.8,11.9,11.9,20.5,88,1001.0,84
Delhi,2013-08-15,28.8,24.6,26.3,6.2,6.2,12.2,90,1002.4,99
Delhi,2013-08-16,29.5,24.5,26.3,12.3,12.3,10.4,91,1001.4,99
Delhi,2013-08-17,28.1,24.5,25.9,10.6,10.6,11.0,93,1000.0,99
Delhi,2013-08-18,29.9,24.0,26.6,10.2,10.2,8.1,89,1000.0,92
Delhi,2013-08-19,29.1,24.4,26.4,11.5,11.5,6.0,89,1000.7,99
Delhi,2013-08-20,31.6,24.5,27.2,14.1,14.1,9.8,88,999.6,83
Delhi,2013-08-21,32.0,25.2,27.9,5.8,5.8,10.9,88,999.4,89
Delhi,2013-08-22,30.0,24.9,27.0,8.6,8.6,10.0,88,1001.7,99
Delhi,2013-08-23,32.1,24.8,28.4,0.6,0.6,7.9,84,1001.6,60
Delhi,2013-08-24,33.1,26.0,29.5,0.1,0.1,12.1,82,1001.6,23
Delhi,2013-08-25,33.4,26.5,29.8,1.0,1.0,8.1,81,1000.3,29
Delhi,2013-08-26,33.8,26.7,30.1,0.9,0.9,11.0,79,998.9,46
Delhi,2013-08-27,33.6,27.4,29.9,0.8,0.8,19.9,74,999.8,55
Delhi,2013-08-28,31.2,25.9,28.3,0.1,0.1,11.6,78,1003.5,91
Delhi,2013-08-29,30.9,25.9,27.9,4.2,4.2,9.8,80,1004.6,75
Delhi,2013-08-30,30.0,26.2,27.6,1.5,1.5,10.2,81,1004.1,90
Delhi,2013-08-31,30.8,26.5,28.3,0.0,0.0,10.5,76,1003.7,85
Delhi,2013-09-01,32.6,25.3,28.8,0.4,0.4,15.3,74,1004.2,46
Delhi,2013-09-02,33.5,26.1,29.3,0.0,0.0,17.3,69,1004.2,13
Delhi,2013-09-03,33.9,26.0,29.3,0.0,0.0,18.9,67,1003.3,7
Delhi,2013-09-04,33.7,26.3,29.3,0.0,0.0,19.4,62,1002.9,5
Delhi,2013-09-05,33.2,26.1,29.0,0.0,0.0,18.8,62,1002.1,7
Delhi,2013-09-06,33.0,25.1,28.6,0.0,0.0,16.0,65,1003.7,9
Delhi,2013-09-07,33.6,24.8,28.9,0.0,0.0,13.4,64,1005.5,14
Delhi,2013-09-08,32.5,24.6,28.2,0.3,0.3,9.1,70,1007.0,17
Delhi,2013-09-09,33.5,24.3,28.5,0.1,0.1,8.7,74,1007.9,21
Delhi,2013-09-10,33.5,24.4,28.5,0.4,0.4,10.0,73,1006.0,18
Delhi,2013-09-11,33.4,25.1,29.0,0.0,0.0,8.6,72,1005.9,24
Delhi,2013-09-12,33.0,25.3,28.7,2.0,2.0,9.1,79,1007.9,23
Delhi,2013-09-13,32.9,24.7,28.9,0.0,0.0,7.1,77,1008.2,12
Delhi,2013-09-14,33.9,25.5,29.2,0.0,0.0,10.0,75,1005.4,9
Delhi,2013-09-15,34.7,24.8,29.3,0.0,0.0,9.0,72,1002.3,3
Delhi,2013-09-16,31.5,24.9,27.6,5.9,5.9,16.8,81,1003.2,10
Delhi,2013-09-17,33.4,23.0,28.0,0.0,0.0,11.8,72,1003.3,1
Delhi,2013-09-18,33.9,22.9,28.4,0.0,0.0,13.1,66,1003.3,0
Delhi,2013-09-19,33.2,22.5,28.0,0.0,0.0,8.6,68,1003.1,1
Delhi,2013-09-20,31.2,25.1,26.9,6.9,6.9,17.6,83,1003.4,49
Delhi,2013-09-21,30.9,23.6,26.1,25.1,25.1,18.0,86,1003.8,84
Delhi,2013-09-22,30.6,24.6,27.2,3.5,3.5,12.6,85,1002.5,60
Delhi,2013-09-23,32.2,25.2,28.4,0.0,0.0,12.3,81,1001.7,26
Delhi,2013-09-24,32.2,25.5,28.1,2.6,2.6,14.4,82,1003.1,46
Delhi,2013-09-25,30.9,24.1,27.1,9.3,9.3,8.1,86,1005.5,50
Delhi,2013-09-26,30.2,23.4,26.8,7.6,7.6,12.3,85,1007.4,67
Delhi,2013-09-27,31.6,24.7,27.7,2.5,2.5,12.2,81,1006.3,50
Delhi,2013-09-28,31.4,24.6,27.2,3.6,3.6,7.3,85,1005.7,65
Delhi,2013-09-29,31.5,25.2,27.1,4.6,4.6,9.2,87,1004.4,82
Delhi,2013-09-30,29.2,24.4,26.0,2.4,2.4,11.3,87,1005.2,71
Delhi,2013-10-01,30.0,24.3,26.9,0.0,0.0,13.2,78,1007.6,27
Delhi,2013-10-02,30.6,23.5,26.7,0.8,0.8,16.1,76,1009.9,18
Delhi,2013-10-03,29.8,23.2,26.2,0.0,0.0,20.3,74,1009.2,21
Delhi,2013-10-04,27.5,21.9,23.5,5.1,5.1,19.8,87,1007.5,59
Delhi,2013-10-05,30.4,21.8,26.0,0.1,0.1,10.1,79,1005.2,22
Delhi,2013-10-06,29.9,22.7,26.4,0.6,0.6,8.6,80,1006.6,14
Delhi,2013-10-07,30.4,23.8,27.0,0.0,0.0,7.9,80,1009.4,24
Delhi,2013-10-08,31.0,23.8,27.2,0.0,0.0,12.2,77,1010.5,18
Delhi,2013-10-09,30.8,23.5,26.9,0.0,0.0,12.2,74,1011.0,13
Delhi,2013-10-10,31.2,22.6,26.8,0.0,0.0,13.5,74,1011.4,14
Delhi,2013-10-11,28.5,22.6,24.7,2.4,2.4,16.9,86,1011.4,82
Delhi,2013-10-12,27.7,21.5,24.7,0.0,0.0,6.6,84,1009.0,75
Delhi,2013-10-13,29.8,21.6,25.5,1.9,1.9,6.8,84,1008.4,30
Delhi,2013-10-14,30.2,22.4,25.9,0.0,0.0,14.5,80,1007.6,14
Delhi,2013-10-15,30.9,21.4,26.1,0.0,0.0,9.4,71,1008.9,0
Delhi,2013-10-16,30.9,20.0,25.3,0.0,0.0,7.6,72,1009.5,4
Delhi,2013-10-17,31.8,21.1,26.1,0.0,0.0,7.7,70,1010.1,3
Delhi,2013-10-18,31.6,21.3,26.1,0.0,0.0,8.2,72,1011.1,6
Delhi,2013-10-19,31.0,20.6,25.7,0.0,0.0,11.3,64,1011.6,2
Delhi,2013-10-20,30.7,19.4,24.8,0.0,0.0,9.4,62,1011.3,1
Delhi,2013-10-21,30.4,18.2,24.0,0.0,0.0,9.3,64,1009.8,0
Delhi,2013-10-22,30.3,17.6,23.9,0.0,0.0,8.7,65,1011.3,0
Delhi,2013-10-23,29.7,18.5,24.0,0.0,0.0,9.4,68,1013.4,1
Delhi,2013-10-24,29.2,17.8,23.8,0.0,0.0,8.9,68,1013.5,6
Delhi,2013-10-25,29.4,17.3,23.8,0.0,0.0,8.9,66,1011.6,1
Delhi,2013-10-26,29.0,18.7,23.6,0.0,0.0,8.5,67,1011.5,3
Delhi,2013-10-27,29.4,17.8,23.8,0.0,0.0,13.0,63,1010.9,4
Delhi,2013-10-28,30.6,17.4,23.4,0.0,0.0,16.9,54,1010.1,0
Delhi,2013-10-29,30.4,15.2,22.7,0.0,0.0,12.0,57,1011.3,0
Delhi,2013-10-30,30.7,18.0,23.8,0.0,0.0,8.9,58,1012.8,1
Delhi,2013-10-31,30.2,18.1,23.7,0.0,0.0,9.9,61,1013.3,10
Delhi,2013-11-01,28.5,19.2,23.1,0.2,0.2,14.3,67,1013.6,24
Delhi,2013-11-02,27.7,16.7,21.8,0.0,0.0,13.6,63,1014.2,1
Delhi,2013-11-03,27.6,14.9,20.9,0.0,0.0,14.0,50,1015.6,0
Delhi,2013-11-04,27.5,12.9,20.2,0.0,0.0,12.6,56,1017.5,35
Delhi,2013-11-05,26.5,13.5,19.9,0.0,0.0,8.8,56,1017.2,61
Delhi,2013-11-06,26.6,15.2,20.6,0.0,0.0,10.1,61,1016.4,54
Delhi,2013-11-07,25.6,16.0,19.8,0.9,0.9,9.7,70,1015.7,35
Delhi,2013-11-08,24.3,14.9,19.0,1.7,1.7,9.4,75,1015.5,24
Delhi,2013-11-09,24.9,12.7,18.7,0.0,0.0,8.9,69,1016.5,9
Delhi,2013-11-10,25.2,13.6,18.9,0.0,0.0,12.8,61,1016.8,0
Delhi,2013-11-11,25.2,12.9,18.5,0.0,0.0,14.3,60,1013.9,0
Delhi,2013-11-12,25.0,12.1,18.1,0.0,0.0,10.3,60,1013.4,0
Delhi,2013-11-13,25.2,11.1,17.9,0.0,0.0,11.0,60,1014.4,0
Delhi,2013-11-14,24.6,11.5,17.6,0.0,0.0,11.2,55,1015.0,0
Delhi,2013-11-15,24.8,10.7,17.3,0.0,0.0,9.7,57,1016.3,0
Delhi,2013-11-16,24.7,10.0,17.2,0.0,0.0,9.2,61,1017.6,0
Delhi,2013-11-17,24.9,11.1,17.5,0.0,0.0,10.9,56,1017.7,0
Delhi,2013-11-18,25.7,11.7,18.0,0.0,0.0,15.5,50,1017.0,0
Delhi,2013-11-19,26.0,11.9,18.3,0.0,0.0,15.9,53,1015.6,0
Delhi,2013-11-20,26.3,11.0,18.6,0.0,0.0,9.9,60,1013.0,0
Delhi,2013-11-21,26.4,11.2,18.6,0.0,0.0,11.3,65,1012.4,0
Delhi,2013-11-22,25.3,11.9,18.5,0.0,0.0,8.2,67,1015.3,0
Delhi,2013-11-23,25.4,11.7,18.6,0.0,0.0,10.2,66,1014.7,0
Delhi,2013-11-24,25.9,12.1,18.6,0.0,0.0,11.1,62,1014.9,25
Delhi,2013-11-25,27.0,13.9,19.9,0.0,0.0,18.0,55,1013.4,2
Delhi,2013-11-26,27.8,15.6,20.7,0.0,0.0,20.6,53,1011.9,36
Delhi,2013-11-27,27.3,14.0,20.0,0.0,0.0,12.5,60,1014.1,50
Delhi,2013-11-28,26.3,13.2,19.0,0.0,0.0,10.0,64,1017.3,6
Delhi,2013-11-29,26.4,12.6,18.6,0.0,0.0,17.1,54,1017.2,0
Delhi,2013-11-30,26.0,12.3,18.4,0.0,0.0,16.6,52,1015.7,0
Delhi,2013-12-01,25.7,11.3,18.0,0.0,0.0,9.5,58,1015.9,0
Delhi,2013-12-02,25.2,10.9,17.8,0.0,0.0,10.7,62,1015.8,0
Delhi,2013-12-03,25.1,10.8,17.9,0.0,0.0,9.7,62,1016.3,2
Delhi,2013-12-04,24.7,11.3,17.4,0.0,0.0,14.0,60,1017.0,0
Delhi,2013-12-05,24.6,11.5,17.2,0.0,0.0,16.5,58,1015.5,0
Delhi,2013-12-06,24.0,10.9,16.9,0.0,0.0,12.0,60,1013.9,0
Delhi,2013-12-07,24.1,9.8,16.7,0.0,0.0,9.0,69,1014.3,0
Delhi,2013-12-08,24.2,10.7,17.1,0.0,0.0,8.9,71,1014.1,0
Delhi,2013-12-09,23.7,10.4,16.9,0.0,0.0,10.0,73,1013.1,0
Delhi,2013-12-10,23.3,10.1,16.4,0.0,0.0,11.5,73,1013.6,0
Delhi,2013-12-11,24.2,10.7,16.8,0.0,0.0,16.5,65,1014.0,0
Delhi,2013-12-12,23.8,13.2,17.7,0.0,0.0,24.9,58,1013.3,0
Delhi,2013-12-13,23.7,12.4,17.2,0.0,0.0,23.2,51,1012.2,0
Delhi,2013-12-14,22.7,10.6,16.2,0.0,0.0,8.9,68,1012.4,0
Delhi,2013-12-15,23.3,10.5,16.6,0.0,0.0,9.6,69,1014.7,0
Delhi,2013-12-16,23.2,11.2,16.8,0.0,0.0,10.0,73,1015.3,1
Delhi,2013-12-17,23.0,11.2,16.5,0.0,0.0,9.2,74,1014.3,4
Delhi,2013-12-18,22.5,10.1,16.4,0.0,0.0,8.7,75,1012.7,4
Delhi,2013-12-19,21.1,13.2,16.3,0.5,0.5,10.2,78,1012.6,44
Delhi,2013-12-20,19.0,11.3,15.0,0.8,0.8,11.2,87,1015.8,57
Delhi,2013-12-21,19.7,13.1,15.7,0.0,0.0,9.1,81,1016.6,54
Delhi,2013-12-22,18.9,12.3,15.1,0.4,0.4,10.8,84,1018.6,84
Delhi,2013-12-23,18.8,11.9,14.7,0.0,0.0,11.9,78,1020.4,57
Delhi,2013-12-24,18.7,9.9,13.7,0.0,0.0,12.8,71,1021.6,19
Delhi,2013-12-25,19.6,7.9,12.9,0.0,0.0,16.3,61,1020.6,0
Delhi,2013-12-26,19.8,7.0,12.4,0.0,0.0,15.0,52,1019.6,4
Delhi,2013-12-27,18.7,7.3,12.2,0.0,0.0,9.4,53,1018.6,26
Delhi,2013-12-28,19.4,6.9,12.1,0.0,0.0,13.1,51,1018.5,1
Delhi,2013-12-29,18.2,4.0,10.6,0.0,0.0,10.7,62,1018.5,0
Delhi,2013-12-30,18.2,3.3,11.0,3.9,3.9,11.8,70,1017.9,39
Delhi,2013-12-31,14.6,11.7,12.8,2.5,2.5,14.7,85,1019.8,99
Delhi,2014-01-01,16.9,9.4,13.2,0.0,0.0,13.8,80,1021.0,56
Delhi,2014-01-02,17.7,5.8,11.1,0.0,0.0,14.0,71,1020.3,0
Delhi,2014-01-03,18.4,5.2,11.3,0.0,0.0,12.2,61,1018.3,7
Delhi,2014-01-04,18.7,9.2,13.5,0.0,0.0,8.0,66,1016.3,40
Delhi,2014-01-05,19.6,6.6,12.7,0.0,0.0,9.3,69,1014.6,6
Delhi,2014-01-06,18.2,5.0,11.2,0.0,0.0,13.0,71,1016.9,0
Delhi,2014-01-07,18.6,7.6,12.2,0.0,0.0,12.0,68,1017.8,24
Delhi,2014-01-08,18.7,4.7,11.6,0.0,0.0,9.8,70,1017.8,46
Delhi,2014-01-09,18.7,6.2,12.2,0.0,0.0,8.4,68,1016.8,15
Delhi,2014-01-10,18.7,6.5,12.4,0.0,0.0,12.5,71,1016.3,23
Delhi,2014-01-11,18.1,7.1,12.3,0.0,0.0,14.7,71,1018.8,12
Delhi,2014-01-12,19.2,7.3,12.8,0.0,0.0,9.3,72,1020.9,72
Delhi,2014-01-13,19.5,6.2,12.7,0.0,0.0,9.4,67,1019.9,75
Delhi,2014-01-14,19.7,7.1,13.3,0.0,0.0,8.4,70,1017.3,9
Delhi,2014-01-15,19.1,7.5,13.1,0.0,0.0,9.7,73,1018.9,17
Delhi,2014-01-16,18.2,5.8,12.6,0.0,0.0,8.3,77,1019.7,48
Delhi,2014-01-17,18.1,10.2,13.8,8.3,8.3,18.1,81,1017.8,85
Delhi,2014-01-18,17.5,11.2,13.8,19.1,19.1,9.8,80,1018.4,74
Delhi,2014-01-19,18.2,9.5,13.4,0.0,0.0,10.2,82,1023.7,63
Delhi,2014-01-20,19.4,7.8,13.1,0.0,0.0,9.2,83,1021.4,52
Delhi,2014-01-21,15.8,11.9,13.6,22.4,22.4,15.3,90,1020.6,99
Delhi,2014-01-22,17.1,11.9,14.0,4.3,4.3,13.5,92,1019.5,81
Delhi,2014-01-23,19.3,10.1,14.5,0.0,0.0,9.2,84,1020.8,73
Delhi,2014-01-24,18.7,10.3,14.2,0.0,0.0,13.7,78,1019.2,25
Delhi,2014-01-25,18.3,8.1,12.9,0.0,0.0,15.0,82,1019.5,54
Delhi,2014-01-26,20.2,9.9,14.2,0.0,0.0,14.0,79,1018.9,34
Delhi,2014-01-27,21.4,9.2,14.6,0.0,0.0,18.2,75,1019.1,12
Delhi,2014-01-28,21.8,10.0,15.3,0.0,0.0,15.6,74,1017.1,70
Delhi,2014-01-29,21.7,10.0,15.5,0.0,0.0,9.8,77,1017.7,31
Delhi,2014-01-30,21.0,10.3,15.0,0.0,0.0,8.7,81,1019.2,5
Delhi,2014-01-31,19.8,8.3,13.7,0.0,0.0,9.4,87,1019.4,49
Delhi,2014-02-01,19.3,8.4,13.6,0.0,0.0,8.3,85,1019.7,63
Delhi,2014-02-02,20.7,7.4,14.3,0.0,0.0,9.0,84,1017.7,74
Delhi,2014-02-03,24.5,8.8,16.8,0.0,0.0,10.3,76,1013.8,36
Delhi,2014-02-04,23.5,10.9,17.0,0.0,0.0,12.6,80,1011.3,27
Delhi,2014-02-05,21.6,11.1,16.1,0.4,0.4,10.2,79,1011.5,31
Delhi,2014-02-06,23.2,10.9,16.8,1.3,1.3,15.5,77,1011.4,27
Delhi,2014-02-07,23.9,13.4,17.5,0.4,0.4,17.6,78,1009.3,20
Delhi,2014-02-08,19.3,10.8,15.0,0.0,0.0,13.0,80,1011.0,46
Delhi,2014-02-09,18.3,7.9,12.6,0.0,0.0,18.1,68,1011.8,0
Delhi,2014-02-10,18.3,5.2,12.1,0.0,0.0,10.5,65,1012.2,31
Delhi,2014-02-11,19.8,6.3,12.6,0.0,0.0,11.7,68,1013.3,0
Delhi,2014-02-12,19.6,6.8,12.8,0.0,0.0,15.4,67,1013.6,0
Delhi,2014-02-13,19.8,6.0,13.0,1.0,1.0,9.7,70,1013.6,29
Delhi,2014-02-14,16.2,10.7,13.5,14.7,14.7,17.8,84,1012.5,80
Delhi,2014-02-15,18.0,9.7,13.7,0.2,0.2,10.6,82,1012.2,53
Delhi,2014-02-16,18.4,7.7,12.0,0.0,0.0,17.9,79,1015.4,51
Delhi,2014-02-17,19.6,8.3,13.4,0.0,0.0,21.9,68,1017.9,0
Delhi,2014-02-18,21.2,9.3,14.8,0.0,0.0,19.2,65,1017.6,0
Delhi,2014-02-19,21.2,7.7,14.8,0.0,0.0,9.7,72,1016.9,33
Delhi,2014-02-20,22.3,9.2,15.1,0.0,0.0,10.2,72,1014.8,0
Delhi,2014-02-21,23.4,8.9,15.9,0.0,0.0,13.3,73,1014.4,16
Delhi,2014-02-22,20.9,11.7,16.3,0.5,0.5,11.6,85,1016.9,61
Delhi,2014-02-23,21.3,10.0,15.4,0.0,0.0,11.0,82,1019.2,42
Delhi,2014-02-24,22.1,9.5,15.7,0.0,0.0,10.0,71,1019.0,42
Delhi,2014-02-25,22.9,9.3,16.5,0.0,0.0,9.4,67,1017.5,59
Delhi,2014-02-26,24.4,10.8,17.2,0.3,0.3,13.3,72,1014.9,49
Delhi,2014-02-27,21.9,12.7,16.7,4.4,4.4,11.0,82,1013.6,51
Delhi,2014-02-28,20.5,13.1,15.9,8.2,8.2,15.6,89,1013.0,47
Delhi,2014-03-01,18.1,12.0,14.7,2.0,2.0,9.3,93,1014.9,75
Delhi,2014-03-02,20.4,9.9,14.5,0.0,0.0,12.0,81,1017.1,50
Delhi,2014-03-03,23.0,8.7,15.9,0.0,0.0,9.7,71,1016.7,32
Delhi,2014-03-04,24.1,10.9,17.4,0.0,0.0,10.4,68,1016.4,71
Delhi,2014-03-05,24.1,11.5,17.2,1.7,1.7,15.7,70,1016.3,61
Delhi,2014-03-06,23.4,10.8,16.9,0.0,0.0,12.0,72,1016.4,7
Delhi,2014-03-07,24.3,9.8,16.9,0.0,0.0,13.5,64,1017.0,0
Delhi,2014-03-08,25.3,11.5,18.2,0.0,0.0,14.8,63,1017.5,0
Delhi,2014-03-09,27.0,11.6,19.2,0.7,0.7,8.7,68,1015.3,15
Delhi,2014-03-10,26.3,14.3,20.0,0.4,0.4,19.3,69,1014.3,58
Delhi,2014-03-11,25.9,14.9,19.1,17.2,17.2,25.9,73,1013.9,39
Delhi,2014-03-12,24.4,14.0,18.7,10.6,10.6,12.9,74,1016.4,45
Delhi,2014-03-13,24.6,12.7,18.0,0.0,0.0,15.2,69,1016.5,29
Delhi,2014-03-14,25.3,11.4,18.2,0.0,0.0,12.7,66,1015.3,0
Delhi,2014-03-15,26.9,10.7,19.7,0.0,0.0,10.8,64,1016.3,16
Delhi,2014-03-16,29.5,13.2,21.3,0.0,0.0,13.0,66,1016.1,10
Delhi,2014-03-17,31.1,14.1,23.3,0.0,0.0,12.1,64,1012.5,38
Delhi,2014-03-18,29.1,17.9,23.1,0.5,0.5,17.2,63,1012.9,16
Delhi,2014-03-19,27.3,14.5,20.7,0.0,0.0,18.1,62,1013.7,0
Delhi,2014-03-20,27.7,12.5,20.4,0.0,0.0,14.7,57,1011.5,66
Delhi,2014-03-21,30.4,15.0,22.6,0.3,0.3,15.5,56,1008.0,35
Delhi,2014-03-22,29.8,16.2,23.1,0.0,0.0,14.0,56,1007.1,11
Delhi,2014-03-23,26.3,15.6,21.0,0.4,0.4,18.1,67,1010.6,51
Delhi,2014-03-24,28.6,16.7,22.5,1.1,1.1,14.1,64,1012.1,52
Delhi,2014-03-25,30.1,17.1,23.7,0.2,0.2,11.2,58,1011.1,24
Delhi,2014-03-26,29.2,19.0,23.7,0.1,0.1,17.4,60,1011.1,83
Delhi,2014-03-27,29.6,19.0,23.6,0.0,0.0,11.8,62,1012.0,92
Delhi,2014-03-28,30.1,16.6,23.2,0.4,0.4,14.3,59,1011.9,80
Delhi,2014-03-29,30.5,17.6,24.3,0.0,0.0,13.8,53,1011.5,39
Delhi,2014-03-30,30.1,17.5,23.4,0.0,0.0,20.7,50,1010.7,53
Delhi,2014-03-31,30.5,16.2,23.2,0.0,0.0,19.5,43,1008.8,15
Delhi,2014-04-01,31.5,15.3,23.7,0.0,0.0,17.9,42,1007.0,1
Delhi,2014-04-02,33.0,16.0,24.5,1.5,1.5,15.3,48,1005.9,20
Delhi,2014-04-03,30.8,16.8,23.9,0.0,0.0,17.8,49,1010.6,0
Delhi,2014-04-04,32.2,16.7,24.6,0.0,0.0,20.3,49,1010.6,8
Delhi,2014-04-05,33.6,18.6,26.1,0.0,0.0,17.1,48,1009.6,15
Delhi,2014-04-06,36.2,18.3,27.6,0.0,0.0,10.7,47,1007.8,20
Delhi,2014-04-07,33.1,20.4,26.9,0.1,0.1,17.3,49,1009.5,21
Delhi,2014-04-08,31.3,18.0,24.5,0.0,0.0,16.9,49,1010.8,0
Delhi,2014-04-09,32.2,17.3,24.9,0.0,0.0,18.0,38,1010.7,0
Delhi,2014-04-10,33.1,17.7,25.6,0.0,0.0,18.4,31,1011.1,5
Delhi,2014-04-11,34.8,17.0,26.5,0.0,0.0,20.9,32,1009.4,2
Delhi,2014-04-12,35.6,17.9,27.4,0.8,0.8,12.4,34,1008.0,35
Delhi,2014-04-13,33.5,22.1,27.4,0.2,0.2,23.6,31,1009.6,68
Delhi,2014-04-14,34.2,19.1,27.0,1.0,1.0,17.2,41,1011.3,36
Delhi,2014-04-15,35.2,19.5,28.0,0.0,0.0,10.2,38,1010.1,36
Delhi,2014-04-16,34.7,22.7,28.5,0.0,0.0,14.7,35,1008.8,60
Delhi,2014-04-17,32.5,20.2,26.6,0.6,0.6,13.4,46,1007.5,39
Delhi,2014-04-18,27.2,20.4,23.2,11.0,11.0,15.5,62,1010.9,88
Delhi,2014-04-19,30.3,18.8,24.3,2.6,2.6,11.0,66,1011.4,44
Delhi,2014-04-20,32.5,17.6,25.4,0.0,0.0,10.3,49,1011.2,23
Delhi,2014-04-21,33.4,17.8,26.0,0.0,0.0,13.6,41,1010.6,24
Delhi,2014-04-22,34.6,19.2,26.3,0.0,0.0,18.8,41,1012.5,26
Delhi,2014-04-23,34.3,21.2,27.9,0.0,0.0,12.8,42,1010.2,15
Delhi,2014-04-24,35.8,20.3,28.6,0.0,0.0,15.6,40,1007.1,8
Delhi,2014-04-25,37.7,20.7,29.6,0.0,0.0,18.2,36,1006.9,13
Delhi,2014-04-26,37.9,21.5,30.1,0.2,0.2,17.3,33,1006.6,14
Delhi,2014-04-27,37.4,21.2,29.9,0.0,0.0,13.5,29,1007.7,0
Delhi,2014-04-28,39.0,21.9,30.8,0.0,0.0,20.5,27,1006.7,0
Delhi,2014-04-29,40.4,22.0,32.0,0.0,0.0,14.0,27,1005.0,0
Delhi,2014-04-30,41.3,23.8,33.6,0.0,0.0,12.2,25,1004.5,1
Delhi,2014-05-01,42.2,23.4,33.1,0.0,0.0,13.5,23,1002.9,6
Delhi,2014-05-02,40.5,25.0,32.5,0.8,0.8,10.9,22,1002.4,38
Delhi,2014-05-03,37.1,25.1,30.6,2.3,2.3,16.5,35,1004.3,54
Delhi,2014-05-04,37.4,23.3,31.1,0.0,0.0,11.7,37,1003.3,24
Delhi,2014-05-05,36.9,25.2,30.5,0.9,0.9,18.1,42,1005.8,38
Delhi,2014-05-06,34.0,24.6,28.8,1.8,1.8,14.9,58,1008.0,30
Delhi,2014-05-07,36.9,23.7,30.5,0.0,0.0,12.5,51,1005.8,9
Delhi,2014-05-08,39.7,23.9,32.2,0.0,0.0,21.1,34,1003.3,16
Delhi,2014-05-09,38.6,23.9,31.8,0.0,0.0,15.3,26,1001.5,2
Delhi,2014-05-10,37.6,22.5,31.1,0.0,0.0,10.0,30,1000.7,24
Delhi,2014-05-11,34.8,25.0,29.4,1.2,1.2,17.8,40,1004.6,42
Delhi,2014-05-12,34.7,23.4,28.3,1.9,1.9,13.7,53,1005.7,48
Delhi,2014-05-13,33.0,22.4,28.0,0.0,0.0,12.0,56,1007.9,40
Delhi,2014-05-14,33.8,22.3,28.6,0.0,0.0,16.9,49,1006.9,69
Delhi,2014-05-15,34.8,22.5,29.0,0.0,0.0,14.5,44,1005.2,46
Delhi,2014-05-16,35.9,23.2,30.1,0.0,0.0,14.7,40,1004.1,10
Delhi,2014-05-17,36.6,24.6,31.0,0.0,0.0,16.8,38,1007.1,3
Delhi,2014-05-18,37.7,23.9,31.0,0.0,0.0,18.8,37,1007.6,5
Delhi,2014-05-19,38.0,24.0,31.2,0.0,0.0,19.2,33,1007.5,0
Delhi,2014-05-20,38.6,24.2,31.6,0.0,0.0,18.6,30,1005.7,5
Delhi,2014-05-21,37.5,23.1,30.9,0.0,0.0,20.5,32,1003.7,0
Delhi,2014-05-22,39.9,24.0,32.5,0.0,0.0,19.8,29,1000.8,1
Delhi,2014-05-23,42.1,26.1,33.7,0.0,0.0,22.7,30,1000.2,26
Delhi,2014-05-24,38.9,24.9,32.3,1.5,1.5,9.8,42,1003.9,32
Delhi,2014-05-25,38.2,25.3,31.1,1.6,1.6,13.5,43,1005.6,45
Delhi,2014-05-26,36.2,24.3,30.8,0.0,0.0,13.5,46,1007.5,11
Delhi,2014-05-27,38.3,23.9,31.0,0.9,0.9,15.6,44,1005.6,8
Delhi,2014-05-28,40.3,23.0,32.6,0.0,0.0,15.5,35,1002.7,4
Delhi,2014-05-29,41.4,24.0,33.4,0.0,0.0,10.6,35,1000.5,0
Delhi,2014-05-30,41.6,27.5,34.3,0.0,0.0,12.3,34,999.8,15
Delhi,2014-05-31,41.9,27.4,34.3,0.1,0.1,14.6,38,999.6,34
Delhi,2014-06-01,38.4,26.8,32.8,0.1,0.1,18.6,42,1003.1,31
Delhi,2014-06-02,40.5,26.3,33.3,0.0,0.0,9.4,44,1003.4,3
Delhi,2014-06-03,41.6,26.0,34.2,0.0,0.0,17.8,29,1000.9,0
Delhi,2014-06-04,42.3,26.4,35.0,0.0,0.0,14.9,30,999.3,0
Delhi,2014-06-05,43.5,27.1,35.9,0.0,0.0,13.6,30,997.4,2
Delhi,2014-06-06,44.4,28.1,36.9,0.0,0.0,18.1,24,996.1,1
Delhi,2014-06-07,44.9,29.5,37.5,0.0,0.0,19.8,22,994.8,2
Delhi,2014-06-08,44.6,28.2,37.0,0.0,0.0,12.8,21,994.3,9
Delhi,2014-06-09,43.9,29.7,37.0,0.0,0.0,10.5,26,994.0,17
Delhi,2014-06-10,44.3,27.6,36.7,0.0,0.0,19.3,23,995.4,2
Delhi,2014-06-11,43.5,30.8,36.6,0.0,0.0,25.3,21,996.2,5
Delhi,2014-06-12,42.1,28.7,34.4,0.4,0.4,31.3,33,997.5,26
Delhi,2014-06-13,38.1,30.7,34.3,0.2,0.2,31.0,41,997.1,42
Delhi,2014-06-14,39.4,29.1,33.8,1.0,1.0,18.0,43,997.1,28
Delhi,2014-06-15,40.2,31.4,34.8,1.8,1.8,23.0,45,997.3,31
Delhi,2014-06-16,40.8,31.0,35.7,0.0,0.0,19.7,43,996.8,22
Delhi,2014-06-17,41.5,32.7,36.7,0.0,0.0,23.7,37,995.3,27
Delhi,2014-06-18,40.6,30.6,35.5,0.0,0.0,16.9,43,995.0,27
Delhi,2014-06-19,40.2,28.3,34.6,0.0,0.0,16.4,50,994.7,28
Delhi,2014-06-20,42.0,33.1,37.4,0.0,0.0,24.2,36,992.5,21
Delhi,2014-06-21,40.9,32.9,36.7,0.0,0.0,23.5,36,994.5,28
Delhi,2014-06-22,39.2,30.1,33.7,2.9,2.9,20.0,48,996.9,17
Delhi,2014-06-23,36.7,29.0,32.6,1.3,1.3,23.5,52,997.5,27
Delhi,2014-06-24,37.6,28.4,32.8,3.0,3.0,17.4,52,996.0,21
Delhi,2014-06-25,35.5,27.9,31.9,1.3,1.3,10.9,58,997.6,43
Delhi,2014-06-26,37.3,27.9,31.4,5.0,5.0,16.8,62,1001.1,23
Delhi,2014-06-27,38.4,28.3,33.5,0.0,0.0,15.3,53,1002.4,21
Delhi,2014-06-28,38.9,29.5,34.1,0.2,0.2,16.4,51,1000.7,21
Delhi,2014-06-29,39.3,30.3,34.3,0.0,0.0,18.4,47,998.0,28
Delhi,2014-06-30,38.1,29.1,33.1,0.7,0.7,14.5,54,998.3,39
Delhi,2014-07-01,35.9,28.2,32.1,0.0,0.0,14.1,56,1001.0,47
Delhi,2014-07-02,36.8,27.8,31.7,0.2,0.2,12.5,59,1001.8,37
Delhi,2014-07-03,34.1,27.5,30.7,2.6,2.6,17.3,64,999.3,36
Delhi,2014-07-04,37.1,27.2,31.9,0.0,0.0,14.5,60,997.8,26
Delhi,2014-07-05,38.1,27.4,32.8,1.3,1.3,13.9,62,999.4,19
Delhi,2014-07-06,39.1,28.7,33.4,0.4,0.4,14.5,54,1000.8,65
Delhi,2014-07-07,39.0,28.0,33.3,0.1,0.1,15.1,56,999.4,49
Delhi,2014-07-08,40.5,28.6,34.7,0.0,0.0,22.4,47,997.5,10
Delhi,2014-07-09,39.8,29.7,34.9,0.0,0.0,24.0,35,997.1,15
Delhi,2014-07-10,41.0,29.4,35.5,0.0,0.0,20.4,33,997.5,32
Delhi,2014-07-11,41.4,29.9,36.0,0.0,0.0,17.4,35,996.7,43
Delhi,2014-07-12,40.4,29.8,35.1,0.0,0.0,12.1,50,996.6,36
Delhi,2014-07-13,38.2,30.8,34.3,0.4,0.4,16.6,59,998.0,96
Delhi,2014-07-14,35.6,27.7,31.3,1.6,1.6,14.8,70,998.0,99
Delhi,2014-07-15,36.7,27.6,31.8,1.7,1.7,19.8,69,996.8,95
Delhi,2014-07-16,35.1,28.6,30.9,4.8,4.8,17.5,69,997.8,88
Delhi,2014-07-17,35.1,27.9,30.6,2.8,2.8,15.8,70,996.9,78
Delhi,2014-07-18,29.1,25.8,26.8,19.3,19.3,11.2,91,995.6,99
Delhi,2014-07-19,29.2,25.9,27.3,14.7,14.7,13.2,86,995.7,96
Delhi,2014-07-20,32.3,25.3,28.5,0.7,0.7,8.8,80,997.6,92
Delhi,2014-07-21,34.4,26.1,30.1,1.1,1.1,7.3,75,997.1,59
Delhi,2014-07-22,33.9,27.2,30.3,0.3,0.3,14.3,75,997.6,88
Delhi,2014-07-23,32.3,27.3,29.1,0.9,0.9,19.1,77,998.1,92
Delhi,2014-07-24,32.2,26.8,29.1,0.0,0.0,22.7,71,999.1,91
Delhi,2014-07-25,31.4,26.2,28.6,0.9,0.9,18.5,72,1001.4,66
Delhi,2014-07-26,33.5,26.4,29.7,1.0,1.0,14.9,73,1002.8,85
Delhi,2014-07-27,34.4,27.0,30.0,6.8,6.8,10.0,77,1002.8,85
Delhi,2014-07-28,31.0,25.5,27.5,7.2,7.2,12.1,86,1000.6,93
Delhi,2014-07-29,31.0,25.2,27.3,18.9,18.9,15.9,87,1000.2,99
Delhi,2014-07-30,33.1,25.8,29.2,0.6,0.6,11.2,80,1000.5,89
Delhi,2014-07-31,31.7,26.2,28.7,4.7,4.7,15.3,83,1000.8,95
Delhi,2014-08-01,32.8,26.6,28.9,5.8,5.8,12.6,83,999.3,90
Delhi,2014-08-02,34.0,26.7,30.1,10.1,10.1,7.6,80,997.9,61
Delhi,2014-08-03,33.2,26.1,29.2,16.1,16.1,9.4,82,996.4,88
Delhi,2014-08-04,30.5,25.7,27.0,32.8,32.8,16.3,91,996.7,100
Delhi,2014-08-05,30.5,25.3,27.3,22.2,22.2,10.0,90,998.1,95
Delhi,2014-08-06,32.2,26.2,29.2,1.6,1.6,13.0,78,997.8,65
Delhi,2014-08-07,30.9,26.7,28.7,0.4,0.4,21.5,78,997.6,61
Delhi,2014-08-08,30.7,25.4,28.2,2.5,2.5,13.8,81,999.0,46
Delhi,2014-08-09,32.0,26.1,28.6,5.2,5.2,10.0,84,1000.9,65
Delhi,2014-08-10,33.3,26.6,29.6,1.2,1.2,7.3,81,1001.6,69
Delhi,2014-08-11,32.3,26.1,29.1,1.5,1.5,5.5,83,1000.9,74
Delhi,2014-08-12,34.2,26.2,29.9,3.8,3.8,13.4,78,999.6,54
Delhi,2014-08-13,33.4,27.3,30.0,0.6,0.6,23.2,71,999.1,60
Delhi,2014-08-14,33.5,26.7,29.9,0.1,0.1,21.7,67,998.3,35
Delhi,2014-08-15,32.1,26.9,29.1,0.4,0.4,20.8,71,999.6,48
Delhi,2014-08-16,31.5,25.9,28.8,0.5,0.5,10.5,70,1003.0,41
Delhi,2014-08-17,33.4,26.4,29.8,0.0,0.0,13.4,62,1003.7,38
Delhi,2014-08-18,34.3,25.5,29.9,0.0,0.0,12.6,65,1005.6,13
Delhi,2014-08-19,35.8,26.2,30.9,0.0,0.0,11.3,61,1005.7,8
Delhi,2014-08-20,37.4,26.1,31.7,0.0,0.0,15.7,53,1003.4,8
Delhi,2014-08-21,37.9,27.8,32.5,0.0,0.0,18.4,45,1001.5,7
Delhi,2014-08-22,37.5,27.1,32.3,0.0,0.0,16.0,46,1002.5,12
Delhi,2014-08-23,37.9,26.8,32.7,0.0,0.0,16.1,43,1003.8,7
Delhi,2014-08-24,38.7,26.7,33.0,0.0,0.0,14.5,41,1003.4,7
Delhi,2014-08-25,39.5,26.7,33.4,0.0,0.0,14.4,41,1002.9,8
Delhi,2014-08-26,39.2,29.2,34.0,2.4,2.4,14.1,43,1002.3,24
Delhi,2014-08-27,38.0,28.4,32.2,2.3,2.3,11.2,53,1001.5,33
Delhi,2014-08-28,35.6,27.1,30.1,5.6,5.6,13.9,69,1003.9,33
Delhi,2014-08-29,34.2,26.8,30.3,0.0,0.0,11.2,68,1004.1,26
Delhi,2014-08-30,34.3,27.3,29.9,4.9,4.9,11.6,73,1003.2,45
Delhi,2014-08-31,33.6,27.0,30.1,1.0,1.0,11.5,72,1001.7,91
Delhi,2014-09-01,32.7,26.8,29.0,3.9,3.9,24.4,71,1001.3,46
Delhi,2014-09-02,32.3,25.7,28.5,2.5,2.5,26.0,74,1002.3,70
Delhi,2014-09-03,31.0,25.8,27.5,18.7,18.7,26.4,80,1002.1,98
Delhi,2014-09-04,29.2,24.5,26.4,17.1,17.1,21.5,87,1001.3,99
Delhi,2014-09-05,28.3,23.9,25.5,24.9,24.9,21.3,92,1000.4,98
Delhi,2014-09-06,30.8,24.1,27.2,0.8,0.8,7.2,87,1002.8,86
Delhi,2014-09-07,32.1,24.8,28.1,4.5,4.5,7.7,84,1004.1,64
Delhi,2014-09-08,32.3,26.0,28.5,4.2,4.2,13.8,82,1004.2,47
Delhi,2014-09-09,32.9,25.8,28.8,0.7,0.7,11.1,80,1003.0,22
Delhi,2014-09-10,31.3,24.8,27.6,10.7,10.7,11.9,84,1003.7,79
Delhi,2014-09-11,30.4,24.3,26.6,6.0,6.0,9.0,87,1005.7,84
Delhi,2014-09-12,31.2,23.6,26.5,0.7,0.7,9.1,85,1006.2,46
Delhi,2014-09-13,31.7,23.3,27.6,0.4,0.4,10.0,79,1004.7,13
Delhi,2014-09-14,32.3,24.8,28.3,0.3,0.3,11.8,76,1004.8,19
Delhi,2014-09-15,32.6,24.4,28.4,0.0,0.0,13.8,75,1004.9,8
Delhi,2014-09-16,32.5,24.2,28.3,0.3,0.3,10.4,74,1003.4,14
Delhi,2014-09-17,33.3,24.1,28.6,0.1,0.1,13.9,71,1002.5,11
Delhi,2014-09-18,34.8,25.4,29.5,0.0,0.0,15.5,64,1003.8,4
Delhi,2014-09-19,35.2,25.4,29.7,0.0,0.0,11.5,62,1004.3,1
Delhi,2014-09-20,34.4,25.0,29.3,0.0,0.0,9.4,64,1003.3,6
Delhi,2014-09-21,35.9,24.3,29.7,0.0,0.0,11.5,59,1003.8,2
Delhi,2014-09-22,36.1,25.0,30.1,0.0,0.0,18.2,50,1004.9,0
Delhi,2014-09-23,36.0,25.9,30.2,0.0,0.0,22.4,44,1004.5,0
Delhi,2014-09-24,36.0,25.1,29.9,0.0,0.0,18.9,43,1006.1,0
Delhi,2014-09-25,35.7,24.4,29.9,0.0,0.0,13.7,45,1007.6,5
Delhi,2014-09-26,35.3,24.1,29.9,0.0,0.0,15.9,46,1008.4,9
Delhi,2014-09-27,36.0,24.7,30.1,0.0,0.0,16.3,44,1009.1,9
Delhi,2014-09-28,36.1,24.6,30.2,0.0,0.0,16.4,44,1009.8,13
Delhi,2014-09-29,36.1,23.9,30.3,0.0,0.0,14.7,46,1009.4,16
Delhi,2014-09-30,36.3,25.3,30.4,0.0,0.0,11.4,48,1009.5,26
Delhi,2014-10-01,35.8,24.0,29.9,0.0,0.0,11.4,56,1010.8,21
Delhi,2014-10-02,35.2,24.3,29.8,0.0,0.0,8.2,54,1010.2,20
Delhi,2014-10-03,35.7,24.1,30.0,0.0,0.0,10.1,54,1008.7,11
Delhi,2014-10-04,36.9,24.7,30.5,0.0,0.0,11.7,53,1009.1,8
Delhi,2014-10-05,35.9,24.4,30.3,0.0,0.0,14.4,56,1010.5,14
Delhi,2014-10-06,36.2,24.4,30.3,0.0,0.0,10.9,55,1011.1,8
Delhi,2014-10-07,34.6,24.7,29.8,0.0,0.0,12.9,58,1009.3,9
Delhi,2014-10-08,34.7,25.1,29.8,0.0,0.0,12.1,54,1010.0,12
Delhi,2014-10-09,35.3,23.4,29.5,0.0,0.0,12.7,47,1010.4,5
Delhi,2014-10-10,35.2,21.3,28.3,0.0,0.0,14.8,39,1009.3,0
Delhi,2014-10-11,34.5,21.0,27.8,0.0,0.0,11.0,46,1008.4,0
Delhi,2014-10-12,34.1,19.7,27.1,0.0,0.0,8.7,49,1009.4,0
Delhi,2014-10-13,32.5,20.2,26.5,0.5,0.5,17.7,58,1010.2,15
Delhi,2014-10-14,27.9,21.3,24.0,3.7,3.7,17.3,74,1010.6,38
Delhi,2014-10-15,29.5,18.7,24.2,0.5,0.5,6.9,71,1014.7,21
Delhi,2014-10-16,30.3,18.5,24.2,0.0,0.0,12.0,57,1014.1,2
Delhi,2014-10-17,30.5,16.8,23.8,0.0,0.0,8.7,52,1013.9,9
Delhi,2014-10-18,30.9,17.3,24.2,0.0,0.0,10.7,53,1013.0,1
Delhi,2014-10-19,31.6,17.7,24.7,0.0,0.0,11.5,50,1012.5,0
Delhi,2014-10-20,32.3,18.7,25.5,0.0,0.0,12.8,49,1013.1,0
Delhi,2014-10-21,32.5,20.4,26.5,0.0,0.0,8.7,51,1014.4,6
Delhi,2014-10-22,32.5,20.5,26.4,0.0,0.0,8.3,54,1015.0,12
Delhi,2014-10-23,32.0,21.0,26.4,0.0,0.0,6.7,56,1013.2,6
Delhi,2014-10-24,31.5,20.5,26.0,0.0,0.0,9.2,57,1012.3,13
Delhi,2014-10-25,31.1,20.1,24.7,2.4,2.4,18.6,66,1012.4,19
Delhi,2014-10-26,30.8,19.9,25.1,0.0,0.0,7.7,61,1015.1,7
Delhi,2014-10-27,30.6,20.9,25.3,0.0,0.0,6.9,58,1014.4,9
Delhi,2014-10-28,31.7,19.6,25.4,0.0,0.0,9.0,59,1012.3,13
Delhi,2014-10-29,31.6,18.6,25.2,0.0,0.0,7.1,58,1012.6,7
Delhi,2014-10-30,31.0,19.0,25.2,0.0,0.0,8.6,57,1012.4,39
Delhi,2014-10-31,30.7,18.0,24.4,0.1,0.1,13.0,50,1013.6,58
Delhi,2014-11-01,29.2,19.3,23.6,0.0,0.0,16.9,46,1014.0,63
Delhi,2014-11-02,30.3,16.2,22.9,0.0,0.0,15.5,43,1014.4,8
Delhi,2014-11-03,30.8,16.6,23.6,0.0,0.0,15.6,46,1013.9,4
Delhi,2014-11-04,31.1,18.5,24.4,0.0,0.0,16.0,49,1012.5,2
Delhi,2014-11-05,30.4,18.5,24.0,0.0,0.0,16.5,53,1012.9,2
Delhi,2014-11-06,30.2,17.4,23.5,0.0,0.0,16.5,52,1011.9,0
Delhi,2014-11-07,31.3,17.9,24.8,0.0,0.0,12.5,57,1012.6,8
Delhi,2014-11-08,31.6,18.9,25.3,0.0,0.0,9.7,59,1014.4,7
Delhi,2014-11-09,30.9,19.2,24.5,0.0,0.0,15.0,54,1015.5,3
Delhi,2014-11-10,29.5,17.5,22.6,0.0,0.0,14.5,41,1014.5,0
Delhi,2014-11-11,28.1,14.0,20.7,0.0,0.0,10.5,44,1014.4,0
Delhi,2014-11-12,27.5,13.3,20.1,0.0,0.0,12.1,46,1015.7,0
Delhi,2014-11-13,27.1,12.9,19.6,0.0,0.0,13.6,46,1016.4,78
Delhi,2014-11-14,26.9,12.5,19.2,0.0,0.0,15.0,40,1016.4,50
Delhi,2014-11-15,27.0,12.4,19.1,0.0,0.0,14.8,40,1014.7,9
Delhi,2014-11-16,27.5,12.1,19.3,0.0,0.0,13.2,44,1014.9,0
Delhi,2014-11-17,27.3,12.1,19.2,0.0,0.0,15.1,45,1015.5,0
Delhi,2014-11-18,26.8,11.6,19.0,0.0,0.0,10.1,48,1016.8,3
Delhi,2014-11-19,27.0,11.4,19.0,0.0,0.0,10.5,52,1016.5,0
Delhi,2014-11-20,26.9,12.2,19.2,0.0,0.0,10.7,52,1014.8,26
Delhi,2014-11-21,26.9,12.4,19.3,0.0,0.0,11.3,52,1013.9,31
Delhi,2014-11-22,26.7,11.7,19.0,0.0,0.0,9.6,54,1013.1,5
Delhi,2014-11-23,26.9,11.6,18.8,0.0,0.0,11.5,53,1014.5,2
Delhi,2014-11-24,25.6,11.2,17.9,0.0,0.0,12.5,49,1015.5,0
Delhi,2014-11-25,25.7,11.1,18.0,0.0,0.0,12.7,49,1015.3,0
Delhi,2014-11-26,26.5,12.8,18.9,0.0,0.0,17.1,50,1011.4,0
Delhi,2014-11-27,26.6,12.3,19.4,0.0,0.0,9.4,57,1011.6,0
Delhi,2014-11-28,27.5,13.4,20.4,0.0,0.0,10.1,61,1012.5,17
Delhi,2014-11-29,28.7,15.0,21.6,0.0,0.0,10.3,64,1012.4,1
Delhi,2014-11-30,28.4,15.0,20.9,0.0,0.0,13.5,55,1013.7,0
Delhi,2014-12-01,27.9,15.0,20.4,0.0,0.0,19.4,43,1014.1,0
Delhi,2014-12-02,27.2,14.7,19.9,0.0,0.0,20.3,44,1014.1,31
Delhi,2014-12-03,27.5,14.4,20.2,0.0,0.0,21.1,51,1013.7,0
Delhi,2014-12-04,27.7,14.3,20.1,0.0,0.0,16.4,50,1015.0,51
Delhi,2014-12-05,26.6,11.4,18.8,0.0,0.0,12.0,55,1017.1,19
Delhi,2014-12-06,26.5,12.9,18.9,0.0,0.0,16.4,51,1016.3,17
Delhi,2014-12-07,26.1,13.3,18.7,0.0,0.0,16.6,40,1014.9,81
Delhi,2014-12-08,25.2,11.4,17.8,0.0,0.0,12.7,45,1014.7,33
Delhi,2014-12-09,25.1,11.4,17.9,0.0,0.0,10.1,55,1016.1,0
Delhi,2014-12-10,22.8,10.2,15.9,0.0,0.0,14.5,49,1017.2,0
Delhi,2014-12-11,22.0,7.9,14.6,0.0,0.0,11.8,52,1017.2,14
Delhi,2014-12-12,21.8,7.1,14.9,0.0,0.0,8.7,57,1016.9,17
Delhi,2014-12-13,19.4,13.0,15.2,4.3,4.3,20.5,72,1016.2,65
Delhi,2014-12-14,17.2,12.8,15.1,1.8,1.8,13.8,82,1016.5,96
Delhi,2014-12-15,17.9,10.9,14.5,0.5,0.5,11.2,83,1018.6,62
Delhi,2014-12-16,19.5,9.2,13.7,0.0,0.0,11.6,76,1020.9,43
Delhi,2014-12-17,19.9,8.7,13.5,0.0,0.0,16.8,71,1020.4,0
Delhi,2014-12-18,19.7,7.8,13.3,0.0,0.0,10.7,74,1020.6,81
Delhi,2014-12-19,18.3,8.9,13.0,0.0,0.0,8.2,80,1021.9,98
Delhi,2014-12-20,18.4,6.7,11.9,0.0,0.0,13.5,78,1019.3,53
Delhi,2014-12-21,16.8,6.4,11.0,0.0,0.0,8.7,83,1017.7,27
Delhi,2014-12-22,16.6,6.1,10.1,0.0,0.0,7.6,88,1017.0,55
Delhi,2014-12-23,17.2,6.2,10.7,0.0,0.0,8.8,87,1017.2,39
Delhi,2014-12-24,18.9,5.7,11.9,0.0,0.0,9.2,80,1019.7,29
Delhi,2014-12-25,18.7,7.5,12.4,0.0,0.0,14.5,78,1019.3,1
Delhi,2014-12-26,19.3,7.9,12.7,0.0,0.0,19.6,73,1017.8,0
Delhi,2014-12-27,19.7,8.2,13.0,0.0,0.0,13.8,70,1017.4,0
Delhi,2014-12-28,18.5,5.8,11.9,0.0,0.0,9.8,72,1019.5,11
Delhi,2014-12-29,18.5,5.9,11.5,0.0,0.0,9.2,72,1017.8,1
Delhi,2014-12-30,19.3,4.7,12.0,0.0,0.0,9.7,77,1014.8,5
Delhi,2014-12-31,18.5,7.6,12.7,0.0,0.0,14.8,79,1016.4,48
Delhi,2015-01-01,21.3,12.0,16.3,0.0,0.0,8.9,68,1016.9,83
Delhi,2015-01-02,17.2,14.2,15.2,4.2,4.2,11.2,83,1018.0,98
Delhi,2015-01-03,17.9,14.0,15.6,0.1,0.1,9.0,84,1017.4,97
Delhi,2015-01-04,19.1,10.9,14.4,0.0,0.0,13.5,78,1019.2,35
Delhi,2015-01-05,20.7,9.6,14.3,0.0,0.0,27.0,74,1016.2,0
Delhi,2015-01-06,20.6,10.5,15.1,0.0,0.0,21.7,75,1015.1,45
Delhi,2015-01-07,18.1,10.0,13.8,0.0,0.0,11.3,79,1015.5,46
Delhi,2015-01-08,19.6,6.9,13.0,0.0,0.0,9.4,80,1017.7,6
Delhi,2015-01-09,18.7,6.3,12.4,0.0,0.0,9.4,83,1019.3,34
Delhi,2015-01-10,18.1,7.4,11.9,0.0,0.0,13.8,81,1018.5,34
Delhi,2015-01-11,18.1,6.9,11.7,0.0,0.0,11.8,84,1018.6,57
Delhi,2015-01-12,17.7,6.0,11.3,0.0,0.0,9.7,87,1018.9,78
Delhi,2015-01-13,17.6,6.6,11.2,0.0,0.0,12.2,87,1017.4,50
Delhi,2015-01-14,16.8,10.1,12.9,4.1,4.1,19.7,85,1016.5,40
Delhi,2015-01-15,18.3,7.7,12.0,0.0,0.0,8.3,84,1019.2,49
Delhi,2015-01-16,19.5,7.7,13.3,0.0,0.0,9.3,78,1018.9,9
Delhi,2015-01-17,20.3,8.1,13.8,0.0,0.0,9.9,79,1019.0,12
Delhi,2015-01-18,20.4,7.7,13.7,0.0,0.0,8.7,76,1018.5,0
Delhi,2015-01-19,19.7,6.2,13.1,0.0,0.0,8.3,75,1018.4,9
Delhi,2015-01-20,19.2,6.3,12.7,0.0,0.0,12.4,79,1019.3,33
Delhi,2015-01-21,16.3,9.9,12.6,3.8,3.8,17.0,81,1020.9,58
Delhi,2015-01-22,15.6,11.2,12.8,17.0,17.0,14.1,87,1020.0,86
Delhi,2015-01-23,17.9,11.1,14.1,0.0,0.0,9.6,83,1019.6,92
Delhi,2015-01-24,17.4,10.9,14.4,0.0,0.0,11.8,80,1019.8,78
Delhi,2015-01-25,17.5,9.2,13.7,0.0,0.0,9.2,75,1020.1,70
Delhi,2015-01-26,18.1,8.1,13.3,0.0,0.0,9.0,74,1019.7,64
Delhi,2015-01-27,17.7,8.9,12.9,0.0,0.0,15.1,69,1019.2,26
Delhi,2015-01-28,17.2,6.9,11.4,0.0,0.0,15.1,74,1017.9,7
Delhi,2015-01-29,17.8,4.8,10.9,0.0,0.0,16.8,68,1018.8,0
Delhi,2015-01-30,18.7,5.4,11.7,0.0,0.0,18.7,66,1020.4,0
Delhi,2015-01-31,19.9,7.7,13.1,0.0,0.0,16.0,65,1017.7,12
Delhi,2015-02-01,20.7,7.0,13.8,0.0,0.0,9.9,74,1017.4,58
Delhi,2015-02-02,21.7,11.0,15.8,1.2,1.2,21.0,75,1017.4,32
Delhi,2015-02-03,21.9,13.3,17.0,13.2,13.2,19.5,78,1019.6,32
Delhi,2015-02-04,19.9,10.0,13.9,0.0,0.0,14.6,86,1022.2,48
Delhi,2015-02-05,20.5,9.2,14.1,0.0,0.0,13.5,76,1019.2,8
Delhi,2015-02-06,20.7,7.1,13.5,0.0,0.0,9.2,72,1018.6,23
Delhi,2015-02-07,22.1,7.8,14.8,0.0,0.0,8.7,69,1017.1,11
Delhi,2015-02-08,22.3,9.8,15.3,2.1,2.1,9.0,73,1016.9,24
Delhi,2015-02-09,23.1,10.0,15.8,0.0,0.0,14.1,71,1019.4,0
Delhi,2015-02-10,22.1,9.5,15.1,0.0,0.0,14.5,67,1019.8,15
Delhi,2015-02-11,22.0,7.9,14.8,0.0,0.0,9.4,64,1017.0,17
Delhi,2015-02-12,22.1,8.6,15.2,0.0,0.0,13.3,69,1016.0,1
Delhi,2015-02-13,24.3,9.7,16.7,0.0,0.0,16.6,63,1013.0,0
Delhi,2015-02-14,26.5,11.4,18.8,0.0,0.0,9.4,63,1009.9,0
Delhi,2015-02-15,25.4,11.2,18.3,0.0,0.0,7.9,71,1012.1,28
Delhi,2015-02-16,26.2,13.9,19.8,0.0,0.0,21.9,70,1013.7,21
Delhi,2015-02-17,26.5,15.8,20.4,1.6,1.6,15.7,74,1012.2,21
Delhi,2015-02-18,26.1,15.6,19.7,12.0,12.0,21.3,77,1011.8,30
Delhi,2015-02-19,26.7,14.4,20.1,1.6,1.6,25.1,78,1012.2,37
Delhi,2015-02-20,27.0,17.0,21.2,0.0,0.0,18.7,74,1013.4,34
Delhi,2015-02-21,26.5,15.0,20.6,0.0,0.0,17.8,75,1014.3,1
Delhi,2015-02-22,27.1,15.4,20.6,0.0,0.0,21.5,69,1013.4,22
Delhi,2015-02-23,26.4,13.5,20.2,0.0,0.0,9.5,77,1014.6,77
Delhi,2015-02-24,27.2,14.3,20.9,0.1,0.1,12.2,79,1011.4,98
Delhi,2015-02-25,27.2,16.8,21.4,5.2,5.2,14.3,79,1008.9,64
Delhi,2015-02-26,24.5,13.7,18.7,0.0,0.0,11.3,69,1009.8,21
Delhi,2015-02-27,23.6,12.1,17.0,0.0,0.0,12.6,68,1012.6,23
Delhi,2015-02-28,25.4,11.4,18.2,0.2,0.2,13.5,56,1013.3,41
Delhi,2015-03-01,19.3,16.1,17.1,22.9,22.9,30.8,83,1010.9,97
Delhi,2015-03-02,19.5,14.4,16.3,22.8,22.8,28.8,93,1012.3,82
Delhi,2015-03-03,19.6,12.6,15.7,1.0,1.0,9.4,86,1013.9,55
Delhi,2015-03-04,21.6,9.7,15.2,0.0,0.0,15.9,72,1013.7,1
Delhi,2015-03-05,23.7,9.0,16.5,0.0,0.0,9.4,70,1015.5,5
Delhi,2015-03-06,24.9,12.6,18.2,0.0,0.0,10.8,70,1016.4,9
Delhi,2015-03-07,25.5,11.7,18.3,10.5,10.5,11.3,76,1014.4,35
Delhi,2015-03-08,24.0,14.2,18.3,0.9,0.9,18.8,79,1014.7,24
Delhi,2015-03-09,22.4,11.8,16.6,3.9,3.9,16.1,70,1020.2,10
Delhi,2015-03-10,23.1,9.6,16.1,0.0,0.0,13.8,69,1019.8,17
Delhi,2015-03-11,24.7,10.6,17.4,0.0,0.0,11.5,70,1017.9,30
Delhi,2015-03-12,26.5,10.1,18.5,0.0,0.0,10.0,67,1017.4,55
Delhi,2015-03-13,25.9,13.9,18.9,2.9,2.9,10.2,76,1014.8,68
Delhi,2015-03-14,26.1,14.3,20.0,4.1,4.1,13.0,79,1015.4,85
Delhi,2015-03-15,22.5,16.0,18.2,20.6,20.6,19.0,88,1015.0,95
Delhi,2015-03-16,22.7,15.2,18.2,6.7,6.7,19.6,87,1016.7,59
Delhi,2015-03-17,25.1,14.2,19.3,0.0,0.0,17.7,76,1016.3,32
Delhi,2015-03-18,24.7,13.6,18.8,0.0,0.0,18.6,70,1013.6,9
Delhi,2015-03-19,26.3,12.2,19.2,0.0,0.0,11.2,69,1014.7,15
Delhi,2015-03-20,27.8,12.4,20.3,0.0,0.0,11.0,67,1014.9,20
Delhi,2015-03-21,29.2,14.8,22.0,0.0,0.0,10.3,69,1015.2,9
Delhi,2015-03-22,30.2,16.8,23.2,0.0,0.0,18.3,63,1012.9,45
Delhi,2015-03-23,31.1,17.6,24.0,0.0,0.0,14.9,62,1010.3,13
Delhi,2015-03-24,32.2,15.6,24.2,0.0,0.0,10.9,64,1010.3,10
Delhi,2015-03-25,32.5,17.2,25.2,0.0,0.0,10.0,61,1012.1,45
Delhi,2015-03-26,33.6,20.2,26.7,0.0,0.0,8.9,58,1013.2,60
Delhi,2015-03-27,33.8,21.8,27.3,0.0,0.0,11.6,56,1012.8,26
Delhi,2015-03-28,34.1,16.4,25.5,0.0,0.0,8.9,52,1010.3,34
Delhi,2015-03-29,32.2,20.7,25.7,0.4,0.4,20.1,52,1008.1,89
Delhi,2015-03-30,27.1,19.5,22.2,5.1,5.1,24.5,75,1010.2,70
Delhi,2015-03-31,28.0,17.4,22.9,0.1,0.1,14.2,70,1010.8,28
Delhi,2015-04-01,30.8,17.9,24.3,0.6,0.6,15.4,66,1008.2,55
Delhi,2015-04-02,33.3,19.2,26.5,0.0,0.0,14.9,56,1005.1,30
Delhi,2015-04-03,30.1,19.1,23.5,10.8,10.8,15.2,72,1004.2,78
Delhi,2015-04-04,25.1,18.6,20.8,17.8,17.8,13.0,83,1005.2,64
Delhi,2015-04-05,28.5,15.5,22.4,0.0,0.0,8.9,68,1007.3,12
Delhi,2015-04-06,30.0,16.2,23.8,0.0,0.0,9.9,58,1007.9,14
Delhi,2015-04-07,27.7,16.9,22.3,5.5,5.5,10.9,67,1010.1,29
Delhi,2015-04-08,30.0,16.6,23.5,0.3,0.3,9.7,62,1011.9,7
Delhi,2015-04-09,31.0,17.0,24.0,0.0,0.0,14.9,57,1010.6,0
Delhi,2015-04-10,33.0,17.7,25.4,0.0,0.0,14.1,51,1009.1,7
Delhi,2015-04-11,34.1,18.2,26.1,0.1,0.1,9.4,49,1008.8,54
Delhi,2015-04-12,29.2,20.2,24.4,0.0,0.0,15.8,56,1012.3,84
Delhi,2015-04-13,29.2,18.9,23.6,7.1,7.1,17.1,70,1013.8,44
Delhi,2015-04-14,29.7,19.1,24.2,0.6,0.6,13.7,70,1013.3,23
Delhi,2015-04-15,31.6,19.3,25.5,0.0,0.0,16.5,63,1013.0,13
Delhi,2015-04-16,31.4,20.5,26.1,0.0,0.0,11.9,62,1014.3,18
Delhi,2015-04-17,34.9,19.7,27.4,0.0,0.0,18.5,56,1008.7,3
Delhi,2015-04-18,37.1,21.0,29.6,0.0,0.0,12.4,46,1003.0,26
Delhi,2015-04-19,39.4,21.2,31.3,0.0,0.0,12.1,39,1003.9,20
Delhi,2015-04-20,38.7,24.6,31.5,0.1,0.1,16.1,38,1006.2,6
Delhi,2015-04-21,38.6,22.4,31.0,0.0,0.0,19.3,36,1005.8,2
Delhi,2015-04-22,38.2,22.1,30.3,0.0,0.0,18.1,27,1003.9,0
Delhi,2015-04-23,38.7,21.6,30.7,0.0,0.0,10.7,24,1004.2,5
Delhi,2015-04-24,39.3,22.4,31.4,0.0,0.0,10.2,27,1004.7,4
Delhi,2015-04-25,37.0,23.5,29.8,0.3,0.3,25.6,36,1005.7,10
Delhi,2015-04-26,34.4,23.2,28.6,0.0,0.0,24.4,49,1008.6,2
Delhi,2015-04-27,36.5,23.8,29.6,0.9,0.9,21.1,50,1007.7,28
Delhi,2015-04-28,37.2,24.1,29.9,3.9,3.9,18.8,50,1005.4,18
Delhi,2015-04-29,36.6,23.2,29.9,0.0,0.0,14.9,46,1005.6,10
Delhi,2015-04-30,38.1,22.8,30.6,1.1,1.1,27.3,46,1004.8,4
Delhi,2015-05-01,36.5,24.1,30.4,0.0,0.0,21.4,40,1006.2,15
Delhi,2015-05-02,37.3,22.0,30.2,0.0,0.0,18.0,29,1006.6,7
Delhi,2015-05-03,38.0,21.0,30.3,0.0,0.0,11.3,25,1007.1,5
Delhi,2015-05-04,38.9,20.9,30.6,0.0,0.0,11.1,28,1007.2,2
Delhi,2015-05-05,40.0,20.9,31.6,0.0,0.0,16.3,28,1005.2,20
Delhi,2015-05-06,42.5,22.4,32.7,0.0,0.0,17.4,27,1002.7,20
Delhi,2015-05-07,42.7,24.1,33.7,0.0,0.0,21.6,25,1003.7,13
Delhi,2015-05-08,42.1,26.7,34.7,0.0,0.0,14.4,18,1003.7,69
Delhi,2015-05-09,40.8,26.8,34.1,0.0,0.0,11.6,23,1002.6,27
Delhi,2015-05-10,41.7,25.1,33.5,0.0,0.0,14.7,25,1002.0,14
Delhi,2015-05-11,39.6,25.4,32.9,0.8,0.8,13.7,34,1003.9,39
Delhi,2015-05-12,36.3,25.8,31.2,1.3,1.3,24.4,48,1005.7,51
Delhi,2015-05-13,35.7,26.1,30.1,5.8,5.8,11.0,60,1006.0,24
Delhi,2015-05-14,35.8,24.3,29.6,1.3,1.3,10.2,58,1007.6,19
Delhi,2015-05-15,36.6,24.4,29.8,3.5,3.5,16.6,50,1007.1,23
Delhi,2015-05-16,35.9,23.3,30.1,0.0,0.0,7.4,55,1004.4,0
Delhi,2015-05-17,37.9,24.7,31.6,0.0,0.0,9.5,47,1002.0,1
Delhi,2015-05-18,41.2,27.6,34.6,0.3,0.3,11.3,39,1000.9,22
Delhi,2015-05-19,41.5,26.8,34.1,1.4,1.4,23.7,31,1001.8,19
Delhi,2015-05-20,40.3,26.3,33.5,0.0,0.0,16.4,31,1002.6,9
Delhi,2015-05-21,41.7,24.6,33.6,0.0,0.0,18.4,27,1001.2,1
Delhi,2015-05-22,42.6,26.2,34.4,0.0,0.0,16.4,23,999.3,1
Delhi,2015-05-23,43.2,25.5,34.6,0.0,0.0,15.1,22,997.3,10
Delhi,2015-05-24,42.8,27.1,35.1,0.0,0.0,15.2,23,997.9,12
Delhi,2015-05-25,44.1,26.2,35.3,0.0,0.0,13.6,21,997.6,5
Delhi,2015-05-26,44.0,27.7,35.4,0.0,0.0,15.1,18,999.6,6
Delhi,2015-05-27,41.8,26.1,33.9,0.0,0.0,16.0,17,1002.1,0
Delhi,2015-05-28,41.2,25.1,34.0,0.0,0.0,10.5,21,1001.2,21
Delhi,2015-05-29,41.7,27.0,35.1,0.0,0.0,12.6,26,1001.6,23
Delhi,2015-05-30,41.5,27.7,35.0,0.0,0.0,14.6,27,1002.7,8
Delhi,2015-05-31,41.5,26.9,34.8,0.1,0.1,20.5,25,1001.5,12
Delhi,2015-06-01,39.8,25.9,33.2,0.2,0.2,11.3,30,1001.1,54
Delhi,2015-06-02,37.8,27.2,32.1,0.3,0.3,11.2,35,1003.2,62
Delhi,2015-06-03,37.9,25.4,31.2,0.5,0.5,16.2,42,1004.5,51
Delhi,2015-06-04,37.5,24.4,30.8,0.0,0.0,15.3,48,1004.9,14
Delhi,2015-06-05,37.9,27.2,32.8,0.1,0.1,13.0,40,1004.4,19
Delhi,2015-06-06,39.0,26.6,33.1,0.0,0.0,17.1,35,1002.1,4
Delhi,2015-06-07,40.4,26.2,34.3,0.0,0.0,14.5,31,1000.4,10
Delhi,2015-06-08,42.5,27.0,35.5,0.0,0.0,15.5,28,999.7,18
Delhi,2015-06-09,42.6,29.5,36.3,0.0,0.0,29.3,25,999.7,57
Delhi,2015-06-10,41.4,30.8,36.3,0.5,0.5,24.9,33,1000.1,19
Delhi,2015-06-11,40.2,30.8,35.8,0.1,0.1,21.3,34,1000.8,31
Delhi,2015-06-12,40.6,29.9,35.4,0.0,0.0,17.9,37,999.3,12
Delhi,2015-06-13,40.1,30.2,34.1,2.4,2.4,15.9,38,999.2,31
Delhi,2015-06-14,32.9,25.6,29.0,3.7,3.7,9.9,69,999.9,38
Delhi,2015-06-15,33.9,23.8,29.4,5.6,5.6,12.4,69,1000.0,40
Delhi,2015-06-16,36.5,27.1,31.9,0.0,0.0,10.4,60,1000.0,17
Delhi,2015-06-17,37.6,27.8,32.7,0.4,0.4,8.4,58,998.8,12
Delhi,2015-06-18,39.1,28.6,34.1,0.0,0.0,8.4,46,998.2,9
Delhi,2015-06-19,39.2,29.4,34.5,0.1,0.1,15.0,48,997.1,20
Delhi,2015-06-20,37.2,28.8,32.7,1.1,1.1,22.3,58,998.1,23
Delhi,2015-06-21,36.4,28.9,32.1,1.7,1.7,16.6,62,998.4,31
Delhi,2015-06-22,36.9,26.7,31.9,0.6,0.6,20.5,62,996.4,15
Delhi,2015-06-23,38.2,28.6,33.1,0.0,0.0,15.7,56,995.7,14
Delhi,2015-06-24,36.4,26.6,31.1,16.8,16.8,13.9,70,996.0,60
Delhi,2015-06-25,27.2,25.2,26.1,32.6,32.6,13.5,92,995.2,74
Delhi,2015-06-26,34.7,24.6,29.8,0.0,0.0,16.4,70,995.5,10
Delhi,2015-06-27,35.9,27.6,31.5,0.0,0.0,17.4,66,997.3,8
Delhi,2015-06-28,37.2,28.1,32.3,0.4,0.4,15.2,64,1000.2,9
Delhi,2015-06-29,33.8,27.0,30.4,0.0,0.0,19.0,67,1003.9,24
Delhi,2015-06-30,32.9,25.8,28.8,0.4,0.4,13.1,68,1003.5,32
Delhi,2015-07-01,34.8,25.6,30.0,0.8,0.8,8.3,70,1002.4,26
Delhi,2015-07-02,36.0,26.7,30.8,0.6,0.6,11.9,68,1002.1,15
Delhi,2015-07-03,37.2,28.1,32.0,0.3,0.3,18.9,64,1000.6,12
Delhi,2015-07-04,35.8,27.1,31.7,0.6,0.6,18.6,64,998.8,24
Delhi,2015-07-05,37.3,27.5,31.5,12.3,12.3,23.8,68,996.3,45
Delhi,2015-07-06,32.6,25.9,29.7,6.3,6.3,13.1,77,997.6,86
Delhi,2015-07-07,31.5,24.9,27.6,14.6,14.6,10.6,84,998.5,86
Delhi,2015-07-08,31.9,25.4,28.2,16.5,16.5,9.7,84,999.2,96
Delhi,2015-07-09,31.8,25.7,27.8,18.7,18.7,7.8,87,999.3,92
Delhi,2015-07-10,28.2,25.6,26.5,61.6,61.6,13.7,93,998.8,100
Delhi,2015-07-11,28.0,23.9,24.8,44.1,44.1,15.8,91,999.8,100
Delhi,2015-07-12,26.9,24.1,25.4,6.4,6.4,20.0,89,998.6,95
Delhi,2015-07-13,32.0,24.0,27.9,1.6,1.6,11.4,80,1001.2,57
Delhi,2015-07-14,32.9,26.2,29.4,0.8,0.8,19.1,77,999.4,36
Delhi,2015-07-15,34.8,27.4,30.8,0.0,0.0,23.6,70,995.1,44
Delhi,2015-07-16,34.3,26.5,30.3,2.3,2.3,15.9,69,994.5,99
Delhi,2015-07-17,31.3,26.2,28.1,35.2,35.2,14.2,86,997.3,95
Delhi,2015-07-18,32.7,26.4,28.9,5.3,5.3,9.3,83,998.2,83
Delhi,2015-07-19,32.3,26.3,28.6,12.5,12.5,8.8,84,998.1,92
Delhi,2015-07-20,30.8,25.5,27.5,17.4,17.4,9.8,88,998.9,99
Delhi,2015-07-21,32.1,26.0,28.8,3.4,3.4,15.6,81,1000.3,97
Delhi,2015-07-22,31.9,26.9,29.0,1.8,1.8,12.9,82,1001.4,83
Delhi,2015-07-23,32.1,27.2,29.4,0.3,0.3,18.0,76,1002.1,68
Delhi,2015-07-24,31.5,26.8,28.8,5.6,5.6,15.5,80,1001.8,61
Delhi,2015-07-25,32.1,26.1,28.7,3.2,3.2,16.2,81,999.7,38
Delhi,2015-07-26,31.0,26.4,28.1,1.6,1.6,30.8,77,999.0,69
Delhi,2015-07-27,30.7,24.3,27.6,0.0,0.0,19.9,75,1000.5,44
Delhi,2015-07-28,31.1,24.7,27.7,0.2,0.2,16.9,75,1000.8,32
Delhi,2015-07-29,29.6,24.9,27.4,0.0,0.0,23.4,74,998.6,47
Delhi,2015-07-30,30.2,25.2,27.6,2.1,2.1,16.3,79,999.2,59
Delhi,2015-07-31,30.4,25.7,27.8,0.5,0.5,17.3,76,1000.0,85
Delhi,2015-08-01,29.4,25.4,26.8,5.5,5.5,10.8,84,1002.7,94
Delhi,2015-08-02,31.2,25.5,27.6,2.3,2.3,6.2,83,1004.2,83
Delhi,2015-08-03,33.0,25.7,28.8,0.7,0.7,11.1,81,1002.7,77
Delhi,2015-08-04,33.0,25.7,29.1,1.3,1.3,10.2,80,1000.9,47
Delhi,2015-08-05,32.3,25.7,28.5,7.2,7.2,9.4,87,999.3,82
Delhi,2015-08-06,32.0,26.1,28.0,10.8,10.8,8.6,87,998.7,99
Delhi,2015-08-07,32.2,25.9,27.6,8.4,8.4,8.4,89,1000.4,100
Delhi,2015-08-08,27.5,24.7,25.7,29.1,29.1,12.8,94,1002.3,100
Delhi,2015-08-09,28.4,24.4,25.9,53.0,53.0,13.1,93,1000.7,98
Delhi,2015-08-10,31.2,25.5,27.5,6.8,6.8,7.9,88,1000.4,98
Delhi,2015-08-11,29.4,25.6,27.2,11.1,11.1,14.9,91,1002.9,99
Delhi,2015-08-12,31.7,25.8,28.3,0.5,0.5,13.1,83,1003.9,88
Delhi,2015-08-13,33.1,26.2,29.1,0.5,0.5,8.7,82,1002.7,84
Delhi,2015-08-14,32.0,26.0,28.7,6.4,6.4,9.7,85,1002.3,81
Delhi,2015-08-15,30.4,26.3,27.9,11.1,11.1,11.8,88,1003.2,100
Delhi,2015-08-16,29.9,25.4,27.3,6.5,6.5,5.6,89,1003.5,89
Delhi,2015-08-17,32.7,25.1,28.7,0.3,0.3,6.6,83,1002.0,65
Delhi,2015-08-18,33.6,26.0,28.9,3.2,3.2,13.6,84,1002.5,50
Delhi,2015-08-19,33.0,25.8,29.0,1.8,1.8,19.1,78,1003.2,25
Delhi,2015-08-20,32.0,26.7,29.2,0.0,0.0,20.9,71,1002.2,22
Delhi,2015-08-21,31.8,25.7,28.5,0.3,0.3,16.4,73,1002.2,25
Delhi,2015-08-22,31.3,25.2,27.9,2.6,2.6,12.1,76,1001.6,39
Delhi,2015-08-23,32.5,24.5,28.2,5.1,5.1,10.5,82,1001.7,37
Delhi,2015-08-24,32.9,25.4,28.6,0.4,0.4,15.0,76,1002.6,18
Delhi,2015-08-25,33.7,26.4,29.5,0.0,0.0,19.2,71,1001.7,7
Delhi,2015-08-26,33.9,26.6,30.0,0.0,0.0,15.4,72,1001.7,12
Delhi,2015-08-27,33.3,26.3,29.6,1.6,1.6,8.7,79,1002.2,21
Delhi,2015-08-28,33.4,25.1,29.2,0.7,0.7,13.1,82,1003.1,27
Delhi,2015-08-29,33.9,26.5,30.1,0.0,0.0,12.2,78,1001.9,25
Delhi,2015-08-30,34.3,26.1,30.1,0.2,0.2,13.9,75,1001.8,12
Delhi,2015-08-31,34.3,26.4,30.0,0.0,0.0,18.3,68,1002.4,5
Delhi,2015-09-01,34.5,25.6,29.4,0.0,0.0,19.3,63,1001.4,3
Delhi,2015-09-02,33.8,25.5,29.0,0.0,0.0,19.2,59,1001.9,7
Delhi,2015-09-03,34.4,25.2,29.1,0.0,0.0,16.6,57,1005.0,2
Delhi,2015-09-04,34.8,24.0,29.7,0.0,0.0,14.6,61,1008.1,6
Delhi,2015-09-05,34.8,23.2,28.8,0.0,0.0,19.4,60,1007.6,6
Delhi,2015-09-06,34.8,23.3,28.7,0.0,0.0,16.6,57,1006.5,8
Delhi,2015-09-07,34.7,24.2,29.0,0.0,0.0,16.1,55,1006.1,6
Delhi,2015-09-08,35.1,23.0,29.2,0.0,0.0,19.5,58,1005.9,6
Delhi,2015-09-09,35.4,23.8,29.4,0.0,0.0,19.1,56,1005.9,4
Delhi,2015-09-10,35.9,22.1,29.1,0.0,0.0,15.9,60,1007.1,2
Delhi,2015-09-11,35.4,21.9,28.9,0.0,0.0,15.2,61,1006.9,1
Delhi,2015-09-12,34.9,22.6,28.9,0.3,0.3,8.4,69,1006.6,13
Delhi,2015-09-13,35.4,25.1,29.9,0.0,0.0,8.1,69,1006.7,62
Delhi,2015-09-14,36.3,24.1,30.5,0.0,0.0,12.4,62,1004.3,31
Delhi,2015-09-15,35.5,24.5,30.2,0.0,0.0,9.4,63,1003.9,7
Delhi,2015-09-16,35.0,25.7,30.2,0.0,0.0,10.7,66,1004.2,11
Delhi,2015-09-17,34.4,24.7,29.6,0.4,0.4,9.5,72,1004.9,14
Delhi,2015-09-18,33.4,26.7,29.2,1.6,1.6,17.4,72,1005.4,89
Delhi,2015-09-19,32.5,24.6,28.0,24.3,24.3,10.4,84,1004.5,62
Delhi,2015-09-20,33.7,26.1,28.8,5.0,5.0,10.0,83,1003.4,28
Delhi,2015-09-21,32.0,25.3,28.1,9.5,9.5,10.4,85,1003.2,27
Delhi,2015-09-22,32.1,25.2,28.5,2.0,2.0,18.9,79,1002.5,32
Delhi,2015-09-23,30.5,24.0,27.0,0.3,0.3,18.6,75,1006.6,32
Delhi,2015-09-24,31.2,23.9,26.9,0.0,0.0,20.9,67,1005.5,9
Delhi,2015-09-25,31.3,22.4,26.5,0.0,0.0,16.0,67,1004.3,7
Delhi,2015-09-26,32.5,22.3,27.0,0.0,0.0,10.5,66,1005.4,6
Delhi,2015-09-27,33.2,22.4,27.8,0.0,0.0,11.4,64,1007.3,10
Delhi,2015-09-28,32.5,21.5,26.8,0.0,0.0,10.8,66,1008.8,0
Delhi,2015-09-29,33.0,19.9,26.4,0.0,0.0,14.7,63,1010.6,0
Delhi,2015-09-30,33.2,20.4,26.5,0.0,0.0,13.1,57,1011.7,0
Delhi,2015-10-01,33.2,19.6,26.2,0.0,0.0,9.5,60,1012.1,0
Delhi,2015-10-02,34.1,18.4,26.4,0.0,0.0,13.8,57,1011.2,0
Delhi,2015-10-03,35.0,19.7,27.4,0.0,0.0,12.2,57,1008.8,0
Delhi,2015-10-04,35.5,20.2,28.0,0.0,0.0,8.3,57,1009.4,1
Delhi,2015-10-05,35.3,20.5,28.3,0.0,0.0,8.9,55,1009.6,3
Delhi,2015-10-06,34.9,20.6,28.3,0.0,0.0,12.2,53,1008.9,4
Delhi,2015-10-07,34.5,22.1,28.2,0.0,0.0,12.2,56,1009.3,3
Delhi,2015-10-08,34.9,22.3,28.3,0.0,0.0,15.2,54,1008.0,3
Delhi,2015-10-09,35.6,21.0,28.3,0.0,0.0,19.4,50,1004.8,2
Delhi,2015-10-10,36.3,21.3,28.4,0.0,0.0,17.9,40,1004.8,0
Delhi,2015-10-11,35.5,22.1,28.2,0.0,0.0,12.7,46,1008.1,1
Delhi,2015-10-12,34.0,21.2,27.8,0.0,0.0,14.3,52,1010.4,9
Delhi,2015-10-13,32.7,23.6,27.4,0.4,0.4,16.3,69,1011.3,19
Delhi,2015-10-14,32.9,22.3,26.5,7.3,7.3,14.5,74,1013.4,10
Delhi,2015-10-15,32.1,21.3,26.6,0.0,0.0,11.3,70,1014.2,9
Delhi,2015-10-16,32.9,21.8,27.0,0.0,0.0,9.5,68,1014.0,7
Delhi,2015-10-17,33.4,21.5,27.3,0.0,0.0,10.0,66,1012.7,4
Delhi,2015-10-18,33.1,22.4,27.9,0.0,0.0,7.9,63,1013.2,7
Delhi,2015-10-19,34.1,21.9,27.7,1.1,1.1,8.6,64,1012.4,17
Delhi,2015-10-20,34.0,21.3,27.4,0.3,0.3,13.8,55,1010.2,19
Delhi,2015-10-21,32.6,20.3,26.2,0.0,0.0,10.3,53,1011.1,31
Delhi,2015-10-22,31.8,18.3,24.9,0.0,0.0,14.1,48,1012.3,0
Delhi,2015-10-23,31.6,17.0,24.2,0.0,0.0,12.6,49,1012.1,26
Delhi,2015-10-24,31.5,18.8,25.0,0.0,0.0,8.0,51,1011.5,35
Delhi,2015-10-25,32.0,19.9,25.6,0.0,0.0,15.8,52,1013.0,9
Delhi,2015-10-26,30.8,19.4,24.9,1.5,1.5,14.4,57,1014.9,13
Delhi,2015-10-27,29.9,18.2,24.0,0.0,0.0,8.2,54,1014.4,13
Delhi,2015-10-28,27.4,17.0,20.5,5.5,5.5,17.7,72,1015.1,52
Delhi,2015-10-29,26.5,14.9,20.9,0.0,0.0,10.2,65,1016.7,15
Delhi,2015-10-30,27.6,15.5,21.4,0.0,0.0,9.2,71,1017.2,23
Delhi,2015-10-31,28.2,16.2,22.2,0.0,0.0,7.8,66,1016.3,2
Delhi,2015-11-01,29.2,18.1,23.5,0.0,0.0,9.2,64,1016.3,0
Delhi,2015-11-02,29.2,17.0,23.5,0.0,0.0,7.6,65,1016.0,7
Delhi,2015-11-03,28.4,17.9,23.2,0.0,0.0,10.0,67,1014.9,15
Delhi,2015-11-04,28.8,17.6,23.3,0.0,0.0,7.4,65,1013.0,11
Delhi,2015-11-05,27.7,19.6,23.0,0.2,0.2,16.2,67,1012.5,37
Delhi,2015-11-06,27.7,19.3,23.1,0.0,0.0,8.0,68,1012.8,47
Delhi,2015-11-07,27.9,17.3,22.4,0.0,0.0,7.2,73,1014.4,36
Delhi,2015-11-08,28.4,18.3,22.9,0.0,0.0,10.0,73,1015.8,16
Delhi,2015-11-09,28.5,17.6,23.0,0.0,0.0,8.2,69,1015.2,20
Delhi,2015-11-10,28.9,17.6,22.6,0.6,0.6,10.8,66,1013.8,10
Delhi,2015-11-11,28.5,17.0,22.1,0.0,0.0,16.3,54,1014.5,0
Delhi,2015-11-12,28.7,16.9,22.1,0.0,0.0,13.6,52,1015.3,4
Delhi,2015-11-13,29.6,16.4,22.6,0.0,0.0,14.3,59,1014.9,1
Delhi,2015-11-14,29.7,17.9,23.2,0.0,0.0,13.2,58,1012.5,0
Delhi,2015-11-15,29.5,16.1,23.1,0.0,0.0,7.7,56,1012.0,7
Delhi,2015-11-16,28.7,18.2,22.9,1.0,1.0,12.8,53,1012.4,23
Delhi,2015-11-17,27.5,14.6,20.3,0.0,0.0,14.7,44,1013.2,0
Delhi,2015-11-18,26.9,11.3,19.0,0.0,0.0,10.9,47,1016.0,0
Delhi,2015-11-19,26.7,12.1,19.6,0.0,0.0,9.9,53,1017.8,9
Delhi,2015-11-20,26.6,12.2,19.3,0.0,0.0,8.6,62,1016.4,0
Delhi,2015-11-21,26.5,12.2,19.5,0.0,0.0,8.2,60,1015.4,2
Delhi,2015-11-22,26.5,12.2,19.1,0.0,0.0,8.7,62,1015.0,42
Delhi,2015-11-23,26.6,11.4,18.8,0.0,0.0,8.4,62,1015.7,16
Delhi,2015-11-24,27.3,12.5,19.3,0.0,0.0,12.5,56,1016.0,19
Delhi,2015-11-25,27.6,14.2,19.6,0.0,0.0,16.7,50,1015.0,95
Delhi,2015-11-26,27.1,12.6,19.9,0.0,0.0,9.0,50,1013.4,79
Delhi,2015-11-27,24.6,13.7,19.3,0.0,0.0,11.4,69,1011.1,84
Delhi,2015-11-28,24.8,16.4,19.9,0.0,0.0,15.2,68,1014.7,58
Delhi,2015-11-29,26.1,13.5,19.6,0.0,0.0,7.3,67,1017.8,12
Delhi,2015-11-30,27.0,16.1,20.9,0.0,0.0,7.9,72,1017.3,15
Delhi,2015-12-01,26.8,15.5,20.7,0.0,0.0,8.8,69,1015.1,10
Delhi,2015-12-02,25.1,15.7,19.6,0.0,0.0,9.5,64,1015.6,14
Delhi,2015-12-03,24.6,12.4,18.2,0.0,0.0,14.1,65,1016.5,1
Delhi,2015-12-04,25.5,13.1,18.5,0.0,0.0,12.1,63,1015.0,9
Delhi,2015-12-05,25.2,11.0,17.8,0.0,0.0,8.5,67,1015.9,1
Delhi,2015-12-06,25.1,12.3,18.3,0.0,0.0,10.3,67,1016.2,11
Delhi,2015-12-07,24.7,12.0,18.5,0.0,0.0,10.0,71,1017.2,62
Delhi,2015-12-08,25.3,13.9,18.6,0.0,0.0,9.5,70,1015.9,74
Delhi,2015-12-09,23.9,12.8,18.3,0.0,0.0,16.4,72,1015.4,85
Delhi,2015-12-10,25.4,14.2,19.3,0.2,0.2,11.6,73,1012.6,45
Delhi,2015-12-11,23.1,13.2,17.7,0.0,0.0,11.7,65,1010.7,16
Delhi,2015-12-12,19.8,10.0,14.7,0.0,0.0,12.5,65,1013.8,17
Delhi,2015-12-13,19.8,9.2,14.2,0.0,0.0,9.9,63,1015.7,5
Delhi,2015-12-14,20.2,8.4,13.7,0.0,0.0,14.5,53,1017.3,1
Delhi,2015-12-15,21.0,8.1,13.6,0.0,0.0,14.8,52,1016.2,0
Delhi,2015-12-16,20.2,5.4,12.9,0.0,0.0,10.5,57,1016.2,27
Delhi,2015-12-17,20.0,6.3,13.2,0.0,0.0,9.4,63,1016.4,0
Delhi,2015-12-18,20.5,7.3,13.3,0.0,0.0,14.4,62,1018.3,0
Delhi,2015-12-19,20.5,7.5,13.6,0.0,0.0,10.6,60,1018.9,1
Delhi,2015-12-20,20.0,7.4,13.2,0.0,0.0,9.8,62,1018.6,7
Delhi,2015-12-21,19.6,6.3,13.2,0.0,0.0,7.6,63,1018.4,19
Delhi,2015-12-22,19.8,7.3,13.4,0.0,0.0,7.2,68,1020.5,58
Delhi,2015-12-23,19.5,6.2,12.9,0.0,0.0,11.0,67,1020.4,11
Delhi,2015-12-24,19.0,8.1,12.9,0.0,0.0,16.6,59,1021.1,0
Delhi,2015-12-25,19.3,6.1,12.1,0.0,0.0,14.4,53,1022.0,9
Delhi,2015-12-26,21.1,7.8,13.7,0.0,0.0,15.7,49,1020.5,2
Delhi,2015-12-27,22.2,9.3,15.4,0.0,0.0,16.5,55,1020.6,68
Delhi,2015-12-28,23.7,12.2,17.1,0.0,0.0,16.9,54,1020.7,94
Delhi,2015-12-29,23.4,12.2,17.0,0.0,0.0,18.4,54,1018.6,84
Delhi,2015-12-30,23.9,10.0,16.2,0.0,0.0,9.8,61,1017.6,11
Delhi,2015-12-31,23.1,8.7,15.3,0.0,0.0,10.2,66,1019.9,20
Delhi,2016-01-01,22.3,9.3,14.9,0.0,0.0,9.7,68,1020.9,42
Delhi,2016-01-02,22.0,7.3,14.4,0.0,0.0,10.7,66,1021.1,30
Delhi,2016-01-03,22.6,8.7,14.9,0.0,0.0,13.9,63,1018.7,0
Delhi,2016-01-04,22.9,8.4,16.0,0.0,0.0,10.0,66,1018.9,45
Delhi,2016-01-05,24.5,12.5,18.0,0.0,0.0,8.8,69,1017.2,38
Delhi,2016-01-06,24.2,13.0,18.2,0.5,0.5,10.4,75,1016.7,65
Delhi,2016-01-07,24.1,11.8,17.8,0.0,0.0,8.6,75,1018.0,35
Delhi,2016-01-08,23.1,12.2,17.1,0.0,0.0,16.1,75,1017.6,8
Delhi,2016-01-09,21.8,10.7,15.7,0.0,0.0,19.0,63,1015.6,0
Delhi,2016-01-10,22.5,9.1,15.6,0.0,0.0,10.3,68,1016.9,13
Delhi,2016-01-11,23.0,9.9,16.1,0.0,0.0,9.2,72,1017.6,0
Delhi,2016-01-12,23.9,10.2,16.5,0.0,0.0,14.0,71,1015.2,1
Delhi,2016-01-13,21.8,10.9,16.0,0.0,0.0,9.2,76,1014.6,11
Delhi,2016-01-14,19.3,9.6,14.4,0.0,0.0,8.7,77,1016.0,72
Delhi,2016-01-15,18.8,8.5,13.3,0.0,0.0,13.7,75,1016.4,8
Delhi,2016-01-16,18.7,8.8,13.1,0.0,0.0,16.1,74,1014.6,33
Delhi,2016-01-17,18.4,7.6,12.8,0.0,0.0,8.8,77,1016.0,25
Delhi,2016-01-18,18.5,7.1,12.6,0.0,0.0,7.6,78,1015.2,30
Delhi,2016-01-19,18.6,7.1,12.6,0.0,0.0,9.6,75,1015.2,32
Delhi,2016-01-20,17.5,7.2,12.2,0.0,0.0,9.8,73,1018.4,25
Delhi,2016-01-21,17.8,6.0,11.6,0.0,0.0,13.2,75,1020.1,1
Delhi,2016-01-22,18.2,4.8,11.5,0.0,0.0,8.9,76,1019.7,0
Delhi,2016-01-23,19.4,5.9,12.3,0.0,0.0,8.6,77,1020.0,5
Delhi,2016-01-24,18.7,6.5,12.1,0.0,0.0,8.4,78,1019.2,4
Delhi,2016-01-25,17.1,5.0,10.7,0.0,0.0,8.7,80,1017.6,24
Delhi,2016-01-26,19.6,7.2,13.0,0.0,0.0,8.6,75,1015.7,64
Delhi,2016-01-27,22.2,10.3,15.7,0.0,0.0,8.3,74,1014.6,22
Delhi,2016-01-28,22.6,9.4,15.7,0.0,0.0,11.3,72,1015.5,1
Delhi,2016-01-29,24.0,11.4,17.1,0.2,0.2,8.2,72,1016.8,23
Delhi,2016-01-30,25.5,13.7,19.4,0.5,0.5,8.4,73,1014.9,20
Delhi,2016-01-31,22.1,12.8,17.4,0.0,0.0,14.0,77,1015.7,54
Delhi,2016-02-01,22.1,9.7,15.1,0.0,0.0,12.5,65,1017.4,12
Delhi,2016-02-02,20.9,7.4,14.2,0.0,0.0,15.3,58,1018.1,47
Delhi,2016-02-03,21.5,8.3,14.4,0.0,0.0,20.6,53,1017.8,0
Delhi,2016-02-04,22.3,8.3,14.8,0.0,0.0,13.8,52,1017.4,7
Delhi,2016-02-05,22.8,6.9,14.7,0.0,0.0,10.8,58,1016.1,11
Delhi,2016-02-06,23.1,7.1,15.8,0.0,0.0,12.2,59,1013.1,5
Delhi,2016-02-07,19.6,12.1,15.4,4.0,4.0,13.7,74,1015.2,40
Delhi,2016-02-08,21.7,8.6,15.0,0.0,0.0,11.0,74,1017.3,22
Delhi,2016-02-09,22.9,9.5,15.9,0.0,0.0,10.1,69,1015.4,4
Delhi,2016-02-10,23.4,9.1,16.3,0.0,0.0,9.7,67,1012.7,0
Delhi,2016-02-11,24.7,12.2,17.6,0.0,0.0,16.1,56,1011.0,1
Delhi,2016-02-12,24.2,9.4,16.6,0.0,0.0,11.2,65,1012.8,6
Delhi,2016-02-13,22.0,11.8,16.1,0.7,0.7,15.1,62,1014.4,21
Delhi,2016-02-14,23.6,9.3,15.9,0.0,0.0,11.1,65,1016.7,0
Delhi,2016-02-15,22.3,9.4,15.7,0.0,0.0,9.3,60,1018.6,46
Delhi,2016-02-16,23.3,8.9,15.8,0.0,0.0,9.7,55,1019.7,51
Delhi,2016-02-17,25.6,11.0,18.0,0.2,0.2,11.8,54,1019.2,34
Delhi,2016-02-18,27.0,14.7,20.4,1.4,1.4,11.5,61,1017.2,75
Delhi,2016-02-19,28.8,17.0,22.7,0.0,0.0,8.4,66,1015.2,94
Delhi,2016-02-20,25.9,18.1,21.8,14.4,14.4,12.3,75,1014.1,53
Delhi,2016-02-21,25.4,14.6,19.2,0.0,0.0,19.7,65,1014.8,0
Delhi,2016-02-22,26.1,13.0,18.8,0.0,0.0,22.8,52,1014.4,0
Delhi,2016-02-23,26.9,12.4,19.1,0.0,0.0,15.8,54,1012.9,0
Delhi,2016-02-24,26.7,11.3,18.6,0.0,0.0,9.0,58,1012.5,0
Delhi,2016-02-25,27.3,11.4,19.5,0.0,0.0,10.3,59,1015.1,40
Delhi,2016-02-26,27.4,13.7,20.7,0.0,0.0,10.3,59,1017.9,19
Delhi,2016-02-27,27.3,12.1,20.6,0.0,0.0,9.8,60,1018.3,0
Delhi,2016-02-28,28.0,14.9,21.5,0.0,0.0,9.2,61,1018.6,6
Delhi,2016-02-29,28.0,15.0,21.9,0.0,0.0,9.8,62,1018.4,32
Delhi,2016-03-01,28.6,16.1,22.5,0.0,0.0,10.0,62,1015.8,29
Delhi,2016-03-02,30.5,15.6,23.3,0.0,0.0,9.5,62,1015.0,18
Delhi,2016-03-03,31.4,15.9,23.5,0.2,0.2,9.4,60,1015.0,22
Delhi,2016-03-04,31.9,16.2,23.8,0.0,0.0,10.6,51,1012.5,18
Delhi,2016-03-05,29.8,17.0,22.4,12.2,12.2,18.5,59,1012.4,48
Delhi,2016-03-06,25.9,16.0,20.2,2.6,2.6,17.1,75,1013.2,38
Delhi,2016-03-07,27.7,15.0,21.3,0.0,0.0,11.4,69,1012.6,40
Delhi,2016-03-08,27.6,16.3,21.7,0.0,0.0,11.2,66,1011.6,28
Delhi,2016-03-09,28.0,14.9,21.5,0.0,0.0,13.1,62,1012.0,22
Delhi,2016-03-10,29.7,15.1,22.5,0.0,0.0,13.5,62,1013.0,42
Delhi,2016-03-11,30.9,18.0,23.3,2.2,2.2,13.5,65,1012.4,69
Delhi,2016-03-12,28.4,17.5,21.2,22.2,22.2,16.7,77,1010.3,38
Delhi,2016-03-13,27.2,16.3,21.2,0.0,0.0,20.7,71,1011.1,37
Delhi,2016-03-14,25.1,16.2,20.6,0.9,0.9,10.6,77,1013.7,29
Delhi,2016-03-15,27.3,14.4,20.8,0.0,0.0,12.8,66,1014.9,35
Delhi,2016-03-16,27.6,14.0,20.7,0.0,0.0,16.9,56,1013.0,55
Delhi,2016-03-17,29.8,16.3,22.8,0.1,0.1,15.5,56,1010.7,71
Delhi,2016-03-18,29.3,18.6,23.8,0.0,0.0,16.1,59,1010.0,23
Delhi,2016-03-19,30.7,17.7,23.9,0.5,0.5,10.2,60,1009.2,28
Delhi,2016-03-20,31.4,18.1,24.7,0.0,0.0,13.8,56,1010.0,13
Delhi,2016-03-21,30.5,17.5,23.9,0.0,0.0,24.2,45,1011.3,3
Delhi,2016-03-22,29.8,16.2,22.4,0.0,0.0,26.7,36,1009.6,0
Delhi,2016-03-23,31.9,16.2,23.5,0.0,0.0,17.7,39,1009.7,0
Delhi,2016-03-24,33.4,16.3,25.0,0.0,0.0,10.9,47,1012.7,47
Delhi,2016-03-25,34.7,17.1,26.5,0.0,0.0,10.4,50,1013.0,66
Delhi,2016-03-26,32.3,18.7,25.2,0.0,0.0,19.1,53,1013.2,66
Delhi,2016-03-27,31.7,18.4,24.7,0.0,0.0,15.2,45,1012.8,41
Delhi,2016-03-28,31.7,16.6,24.4,0.0,0.0,15.9,41,1012.5,22
Delhi,2016-03-29,32.0,18.1,25.2,0.0,0.0,13.6,42,1011.4,50
Delhi,2016-03-30,34.4,17.9,26.5,0.0,0.0,11.2,45,1011.4,50
Delhi,2016-03-31,36.3,19.2,28.0,0.0,0.0,10.8,40,1009.3,44
Delhi,2016-04-01,36.5,21.9,29.2,0.0,0.0,13.9,39,1006.6,37
Delhi,2016-04-02,37.6,21.4,29.9,0.0,0.0,11.6,41,1007.8,75
Delhi,2016-04-03,38.5,24.3,31.2,1.8,1.8,10.2,44,1007.9,95
Delhi,2016-04-04,37.1,23.3,30.1,0.0,0.0,15.5,34,1006.9,92
Delhi,2016-04-05,35.9,21.5,29.0,0.0,0.0,17.2,37,1006.9,76
Delhi,2016-04-06,35.1,22.5,28.4,0.0,0.0,10.9,30,1006.9,58
Delhi,2016-04-07,34.8,19.8,27.1,0.0,0.0,17.6,37,1007.3,28
Delhi,2016-04-08,34.8,17.8,27.1,0.0,0.0,9.7,38,1009.4,6
Delhi,2016-04-09,36.3,20.2,28.9,0.0,0.0,14.3,27,1009.0,43
Delhi,2016-04-10,36.3,24.0,29.5,0.0,0.0,11.5,29,1009.1,75
Delhi,2016-04-11,34.9,21.2,28.3,0.0,0.0,20.4,33,1009.0,5
Delhi,2016-04-12,34.5,21.2,27.9,0.0,0.0,22.7,33,1007.0,3
Delhi,2016-04-13,36.7,22.7,29.7,0.0,0.0,26.2,30,1003.8,2
Delhi,2016-04-14,38.5,22.7,30.9,0.0,0.0,20.1,29,1003.4,5
Delhi,2016-04-15,39.8,22.4,31.8,0.0,0.0,18.9,31,1004.6,48
Delhi,2016-04-16,41.0,24.5,32.7,0.0,0.0,14.8,30,1003.1,68
Delhi,2016-04-17,39.7,26.5,33.1,0.0,0.0,14.1,26,1002.3,88
Delhi,2016-04-18,38.5,26.3,32.5,0.0,0.0,10.0,32,1004.4,22
Delhi,2016-04-19,37.8,25.7,31.4,0.1,0.1,12.3,37,1005.9,92
Delhi,2016-04-20,38.8,23.7,31.6,0.0,0.0,19.9,26,1006.6,51
Delhi,2016-04-21,38.9,24.9,31.8,0.0,0.0,24.5,23,1004.2,10
Delhi,2016-04-22,38.6,24.3,31.8,0.0,0.0,11.7,25,1001.6,16
Delhi,2016-04-23,36.7,22.6,29.6,0.0,0.0,17.2,24,1001.9,2
Delhi,2016-04-24,37.1,19.2,28.8,0.0,0.0,17.9,21,1002.8,25
Delhi,2016-04-25,38.1,21.0,30.0,0.0,0.0,13.1,19,1004.8,29
Delhi,2016-04-26,38.5,21.5,30.6,0.2,0.2,10.7,23,1007.0,17
Delhi,2016-04-27,39.7,22.0,31.0,0.0,0.0,16.9,22,1005.8,25
Delhi,2016-04-28,39.6,22.1,31.4,0.0,0.0,17.1,19,1005.1,2
Delhi,2016-04-29,39.4,22.3,31.3,0.0,0.0,18.6,19,1005.5,8
Delhi,2016-04-30,39.9,21.0,31.2,0.0,0.0,12.5,21,1004.7,0
Delhi,2016-05-01,41.2,23.3,32.8,0.0,0.0,18.3,20,1002.6,0
Delhi,2016-05-02,42.5,24.9,34.4,0.4,0.4,12.2,19,1002.0,22
Delhi,2016-05-03,38.0,27.5,32.1,1.6,1.6,16.4,32,1004.2,72
Delhi,2016-05-04,38.9,24.8,30.9,1.0,1.0,20.6,48,1004.0,30
Delhi,2016-05-05,34.6,24.8,29.3,0.1,0.1,20.6,50,1007.1,49
Delhi,2016-05-06,34.1,23.6,29.2,0.0,0.0,9.4,54,1006.9,74
Delhi,2016-05-07,36.0,24.6,30.8,0.0,0.0,11.4,41,1005.9,26
Delhi,2016-05-08,37.2,25.4,30.8,0.0,0.0,14.6,45,1006.2,32
Delhi,2016-05-09,38.8,26.2,32.1,0.5,0.5,21.7,42,1006.0,60
Delhi,2016-05-10,38.0,26.6,32.2,1.0,1.0,23.4,46,1006.7,21
Delhi,2016-05-11,37.0,26.6,31.7,0.2,0.2,17.9,51,1006.4,29
Delhi,2016-05-12,39.0,25.4,32.5,0.0,0.0,14.7,49,1002.6,17
Delhi,2016-05-13,41.0,27.9,34.5,0.0,0.0,16.8,30,1001.3,15
Delhi,2016-05-14,41.2,27.4,34.9,0.0,0.0,9.4,30,1002.8,9
Delhi,2016-05-15,42.3,26.6,34.9,0.0,0.0,12.5,29,1003.2,12
Delhi,2016-05-16,42.7,26.6,35.2,0.0,0.0,17.6,25,1001.0,13
Delhi,2016-05-17,42.7,26.3,35.1,0.0,0.0,18.9,22,999.1,1
Delhi,2016-05-18,43.1,25.6,35.3,0.0,0.0,13.5,23,998.0,0
Delhi,2016-05-19,41.6,27.7,34.8,0.3,0.3,22.6,36,998.5,19
Delhi,2016-05-20,40.2,29.4,34.6,0.3,0.3,24.6,43,997.5,14
Delhi,2016-05-21,41.1,27.3,33.9,0.0,0.0,21.5,53,996.5,8
Delhi,2016-05-22,42.1,28.2,34.6,1.8,1.8,19.3,47,996.7,10
Delhi,2016-05-23,40.9,26.1,33.6,4.5,4.5,19.1,52,999.5,27
Delhi,2016-05-24,38.0,26.5,31.7,1.8,1.8,17.7,59,1000.5,41
Delhi,2016-05-25,39.4,25.2,31.6,0.6,0.6,17.5,53,997.9,20
Delhi,2016-05-26,39.8,25.4,32.9,0.0,0.0,13.8,49,998.7,4
Delhi,2016-05-27,40.9,28.5,34.8,2.0,2.0,20.1,37,999.5,5
Delhi,2016-05-28,40.4,28.9,33.9,2.3,2.3,22.1,37,999.4,15
Delhi,2016-05-29,36.2,26.9,31.2,6.9,6.9,18.9,54,1001.0,44
Delhi,2016-05-30,33.0,24.0,28.8,3.4,3.4,16.4,68,1002.9,34
Delhi,2016-05-31,38.1,25.1,31.7,0.2,0.2,13.2,57,1002.9,17
Delhi,2016-06-01,40.2,27.0,33.8,0.0,0.0,14.8,48,1002.6,10
Delhi,2016-06-02,41.0,28.1,34.9,0.0,0.0,16.8,37,1001.9,11
Delhi,2016-06-03,41.8,26.5,34.2,0.5,0.5,15.8,42,1002.3,6
Delhi,2016-06-04,42.4,27.7,35.3,0.0,0.0,14.3,45,1002.1,11
Delhi,2016-06-05,40.8,29.0,34.4,3.3,3.3,21.5,55,1002.4,16
Delhi,2016-06-06,40.0,29.3,34.1,2.6,2.6,19.3,53,1002.4,11
Delhi,2016-06-07,39.6,29.2,34.1,1.1,1.1,18.0,52,1001.7,3
Delhi,2016-06-08,40.5,28.9,33.9,0.7,0.7,14.2,51,999.9,12
Delhi,2016-06-09,40.2,28.7,34.4,0.2,0.2,15.4,51,998.6,21
Delhi,2016-06-10,41.6,29.2,34.4,2.6,2.6,21.7,50,998.4,20
Delhi,2016-06-11,39.4,28.9,34.2,0.1,0.1,16.6,50,999.1,28
Delhi,2016-06-12,38.9,27.0,33.3,3.6,3.6,14.7,53,998.7,10
Delhi,2016-06-13,40.2,29.3,34.4,0.7,0.7,22.0,47,998.4,18
Delhi,2016-06-14,37.5,26.9,32.3,1.8,1.8,16.2,61,998.1,52
Delhi,2016-06-15,36.7,28.5,31.7,1.5,1.5,15.2,65,996.2,67
Delhi,2016-06-16,36.8,28.0,32.4,0.0,0.0,20.6,61,998.3,38
Delhi,2016-06-17,37.5,27.1,32.6,0.2,0.2,17.1,62,999.3,44
Delhi,2016-06-18,36.4,26.4,31.4,14.8,14.8,15.3,67,1000.8,31
Delhi,2016-06-19,36.3,28.9,32.3,0.3,0.3,15.5,64,1001.6,68
Delhi,2016-06-20,36.5,29.2,32.8,0.0,0.0,18.2,63,1000.6,74
Delhi,2016-06-21,36.2,27.7,30.8,1.8,1.8,15.9,72,1000.2,86
Delhi,2016-06-22,35.2,26.7,30.9,1.4,1.4,12.3,69,1001.7,78
Delhi,2016-06-23,37.7,27.8,32.8,0.0,0.0,10.5,63,1000.5,36
Delhi,2016-06-24,38.8,28.6,33.8,0.6,0.6,12.8,58,998.4,32
Delhi,2016-06-25,38.9,29.9,34.2,0.0,0.0,17.3,59,1000.2,33
Delhi,2016-06-26,36.5,27.3,32.3,3.1,3.1,15.8,65,1000.7,49
Delhi,2016-06-27,37.0,27.0,32.1,3.3,3.3,14.6,67,999.4,94
Delhi,2016-06-28,34.2,26.2,30.1,10.4,10.4,14.5,77,1001.1,89
Delhi,2016-06-29,36.1,27.1,32.0,10.5,10.5,13.4,70,1001.3,52
Delhi,2016-06-30,37.8,27.9,33.1,0.4,0.4,14.1,66,998.7,61
Delhi,2016-07-01,36.0,27.2,31.8,23.3,23.3,16.4,73,996.0,97
Delhi,2016-07-02,30.7,26.0,27.7,67.9,67.9,13.7,86,997.7,100
Delhi,2016-07-03,30.2,25.4,26.9,15.1,15.1,13.1,91,998.1,98
Delhi,2016-07-04,32.7,25.3,28.8,1.2,1.2,6.6,81,997.3,82
Delhi,2016-07-05,34.7,26.9,31.0,0.3,0.3,9.5,75,995.7,42
Delhi,2016-07-06,33.4,27.1,30.0,2.6,2.6,12.0,79,996.9,69
Delhi,2016-07-07,33.5,26.6,30.3,1.5,1.5,13.7,76,997.9,68
Delhi,2016-07-08,34.4,27.1,30.8,2.5,2.5,10.1,76,997.2,30
Delhi,2016-07-09,34.5,27.4,30.5,1.3,1.3,11.1,76,996.8,47
Delhi,2016-07-10,34.4,27.6,31.1,0.0,0.0,8.7,75,996.1,71
Delhi,2016-07-11,33.0,26.8,29.3,4.3,4.3,13.5,82,997.4,90
Delhi,2016-07-12,32.0,26.0,29.0,15.6,15.6,15.5,83,998.9,92
Delhi,2016-07-13,33.0,26.9,29.4,3.9,3.9,13.3,80,998.9,96
Delhi,2016-07-14,32.7,27.1,29.0,22.2,22.2,6.7,86,998.4,98
Delhi,2016-07-15,32.1,25.6,28.0,31.3,31.3,14.1,89,998.8,98
Delhi,2016-07-16,27.4,25.8,26.5,75.4,75.4,8.2,95,999.6,100
Delhi,2016-07-17,26.8,25.4,26.0,50.8,50.8,14.0,94,1000.8,99
Delhi,2016-07-18,32.8,25.0,28.2,5.7,5.7,16.0,85,1000.9,96
Delhi,2016-07-19,34.1,25.8,29.6,1.9,1.9,18.8,78,999.8,41
Delhi,2016-07-20,34.8,27.4,30.8,0.0,0.0,17.4,70,999.5,46
Delhi,2016-07-21,35.3,28.4,31.2,0.5,0.5,14.4,69,999.4,62
Delhi,2016-07-22,34.6,26.9,30.9,0.6,0.6,12.8,73,999.2,39
Delhi,2016-07-23,32.0,26.9,28.8,5.0,5.0,12.7,81,1001.3,62
Delhi,2016-07-24,32.3,25.7,28.8,3.1,3.1,10.2,83,1002.6,70
Delhi,2016-07-25,33.1,25.5,29.2,7.4,7.4,8.6,84,1002.1,54
Delhi,2016-07-26,31.3,26.0,28.0,4.2,4.2,15.5,87,1003.1,100
Delhi,2016-07-27,29.5,25.7,27.2,6.5,6.5,20.3,86,1004.6,100
Delhi,2016-07-28,30.0,24.9,26.7,18.9,18.9,12.2,89,1002.8,99
Delhi,2016-07-29,27.0,24.7,25.8,18.7,18.7,8.7,94,1001.2,100
Delhi,2016-07-30,29.6,24.8,26.6,8.3,8.3,11.2,90,1001.1,94
Delhi,2016-07-31,29.0,24.7,26.8,7.6,7.6,8.7,89,1000.9,98
Delhi,2016-08-01,29.2,25.1,26.9,12.5,12.5,16.4,89,999.4,93
Delhi,2016-08-02,31.9,24.7,27.5,10.6,10.6,13.3,86,998.4,93
Delhi,2016-08-03,32.9,25.7,29.2,0.0,0.0,15.6,79,998.4,75
Delhi,2016-08-04,33.6,27.2,29.6,4.8,4.8,13.5,79,998.8,81
Delhi,2016-08-05,33.7,27.3,30.1,1.1,1.1,10.3,80,999.5,76
Delhi,2016-08-06,31.3,27.1,28.6,1.0,1.0,17.4,85,1000.5,93
Delhi,2016-08-07,33.0,26.0,28.9,2.7,2.7,14.2,80,1000.3,80
Delhi,2016-08-08,32.5,26.8,29.0,4.7,4.7,17.6,81,1000.3,76
Delhi,2016-08-09,30.5,25.9,27.8,6.3,6.3,18.4,85,998.7,93
Delhi,2016-08-10,30.4,25.8,27.3,10.5,10.5,14.7,88,999.2,98
Delhi,2016-08-11,30.4,25.2,26.8,14.1,14.1,10.3,90,1001.2,100
Delhi,2016-08-12,30.7,25.1,27.2,11.9,11.9,8.6,89,1002.0,93
Delhi,2016-08-13,31.8,25.3,27.8,11.4,11.4,5.8,88,1001.0,99
Delhi,2016-08-14,30.9,25.3,27.7,13.9,13.9,12.5,89,1000.4,97
Delhi,2016-08-15,33.1,25.9,29.0,2.6,2.6,15.8,80,998.9,65
Delhi,2016-08-16,33.4,26.0,29.4,0.8,0.8,17.4,73,997.4,58
Delhi,2016-08-17,29.8,26.4,28.1,0.2,0.2,17.7,76,999.0,95
Delhi,2016-08-18,30.1,25.8,27.7,7.1,7.1,7.6,87,999.9,97
Delhi,2016-08-19,32.3,25.9,28.9,1.3,1.3,10.5,82,999.7,91
Delhi,2016-08-20,31.6,26.3,28.6,2.9,2.9,22.1,80,1000.1,99
Delhi,2016-08-21,30.6,25.4,27.9,0.0,0.0,16.7,78,1000.9,43
Delhi,2016-08-22,31.6,24.2,27.9,0.0,0.0,16.1,79,1002.6,69
Delhi,2016-08-23,31.0,25.8,28.4,0.1,0.1,11.3,82,1003.0,55
Delhi,2016-08-24,29.7,26.1,27.3,12.8,12.8,19.1,85,1002.6,94
Delhi,2016-08-25,32.3,25.5,28.4,1.3,1.3,11.0,85,1004.2,82
Delhi,2016-08-26,32.9,26.1,28.9,1.5,1.5,11.7,82,1005.0,68
Delhi,2016-08-27,32.5,25.0,28.4,6.5,6.5,14.5,86,1006.2,61
Delhi,2016-08-28,32.9,26.3,29.0,6.3,6.3,12.3,84,1006.0,48
Delhi,2016-08-29,31.7,25.5,27.5,13.7,13.7,12.2,89,1003.7,99
Delhi,2016-08-30,31.4,24.4,27.1,24.3,24.3,7.5,88,1001.9,63
Delhi,2016-08-31,30.0,25.0,26.8,18.5,18.5,9.4,91,1002.6,93
Delhi,2016-09-01,31.3,24.5,27.0,7.3,7.3,8.8,88,1002.3,88
Delhi,2016-09-02,31.7,25.1,28.2,0.4,0.4,17.3,80,1000.8,48
Delhi,2016-09-03,31.3,25.6,28.2,0.2,0.2,21.4,74,1000.6,12
Delhi,2016-09-04,32.0,24.7,28.2,0.0,0.0,16.3,73,1002.9,13
Delhi,2016-09-05,31.6,24.4,27.9,0.1,0.1,17.8,72,1003.6,14
Delhi,2016-09-06,31.6,25.3,28.2,0.0,0.0,21.5,70,1004.0,11
Delhi,2016-09-07,32.1,24.9,28.3,0.0,0.0,16.6,68,1003.8,13
Delhi,2016-09-08,32.1,25.2,28.4,0.1,0.1,16.3,68,1004.8,17
Delhi,2016-09-09,33.0,25.1,28.8,0.0,0.0,16.0,68,1005.6,5
Delhi,2016-09-10,33.1,25.5,29.0,0.0,0.0,17.1,65,1004.8,4
Delhi,2016-09-11,32.9,25.4,28.9,0.0,0.0,15.6,64,1004.1,8
Delhi,2016-09-12,32.5,25.5,28.8,0.0,0.0,16.2,65,1004.4,13
Delhi,2016-09-13,33.0,25.1,29.0,0.0,0.0,9.2,70,1006.4,31
Delhi,2016-09-14,31.9,24.2,27.9,0.1,0.1,9.2,79,1007.3,15
Delhi,2016-09-15,33.1,25.0,28.7,0.0,0.0,8.8,75,1005.5,7
Delhi,2016-09-16,33.6,25.2,29.1,0.0,0.0,11.6,73,1004.5,5
Delhi,2016-09-17,32.7,24.0,28.7,0.0,0.0,7.4,73,1003.6,7
Delhi,2016-09-18,33.0,24.5,28.7,0.0,0.0,11.2,76,1004.8,9
Delhi,2016-09-19,33.2,24.4,29.0,0.0,0.0,6.9,74,1004.2,13
Delhi,2016-09-20,34.6,25.3,30.0,0.0,0.0,7.6,67,1003.0,11
Delhi,2016-09-21,34.4,26.1,29.6,0.0,0.0,15.9,72,1005.0,13
Delhi,2016-09-22,30.2,23.9,26.9,2.0,2.0,19.2,84,1008.1,37
Delhi,2016-09-23,31.9,22.9,27.4,0.0,0.0,9.0,78,1005.3,9
Delhi,2016-09-24,31.8,24.5,28.1,0.2,0.2,9.4,78,1004.0,27
Delhi,2016-09-25,31.7,23.6,27.6,0.0,0.0,9.0,76,1004.6,12
Delhi,2016-09-26,32.5,24.3,28.2,0.2,0.2,10.2,75,1005.9,14
Delhi,2016-09-27,32.8,24.4,28.5,0.0,0.0,10.7,75,1006.4,8
Delhi,2016-09-28,33.7,24.2,29.1,0.0,0.0,9.8,70,1005.2,10
Delhi,2016-09-29,33.2,24.9,29.0,0.1,0.1,9.0,74,1005.2,15
Delhi,2016-09-30,33.5,24.4,29.1,0.0,0.0,8.2,72,1005.4,11
Delhi,2016-10-01,33.7,25.6,29.7,0.0,0.0,10.7,71,1006.8,13
Delhi,2016-10-02,33.8,26.3,29.7,0.3,0.3,9.3,73,1008.4,36
Delhi,2016-10-03,33.1,25.4,29.3,1.7,1.7,12.2,77,1007.1,95
Delhi,2016-10-04,33.0,25.5,29.1,1.7,1.7,7.6,78,1005.3,69
Delhi,2016-10-05,31.4,24.7,28.0,7.7,7.7,8.5,81,1004.8,83
Delhi,2016-10-06,31.8,24.3,28.2,0.0,0.0,7.1,78,1006.4,61
Delhi,2016-10-07,33.6,24.2,28.5,0.0,0.0,11.7,72,1007.0,10
Delhi,2016-10-08,33.9,23.1,28.3,0.0,0.0,15.6,65,1006.7,2
Delhi,2016-10-09,34.0,21.7,28.0,0.0,0.0,10.0,64,1005.5,12
Delhi,2016-10-10,32.6,22.7,27.3,0.0,0.0,10.7,58,1005.8,37
Delhi,2016-10-11,33.4,19.7,26.6,0.0,0.0,14.3,52,1006.3,0
Delhi,2016-10-12,33.7,19.3,26.4,0.0,0.0,15.3,50,1005.9,0
Delhi,2016-10-13,34.0,18.3,26.0,0.0,0.0,14.8,47,1007.8,0
Delhi,2016-10-14,33.3,17.3,25.3,0.0,0.0,11.3,47,1008.9,0
Delhi,2016-10-15,32.9,17.5,25.3,0.0,0.0,11.8,53,1010.0,0
Delhi,2016-10-16,33.1,17.9,25.5,0.0,0.0,10.2,52,1011.2,0
Delhi,2016-10-17,33.1,18.4,25.7,0.0,0.0,12.2,52,1010.2,0
Delhi,2016-10-18,32.6,17.2,24.8,0.0,0.0,11.5,52,1009.1,0
Delhi,2016-10-19,32.9,17.1,24.9,0.0,0.0,10.2,53,1008.1,0
Delhi,2016-10-20,33.6,18.7,25.5,0.0,0.0,14.2,42,1006.9,0
Delhi,2016-10-21,33.3,19.7,25.9,0.0,0.0,15.8,43,1007.9,0
Delhi,2016-10-22,33.6,19.8,25.9,0.0,0.0,17.4,46,1008.8,0
Delhi,2016-10-23,32.7,18.8,25.3,0.0,0.0,20.6,49,1008.7,0
Delhi,2016-10-24,32.6,18.4,25.2,0.0,0.0,17.6,49,1007.9,0
Delhi,2016-10-25,32.8,19.4,25.3,0.0,0.0,16.6,49,1008.4,0
Delhi,2016-10-26,32.7,17.3,24.9,0.0,0.0,13.0,55,1010.9,1
Delhi,2016-10-27,31.7,16.2,23.9,0.0,0.0,13.1,55,1014.0,0
Delhi,2016-10-28,30.9,16.7,23.7,0.0,0.0,11.9,49,1012.3,0
Delhi,2016-10-29,30.9,17.9,23.8,0.0,0.0,8.9,50,1012.5,0
Delhi,2016-10-30,30.2,16.4,23.3,0.0,0.0,9.4,62,1014.3,28
Delhi,2016-10-31,29.6,18.8,23.6,0.0,0.0,9.6,62,1017.0,1
Delhi,2016-11-01,29.3,15.8,22.7,0.0,0.0,9.6,64,1016.0,0
Delhi,2016-11-02,29.7,16.2,23.1,0.0,0.0,9.4,64,1015.7,0
Delhi,2016-11-03,29.7,15.5,23.1,0.0,0.0,8.2,63,1016.0,0
Delhi,2016-11-04,29.8,15.4,22.6,0.0,0.0,10.9,63,1012.8,4
Delhi,2016-11-05,29.5,15.7,22.5,0.0,0.0,15.0,62,1010.2,0
Delhi,2016-11-06,29.5,15.0,22.3,0.0,0.0,10.8,60,1010.9,1
Delhi,2016-11-07,29.5,15.6,22.1,0.0,0.0,16.3,57,1012.5,0
Delhi,2016-11-08,29.3,17.1,22.4,0.0,0.0,17.7,50,1013.2,0
Delhi,2016-11-09,29.5,15.1,21.7,0.0,0.0,13.9,51,1014.1,0
Delhi,2016-11-10,29.3,13.3,21.0,0.0,0.0,10.0,59,1013.5,0
Delhi,2016-11-11,28.9,13.7,21.0,0.0,0.0,9.5,64,1013.6,0
Delhi,2016-11-12,29.3,14.7,21.6,0.0,0.0,10.0,60,1014.8,1
Delhi,2016-11-13,28.5,15.6,21.9,0.0,0.0,8.7,58,1016.1,22
Delhi,2016-11-14,27.7,17.0,21.9,0.0,0.0,8.0,61,1015.5,40
Delhi,2016-11-15,27.2,16.9,21.3,0.0,0.0,9.4,52,1015.7,34
Delhi,2016-11-16,27.1,14.0,20.1,0.0,0.0,12.5,52,1017.0,0
Delhi,2016-11-17,27.5,14.0,20.0,0.0,0.0,18.4,50,1016.6,0
Delhi,2016-11-18,27.1,14.4,20.1,0.0,0.0,14.1,55,1014.7,0
Delhi,2016-11-19,26.9,13.1,19.6,0.0,0.0,9.5,58,1012.5,0
Delhi,2016-11-20,27.6,13.2,19.7,0.0,0.0,10.1,62,1013.2,0
Delhi,2016-11-21,28.7,13.0,20.4,0.0,0.0,10.8,60,1013.5,0
Delhi,2016-11-22,28.8,13.2,20.6,0.0,0.0,14.9,53,1012.4,0
Delhi,2016-11-23,28.1,14.8,20.7,0.0,0.0,12.2,58,1012.6,9
Delhi,2016-11-24,27.8,13.0,20.0,0.0,0.0,15.5,56,1014.7,12
Delhi,2016-11-25,28.7,15.3,21.3,0.0,0.0,23.1,43,1013.2,0
Delhi,2016-11-26,29.4,16.9,22.0,0.0,0.0,22.4,39,1012.7,0
Delhi,2016-11-27,29.2,15.7,21.5,0.0,0.0,20.8,42,1013.4,0
Delhi,2016-11-28,28.1,16.1,20.9,0.0,0.0,16.0,41,1012.9,0
Delhi,2016-11-29,26.5,11.2,18.7,0.0,0.0,9.7,55,1014.9,0
Delhi,2016-11-30,26.3,12.2,19.1,0.0,0.0,9.6,71,1016.2,2
Delhi,2016-12-01,26.0,14.2,19.9,0.0,0.0,9.2,75,1016.7,0
Delhi,2016-12-02,25.3,13.7,19.2,0.0,0.0,9.2,72,1017.5,1
Delhi,2016-12-03,25.6,11.5,18.2,0.0,0.0,8.0,62,1019.0,0
Delhi,2016-12-04,25.2,10.8,17.7,0.0,0.0,9.7,59,1019.5,0
Delhi,2016-12-05,25.3,11.3,18.0,0.0,0.0,10.6,63,1017.3,0
Delhi,2016-12-06,25.2,11.4,18.1,0.0,0.0,9.1,68,1017.7,0
Delhi,2016-12-07,24.7,11.0,18.2,0.0,0.0,6.6,72,1017.0,2
Delhi,2016-12-08,24.4,10.9,17.8,0.0,0.0,7.0,73,1016.0,8
Delhi,2016-12-09,25.2,11.4,18.2,0.0,0.0,8.8,71,1013.7,3
Delhi,2016-12-10,25.6,11.8,18.6,0.0,0.0,9.4,74,1013.3,0
Delhi,2016-12-11,25.7,12.7,19.2,0.0,0.0,9.6,71,1013.2,3
Delhi,2016-12-12,25.4,12.4,18.7,0.0,0.0,9.5,68,1013.9,3
Delhi,2016-12-13,24.4,12.2,18.1,0.0,0.0,12.1,72,1014.8,9
Delhi,2016-12-14,23.8,12.5,17.3,0.0,0.0,12.0,69,1016.7,1
Delhi,2016-12-15,23.3,10.9,16.3,0.0,0.0,18.0,61,1016.5,0
Delhi,2016-12-16,22.6,8.4,15.3,0.0,0.0,9.9,64,1018.1,50
Delhi,2016-12-17,22.3,9.1,15.2,0.0,0.0,11.0,66,1017.5,51
Delhi,2016-12-18,22.1,9.0,15.0,0.0,0.0,10.5,64,1017.7,21
Delhi,2016-12-19,23.1,8.7,15.3,0.0,0.0,15.1,63,1017.3,0
Delhi,2016-12-20,24.3,12.1,17.2,0.0,0.0,21.1,57,1015.6,0
Delhi,2016-12-21,24.9,11.7,17.3,0.0,0.0,18.2,52,1015.4,0
Delhi,2016-12-22,23.1,9.9,16.4,0.0,0.0,11.8,60,1015.9,0
Delhi,2016-12-23,23.8,10.3,16.7,0.0,0.0,5.7,68,1014.0,4
Delhi,2016-12-24,23.8,9.5,16.1,0.0,0.0,12.7,73,1011.4,0
Delhi,2016-12-25,21.6,11.9,16.2,0.0,0.0,13.4,78,1013.5,3
Delhi,2016-12-26,22.6,11.4,16.1,0.0,0.0,13.5,73,1016.8,0
Delhi,2016-12-27,22.9,9.7,15.7,0.0,0.0,12.7,63,1017.0,1
Delhi,2016-12-28,23.4,8.4,15.8,0.0,0.0,9.2,68,1015.8,48
Delhi,2016-12-29,23.0,9.6,15.8,0.0,0.0,10.5,76,1016.7,24
Delhi,2016-12-30,22.1,11.2,16.0,0.0,0.0,11.9,80,1017.5,11
Delhi,2016-12-31,21.5,10.6,15.6,0.0,0.0,13.2,79,1016.3,20
Delhi,2017-01-01,22.0,11.3,15.7,0.0,0.0,13.0,80,1016.6,19
Delhi,2017-01-02,21.7,10.7,15.5,0.0,0.0,10.8,82,1018.4,21
Delhi,2017-01-03,22.5,10.4,16.1,0.0,0.0,9.4,75,1018.2,24
Delhi,2017-01-04,23.0,10.3,16.6,0.0,0.0,9.7,74,1015.8,0
Delhi,2017-01-05,23.4,10.9,16.7,0.0,0.0,9.6,78,1014.2,0
Delhi,2017-01-06,23.0,12.4,16.8,1.8,1.8,18.1,77,1011.6,17
Delhi,2017-01-07,19.4,11.4,14.6,5.4,5.4,16.0,87,1011.3,44
Delhi,2017-01-08,18.4,10.6,13.6,0.0,0.0,11.4,81,1015.1,63
Delhi,2017-01-09,19.2,8.4,13.0,0.0,0.0,12.4,72,1015.5,4
Delhi,2017-01-10,16.7,6.4,11.0,0.0,0.0,17.6,60,1016.6,0
Delhi,2017-01-11,16.0,4.6,9.7,0.0,0.0,17.1,58,1016.8,3
Delhi,2017-01-12,16.9,4.2,10.1,0.0,0.0,11.8,64,1016.6,1
Delhi,2017-01-13,17.9,5.0,10.5,0.0,0.0,12.0,66,1017.2,0
Delhi,2017-01-14,18.5,4.4,11.3,0.0,0.0,10.7,64,1018.4,30
Delhi,2017-01-15,20.3,8.3,13.8,0.0,0.0,10.5,63,1018.1,33
Delhi,2017-01-16,19.6,10.5,14.5,0.2,0.2,15.5,62,1016.7,24
Delhi,2017-01-17,16.6,6.0,10.7,0.0,0.0,12.3,76,1018.7,7
Delhi,2017-01-18,19.1,5.2,11.5,0.0,0.0,11.1,73,1021.4,31
Delhi,2017-01-19,20.8,7.1,12.9,0.0,0.0,16.4,66,1023.0,23
Delhi,2017-01-20,19.3,6.5,12.0,0.0,0.0,14.7,68,1021.9,43
Delhi,2017-01-21,19.8,7.3,13.2,0.1,0.1,12.1,66,1020.2,85
Delhi,2017-01-22,22.9,9.7,15.7,0.0,0.0,9.7,73,1021.2,5
Delhi,2017-01-23,23.5,10.6,16.3,0.0,0.0,12.8,71,1019.7,16
Delhi,2017-01-24,24.9,10.4,16.9,0.0,0.0,10.2,71,1018.2,63
Delhi,2017-01-25,25.2,13.7,18.4,12.8,12.8,22.0,75,1018.0,87
Delhi,2017-01-26,19.0,13.7,16.3,33.3,33.3,19.1,90,1017.2,93
Delhi,2017-01-27,17.9,12.4,14.7,1.8,1.8,19.4,81,1017.7,59
Delhi,2017-01-28,19.7,10.1,14.2,0.0,0.0,13.6,82,1019.4,22
Delhi,2017-01-29,21.0,11.0,14.9,0.0,0.0,16.9,82,1016.9,64
Delhi,2017-01-30,20.8,10.1,14.8,0.0,0.0,8.7,84,1015.7,13
Delhi,2017-01-31,21.2,11.1,15.6,0.0,0.0,12.5,84,1015.3,27
Delhi,2017-02-01,20.6,9.8,14.7,0.0,0.0,11.7,81,1016.8,6
Delhi,2017-02-02,21.4,9.2,14.7,0.0,0.0,11.0,79,1019.1,39
Delhi,2017-02-03,22.2,9.3,14.7,0.0,0.0,10.1,82,1017.8,84
Delhi,2017-02-04,22.6,11.7,16.8,0.0,0.0,22.2,79,1014.3,90
Delhi,2017-02-05,21.8,14.6,17.7,3.2,3.2,23.5,79,1013.5,57
Delhi,2017-02-06,21.8,11.8,16.2,0.1,0.1,16.8,78,1015.6,31
Delhi,2017-02-07,20.0,9.7,14.3,0.0,0.0,16.8,73,1016.1,73
Delhi,2017-02-08,21.4,9.2,14.8,0.0,0.0,10.8,73,1015.1,39
Delhi,2017-02-09,20.7,9.5,14.7,0.0,0.0,17.7,72,1015.9,10
Delhi,2017-02-10,21.1,9.9,14.5,0.0,0.0,18.9,68,1015.6,0
Delhi,2017-02-11,21.4,8.0,14.0,0.0,0.0,11.2,70,1016.2,0
Delhi,2017-02-12,22.1,8.4,15.0,0.0,0.0,10.8,72,1019.5,0
Delhi,2017-02-13,23.0,9.9,15.8,0.0,0.0,12.7,68,1021.2,0
Delhi,2017-02-14,24.0,10.2,16.4,0.0,0.0,14.5,65,1021.4,23
Delhi,2017-02-15,25.1,11.1,17.6,0.0,0.0,13.2,65,1020.5,32
Delhi,2017-02-16,27.4,13.3,19.9,0.0,0.0,18.3,61,1018.0,54
Delhi,2017-02-17,27.2,15.0,20.1,0.0,0.0,16.4,64,1016.8,64
Delhi,2017-02-18,28.5,14.2,20.6,0.0,0.0,15.6,66,1016.8,46
Delhi,2017-02-19,28.6,15.1,21.5,0.0,0.0,16.0,62,1013.9,50
Delhi,2017-02-20,29.4,16.4,22.4,0.0,0.0,15.5,63,1006.4,21
Delhi,2017-02-21,25.4,14.7,19.4,0.0,0.0,18.1,64,1007.2,21
Delhi,2017-02-22,25.5,12.9,18.9,0.0,0.0,11.8,57,1011.8,3
Delhi,2017-02-23,24.7,11.4,17.9,0.0,0.0,22.7,44,1014.8,0
Delhi,2017-02-24,25.2,12.4,18.3,0.0,0.0,27.3,37,1016.0,0
Delhi,2017-02-25,26.8,13.1,19.3,0.0,0.0,24.5,39,1014.3,0
Delhi,2017-02-26,26.4,12.9,18.8,0.0,0.0,20.7,46,1012.5,3
Delhi,2017-02-27,27.4,12.2,19.4,0.0,0.0,16.2,48,1013.9,1
Delhi,2017-02-28,29.2,15.3,22.0,0.0,0.0,9.8,47,1013.7,33
Delhi,2017-03-01,28.0,18.4,22.2,2.9,2.9,11.8,56,1012.5,35
Delhi,2017-03-02,27.6,14.5,20.3,1.3,1.3,14.0,62,1012.2,12
Delhi,2017-03-03,26.4,13.5,19.7,0.0,0.0,16.9,46,1011.0,51
Delhi,2017-03-04,25.1,12.2,18.4,0.0,0.0,17.3,43,1010.1,2
Delhi,2017-03-05,26.7,12.0,18.8,0.0,0.0,20.9,43,1010.7,0
Delhi,2017-03-06,26.9,12.5,19.4,0.0,0.0,19.2,43,1010.4,39
Delhi,2017-03-07,27.5,13.5,20.5,0.0,0.0,14.7,46,1008.9,40
Delhi,2017-03-08,25.9,16.5,20.5,1.2,1.2,21.3,50,1008.5,48
Delhi,2017-03-09,25.9,14.1,19.1,0.3,0.3,14.6,64,1007.8,18
Delhi,2017-03-10,22.6,13.3,17.1,12.1,12.1,17.5,77,1006.9,32
Delhi,2017-03-11,21.7,12.0,16.1,1.3,1.3,19.2,76,1009.7,41
Delhi,2017-03-12,21.6,10.3,15.9,0.0,0.0,17.3,63,1014.1,4
Delhi,2017-03-13,22.8,10.3,16.2,0.0,0.0,17.8,53,1014.4,0
Delhi,2017-03-14,24.5,9.7,17.5,0.0,0.0,12.5,53,1016.2,46
Delhi,2017-03-15,26.9,11.3,18.9,0.0,0.0,15.3,54,1014.6,32
Delhi,2017-03-16,27.2,13.6,20.3,0.0,0.0,15.2,52,1011.7,38
Delhi,2017-03-17,26.4,13.8,19.8,0.0,0.0,21.1,56,1010.7,4
Delhi,2017-03-18,27.9,13.7,20.5,0.0,0.0,11.3,50,1010.4,46
Delhi,2017-03-19,29.4,15.9,21.5,1.3,1.3,19.2,55,1011.4,36
Delhi,2017-03-20,29.5,15.2,21.8,0.0,0.0,19.3,56,1012.7,8
Delhi,2017-03-21,32.1,16.0,23.5,0.0,0.0,16.8,48,1012.3,2
Delhi,2017-03-22,33.9,18.0,25.5,0.0,0.0,18.0,48,1010.5,1
Delhi,2017-03-23,34.6,17.8,25.8,0.2,0.2,23.2,50,1009.4,16
Delhi,2017-03-24,33.4,19.4,26.0,0.0,0.0,16.9,47,1009.8,28
Delhi,2017-03-25,32.7,17.6,25.4,0.0,0.0,20.7,41,1010.3,13
Delhi,2017-03-26,34.0,19.7,26.7,0.0,0.0,23.0,38,1011.0,0
Delhi,2017-03-27,36.0,21.7,28.4,0.0,0.0,26.5,40,1009.9,0
Delhi,2017-03-28,36.8,21.3,28.9,0.0,0.0,19.6,43,1009.0,19
Delhi,2017-03-29,37.4,22.7,29.7,0.0,0.0,20.4,39,1007.7,11
Delhi,2017-03-30,37.3,22.8,29.8,0.0,0.0,20.2,36,1007.5,17
Delhi,2017-03-31,37.3,22.9,30.0,0.0,0.0,12.4,39,1008.1,59
Delhi,2017-04-01,37.7,22.4,29.8,0.0,0.0,25.1,35,1006.3,39
Delhi,2017-04-02,37.0,22.2,29.4,0.0,0.0,20.2,29,1004.7,2
Delhi,2017-04-03,37.5,21.3,29.1,0.0,0.0,20.1,31,1005.0,24
Delhi,2017-04-04,36.5,21.2,29.0,0.0,0.0,16.6,32,1006.5,23
Delhi,2017-04-05,34.6,23.2,28.3,1.1,1.1,30.5,41,1004.9,28
Delhi,2017-04-06,36.4,21.0,28.7,0.0,0.0,23.7,40,1003.3,1
Delhi,2017-04-07,33.2,19.2,26.4,0.0,0.0,18.4,40,1007.3,6
Delhi,2017-04-08,32.8,17.4,25.5,0.0,0.0,14.5,24,1010.1,0
Delhi,2017-04-09,31.8,19.6,25.6,0.0,0.0,24.2,22,1011.1,0
Delhi,2017-04-10,33.3,18.9,25.9,0.0,0.0,31.8,22,1009.3,0
Delhi,2017-04-11,36.4,20.1,28.1,0.0,0.0,29.9,24,1007.1,0
Delhi,2017-04-12,38.4,21.4,29.5,0.0,0.0,25.5,26,1006.3,0
Delhi,2017-04-13,38.5,20.7,30.3,0.0,0.0,12.6,27,1006.7,2
Delhi,2017-04-14,39.1,23.6,30.9,0.0,0.0,11.9,28,1005.4,15
Delhi,2017-04-15,39.9,22.2,31.3,0.0,0.0,18.8,27,1003.1,0
Delhi,2017-04-16,39.7,23.2,31.0,0.0,0.0,15.1,31,1003.6,1
Delhi,2017-04-17,40.6,24.6,31.9,0.0,0.0,16.0,38,1004.9,0
Delhi,2017-04-18,41.4,23.6,32.7,0.0,0.0,16.7,35,1003.4,4
Delhi,2017-04-19,41.6,25.7,33.7,0.0,0.0,15.8,20,1001.4,0
Delhi,2017-04-20,41.5,24.3,33.7,0.0,0.0,22.9,25,999.7,32
Delhi,2017-04-21,40.9,25.9,33.3,0.0,0.0,18.7,38,1000.1,46
Delhi,2017-04-22,40.5,27.1,32.5,2.0,2.0,21.4,47,1001.7,40
Delhi,2017-04-23,38.8,24.7,31.4,0.0,0.0,21.3,38,1002.9,13
Delhi,2017-04-24,37.0,24.1,30.4,2.1,2.1,27.2,31,1004.2,28
Delhi,2017-04-25,37.1,23.4,30.5,0.0,0.0,22.7,24,1004.7,23
Delhi,2017-04-26,37.5,22.3,29.9,0.0,0.0,24.7,23,1005.3,36
Delhi,2017-04-27,38.4,22.9,30.6,0.0,0.0,16.5,24,1006.4,28
Delhi,2017-04-28,38.3,22.7,30.4,0.3,0.3,18.3,29,1005.7,28
Delhi,2017-04-29,38.2,23.9,30.8,0.0,0.0,13.6,30,1005.4,63
Delhi,2017-04-30,37.1,23.4,30.0,0.1,0.1,25.5,34,1005.8,20
Delhi,2017-05-01,36.9,22.0,29.9,0.0,0.0,13.4,31,1007.9,0
Delhi,2017-05-02,38.4,24.8,31.9,0.0,0.0,10.8,22,1008.4,42
Delhi,2017-05-03,38.2,26.4,31.6,0.0,0.0,15.9,25,1006.5,63
Delhi,2017-05-04,38.5,25.8,31.6,0.0,0.0,25.5,25,1007.1,17
Delhi,2017-05-05,39.1,23.2,31.7,0.0,0.0,17.7,26,1006.4,30
Delhi,2017-05-06,40.7,24.7,33.2,0.0,0.0,17.7,24,1005.9,35
Delhi,2017-05-07,42.1,25.2,34.5,0.0,0.0,21.4,23,1005.1,33
Delhi,2017-05-08,42.1,26.0,34.2,0.0,0.0,16.4,23,1004.1,27
Delhi,2017-05-09,42.1,25.6,33.7,0.0,0.0,21.5,32,1002.2,29
Delhi,2017-05-10,39.8,26.9,32.3,1.8,1.8,21.5,44,1004.4,37
Delhi,2017-05-11,39.9,27.1,33.6,0.0,0.0,18.8,38,1005.7,40
Delhi,2017-05-12,40.4,26.4,33.1,1.4,1.4,24.0,37,1006.0,19
Delhi,2017-05-13,40.3,26.1,33.6,0.1,0.1,20.0,33,1004.2,11
Delhi,2017-05-14,42.6,26.8,35.0,0.0,0.0,19.4,23,1001.1,14
Delhi,2017-05-15,42.6,27.3,35.2,0.0,0.0,16.8,22,999.3,5
Delhi,2017-05-16,40.6,27.3,33.8,0.7,0.7,22.1,28,999.5,19
Delhi,2017-05-17,35.9,25.4,31.1,1.0,1.0,14.7,40,1001.7,34
Delhi,2017-05-18,38.5,25.7,31.5,0.4,0.4,18.8,43,1002.5,16
Delhi,2017-05-19,40.8,26.3,33.1,0.0,0.0,23.5,38,1002.3,37
Delhi,2017-05-20,39.9,25.9,33.1,0.0,0.0,16.2,31,1001.3,33
Delhi,2017-05-21,39.4,25.8,32.4,0.0,0.0,16.9,34,1001.1,48
Delhi,2017-05-22,37.7,24.3,30.7,0.9,0.9,17.3,44,1003.8,29
Delhi,2017-05-23,37.8,25.1,31.5,0.1,0.1,17.0,42,1003.9,14
Delhi,2017-05-24,39.6,25.9,33.0,0.2,0.2,16.0,40,1001.9,23
Delhi,2017-05-25,40.7,27.5,33.5,0.0,0.0,16.1,39,1000.7,12
Delhi,2017-05-26,42.6,27.8,35.4,0.0,0.0,19.8,33,999.0,9
Delhi,2017-05-27,40.8,28.3,32.9,0.2,0.2,21.6,46,998.3,13
Delhi,2017-05-28,38.0,27.9,32.4,0.3,0.3,24.5,51,999.0,15
Delhi,2017-05-29,35.5,25.4,29.9,2.4,2.4,21.3,57,999.5,18
Delhi,2017-05-30,35.3,24.6,30.0,0.5,0.5,15.8,61,998.2,11
Delhi,2017-05-31,37.2,26.2,30.9,0.2,0.2,18.9,57,999.5,27
Delhi,2017-06-01,37.8,26.8,31.4,0.0,0.0,18.4,55,1001.2,11
Delhi,2017-06-02,39.4,24.9,32.6,0.0,0.0,15.6,43,1000.9,0
Delhi,2017-06-03,42.0,27.2,35.2,0.0,0.0,19.5,35,998.6,0
Delhi,2017-06-04,44.1,29.7,37.3,0.0,0.0,23.8,26,997.2,1
Delhi,2017-06-05,42.9,34.0,37.9,0.0,0.0,28.1,29,997.9,10
Delhi,2017-06-06,40.8,32.1,36.8,0.3,0.3,29.8,36,999.8,17
Delhi,2017-06-07,36.5,26.9,31.7,0.6,0.6,25.1,57,1003.5,26
Delhi,2017-06-08,35.7,27.0,31.4,3.8,3.8,19.7,57,1002.3,17
Delhi,2017-06-09,36.7,26.4,31.0,0.3,0.3,15.0,55,1001.3,25
Delhi,2017-06-10,38.9,26.1,32.2,0.6,0.6,14.9,51,1000.2,18
Delhi,2017-06-11,38.1,25.8,32.1,0.2,0.2,13.7,46,999.4,9
Delhi,2017-06-12,38.9,25.7,32.8,0.0,0.0,21.2,42,998.1,10
Delhi,2017-06-13,40.9,27.0,33.7,0.1,0.1,19.4,37,997.6,17
Delhi,2017-06-14,41.0,27.1,34.4,0.4,0.4,19.1,35,999.6,25
Delhi,2017-06-15,39.1,27.4,32.9,2.2,2.2,15.9,48,1000.3,16
Delhi,2017-06-16,36.6,24.2,31.0,0.4,0.4,11.8,49,1000.3,38
Delhi,2017-06-17,37.0,24.7,30.5,7.0,7.0,18.1,61,1000.3,36
Delhi,2017-06-18,36.5,25.2,30.8,3.1,3.1,21.1,66,998.8,27
Delhi,2017-06-19,35.6,26.9,31.4,5.5,5.5,19.8,65,997.2,32
Delhi,2017-06-20,34.9,25.0,29.7,10.2,10.2,12.8,70,998.2,36
Delhi,2017-06-21,33.0,24.0,28.7,2.4,2.4,18.3,71,998.7,31
Delhi,2017-06-22,34.2,25.0,29.1,0.0,0.0,16.2,68,999.8,40
Delhi,2017-06-23,33.1,25.4,29.3,5.5,5.5,17.1,71,1000.1,36
Delhi,2017-06-24,35.8,26.2,31.6,0.0,0.0,8.6,60,997.5,15
Delhi,2017-06-25,36.8,29.2,33.1,0.2,0.2,12.3,58,997.2,29
Delhi,2017-06-26,37.0,29.0,33.5,2.3,2.3,15.6,60,998.6,23
Delhi,2017-06-27,36.7,28.1,32.9,1.1,1.1,18.6,62,998.5,44
Delhi,2017-06-28,33.5,26.8,29.4,24.1,24.1,19.1,80,999.3,98
Delhi,2017-06-29,31.1,25.7,27.8,3.6,3.6,21.4,85,999.0,100
Delhi,2017-06-30,30.4,25.9,27.8,15.1,15.1,14.3,86,997.1,98
Delhi,2017-07-01,31.1,26.4,28.6,10.5,10.5,10.0,85,995.8,96
Delhi,2017-07-02,30.3,25.6,27.9,12.4,12.4,15.6,86,996.9,99
Delhi,2017-07-03,32.9,26.0,29.2,3.5,3.5,12.8,82,997.2,92
Delhi,2017-07-04,34.6,27.6,30.8,3.8,3.8,24.8,75,995.7,80
Delhi,2017-07-05,34.5,27.6,30.8,0.4,0.4,18.8,71,996.7,76
Delhi,2017-07-06,34.4,27.0,30.1,1.0,1.0,15.9,72,998.8,63
Delhi,2017-07-07,34.5,25.7,29.9,1.7,1.7,12.7,75,1000.3,56
Delhi,2017-07-08,34.6,26.7,31.0,0.1,0.1,15.3,72,1000.1,42
Delhi,2017-07-09,36.4,28.3,32.2,0.0,0.0,22.0,64,998.9,94
Delhi,2017-07-10,36.3,29.0,32.0,0.4,0.4,21.7,60,999.2,99
Delhi,2017-07-11,34.7,27.5,30.4,1.4,1.4,13.7,69,999.8,96
Delhi,2017-07-12,30.8,26.0,28.2,1.1,1.1,16.1,78,1001.4,89
Delhi,2017-07-13,32.4,26.0,29.2,0.6,0.6,21.0,72,1000.8,53
Delhi,2017-07-14,32.9,27.1,29.7,0.6,0.6,18.1,73,999.9,43
Delhi,2017-07-15,32.5,27.1,29.5,9.6,9.6,16.2,76,1000.0,77
Delhi,2017-07-16,32.8,27.1,29.8,5.1,5.1,15.1,79,999.5,83
Delhi,2017-07-17,33.2,27.5,29.7,5.8,5.8,19.2,80,999.7,88
Delhi,2017-07-18,33.8,27.0,30.2,4.3,4.3,11.7,79,999.6,34
Delhi,2017-07-19,35.2,27.7,31.5,2.0,2.0,11.8,73,998.2,29
Delhi,2017-07-20,32.3,25.5,29.4,14.0,14.0,16.6,78,997.8,76
Delhi,2017-07-21,32.7,27.8,29.7,5.7,5.7,19.1,76,998.0,88
Delhi,2017-07-22,31.2,26.6,28.4,1.8,1.8,23.4,79,998.2,74
Delhi,2017-07-23,32.2,25.6,28.0,5.3,5.3,23.2,82,997.1,77
Delhi,2017-07-24,30.5,25.1,27.6,6.3,6.3,21.4,84,996.7,83
Delhi,2017-07-25,31.3,25.2,27.7,5.6,5.6,19.6,83,997.1,82
Delhi,2017-07-26,31.8,25.4,28.7,0.7,0.7,17.2,80,999.3,66
Delhi,2017-07-27,32.8,26.3,29.4,1.9,1.9,19.8,75,1001.0,67
Delhi,2017-07-28,32.1,27.0,29.1,0.9,0.9,22.4,76,1001.7,81
Delhi,2017-07-29,31.7,26.6,28.9,1.8,1.8,24.9,77,1001.4,77
Delhi,2017-07-30,31.4,26.3,28.5,2.3,2.3,13.8,80,1001.0,74
Delhi,2017-07-31,31.0,25.7,27.3,17.6,17.6,12.0,87,1001.3,91
Delhi,2017-08-01,28.7,25.5,26.8,4.8,4.8,18.0,90,1001.5,99
Delhi,2017-08-02,31.6,26.1,28.2,2.6,2.6,15.5,83,1000.7,100
Delhi,2017-08-03,31.6,26.2,28.9,1.0,1.0,21.9,77,998.2,97
Delhi,2017-08-04,32.0,26.7,29.1,0.7,0.7,16.9,74,997.2,89
Delhi,2017-08-05,33.4,27.1,29.8,3.8,3.8,15.0,72,999.1,89
Delhi,2017-08-06,32.6,27.5,29.5,1.3,1.3,10.0,79,1000.4,98
Delhi,2017-08-07,31.5,25.8,28.4,17.7,17.7,11.4,87,1001.5,99
Delhi,2017-08-08,32.5,25.9,28.6,12.5,12.5,8.8,86,1001.8,97
Delhi,2017-08-09,30.4,25.7,27.9,17.3,17.3,9.7,89,1000.8,99
Delhi,2017-08-10,32.6,25.7,28.8,10.2,10.2,20.5,81,999.1,96
Delhi,2017-08-11,34.1,27.5,30.2,0.2,0.2,23.0,70,998.3,92
Delhi,2017-08-12,33.2,27.6,30.0,0.3,0.3,31.3,69,998.2,78
Delhi,2017-08-13,33.1,26.8,29.8,0.5,0.5,20.2,71,1000.4,68
Delhi,2017-08-14,33.2,26.5,29.7,0.2,0.2,13.2,69,1003.7,61
Delhi,2017-08-15,32.8,27.1,29.8,0.6,0.6,15.6,71,1002.7,34
Delhi,2017-08-16,34.6,27.2,30.4,0.0,0.0,18.8,67,1000.2,53
Delhi,2017-08-17,35.8,27.7,31.1,0.0,0.0,20.2,64,999.1,43
Delhi,2017-08-18,35.6,27.5,31.1,0.0,0.0,14.9,65,1000.2,66
Delhi,2017-08-19,30.4,27.0,28.2,6.3,6.3,16.5,83,1003.1,88
Delhi,2017-08-20,33.2,26.1,29.6,0.4,0.4,17.4,74,1002.6,26
Delhi,2017-08-21,32.7,26.7,29.2,6.2,6.2,19.3,78,1001.5,61
Delhi,2017-08-22,32.2,26.6,28.8,6.0,6.0,12.6,81,1001.6,62
Delhi,2017-08-23,31.3,26.5,28.0,3.8,3.8,15.6,86,1003.2,97
Delhi,2017-08-24,32.2,25.6,28.6,1.7,1.7,8.7,84,1002.3,72
Delhi,2017-08-25,30.8,26.2,28.1,6.7,6.7,11.7,86,1000.9,56
Delhi,2017-08-26,31.8,25.3,27.6,26.7,26.7,7.9,88,999.9,67
Delhi,2017-08-27,32.6,25.4,28.6,1.8,1.8,12.9,83,999.9,52
Delhi,2017-08-28,29.0,25.9,27.4,2.0,2.0,22.0,84,1001.4,73
Delhi,2017-08-29,31.2,25.8,27.9,8.0,8.0,19.4,80,1001.4,79
Delhi,2017-08-30,30.8,26.4,28.2,4.4,4.4,21.0,81,1002.2,71
Delhi,2017-08-31,28.8,24.7,26.4,24.2,24.2,14.6,90,1003.1,93
Delhi,2017-09-01,30.2,24.9,26.5,33.7,33.7,17.6,88,1002.9,93
Delhi,2017-09-02,28.1,25.0,25.7,24.7,24.7,16.2,88,1003.1,80
Delhi,2017-09-03,31.4,24.4,27.5,0.5,0.5,10.5,80,1003.5,23
Delhi,2017-09-04,32.8,25.3,28.6,0.0,0.0,16.7,78,1004.6,14
Delhi,2017-09-05,32.2,25.3,28.5,0.1,0.1,13.5,77,1004.8,21
Delhi,2017-09-06,32.5,25.9,28.7,1.5,1.5,12.6,76,1005.0,28
Delhi,2017-09-07,31.0,24.1,27.4,0.4,0.4,12.2,84,1005.8,31
Delhi,2017-09-08,32.2,24.9,28.2,0.3,0.3,11.6,81,1006.0,12
Delhi,2017-09-09,32.9,24.7,28.7,0.0,0.0,13.5,76,1004.5,5
Delhi,2017-09-10,34.4,25.6,29.8,0.0,0.0,13.0,73,1004.8,8
Delhi,2017-09-11,34.6,26.0,29.7,0.0,0.0,16.5,72,1006.5,14
Delhi,2017-09-12,33.8,25.7,29.4,0.0,0.0,14.4,71,1007.0,11
Delhi,2017-09-13,34.0,25.9,29.8,0.0,0.0,11.4,69,1006.6,9
Delhi,2017-09-14,33.7,26.0,29.5,0.0,0.0,9.5,73,1006.0,47
Delhi,2017-09-15,34.2,25.0,29.3,0.0,0.0,13.2,69,1005.0,25
Delhi,2017-09-16,33.7,25.3,28.7,0.0,0.0,14.3,71,1004.8,78
Delhi,2017-09-17,33.4,25.8,28.7,0.0,0.0,17.4,69,1004.2,64
Delhi,2017-09-18,34.8,24.1,29.1,0.0,0.0,17.1,65,1003.7,21
Delhi,2017-09-19,33.8,24.8,29.5,0.1,0.1,9.5,74,1003.3,45
Delhi,2017-09-20,35.7,25.2,30.0,0.0,0.0,11.2,67,1002.6,7
Delhi,2017-09-21,33.7,25.1,29.1,0.0,0.0,15.8,72,1002.8,76
Delhi,2017-09-22,27.2,23.9,25.6,12.4,12.4,19.8,85,1003.3,100
Delhi,2017-09-23,26.4,22.8,24.3,18.0,18.0,19.9,91,1004.8,94
Delhi,2017-09-24,30.8,21.0,25.3,0.0,0.0,17.9,83,1006.9,14
Delhi,2017-09-25,33.1,22.5,27.5,0.0,0.0,16.1,76,1005.1,8
Delhi,2017-09-26,33.2,23.7,28.3,0.0,0.0,12.7,71,1005.8,5
Delhi,2017-09-27,34.1,23.6,28.4,0.0,0.0,9.7,66,1006.3,5
Delhi,2017-09-28,33.8,23.8,28.6,0.0,0.0,10.2,64,1005.4,18
Delhi,2017-09-29,33.5,24.1,29.0,0.0,0.0,14.1,64,1004.9,7
Delhi,2017-09-30,34.8,23.4,28.8,0.0,0.0,13.9,63,1006.9,0
Delhi,2017-10-01,35.5,21.8,28.4,0.0,0.0,11.9,59,1006.8,0
Delhi,2017-10-02,35.4,22.5,29.0,0.0,0.0,10.3,57,1005.8,0
Delhi,2017-10-03,34.6,21.7,28.1,0.0,0.0,15.3,59,1007.1,0
Delhi,2017-10-04,34.4,22.0,28.1,0.0,0.0,14.1,62,1008.5,0
Delhi,2017-10-05,34.4,22.5,28.1,0.0,0.0,13.8,65,1008.6,0
Delhi,2017-10-06,34.7,22.8,27.9,0.0,0.0,13.4,56,1008.5,0
Delhi,2017-10-07,33.9,20.9,27.7,0.0,0.0,13.4,52,1007.7,0
Delhi,2017-10-08,34.6,21.5,27.4,0.0,0.0,8.9,62,1007.0,0
Delhi,2017-10-09,35.0,22.4,27.9,0.0,0.0,13.0,63,1007.3,4
Delhi,2017-10-10,34.9,21.9,27.9,0.0,0.0,10.7,60,1006.9,2
Delhi,2017-10-11,34.6,22.3,27.9,0.0,0.0,13.0,59,1007.0,3
Delhi,2017-10-12,34.2,22.4,28.2,0.0,0.0,11.0,55,1006.7,1
Delhi,2017-10-13,34.5,22.2,28.1,0.0,0.0,11.9,48,1004.8,0
Delhi,2017-10-14,35.7,21.6,28.0,0.0,0.0,13.0,51,1004.5,0
Delhi,2017-10-15,35.3,21.1,28.0,0.0,0.0,10.2,52,1004.9,0
Delhi,2017-10-16,35.3,20.9,27.9,0.0,0.0,11.3,52,1005.9,0
Delhi,2017-10-17,33.6,19.8,26.5,0.0,0.0,14.7,51,1007.5,0
Delhi,2017-10-18,33.5,20.1,26.2,0.0,0.0,16.1,62,1008.6,0
Delhi,2017-10-19,34.5,20.6,27.3,0.0,0.0,11.6,63,1008.4,0
Delhi,2017-10-20,34.7,21.6,28.0,0.0,0.0,11.3,58,1008.1,7
Delhi,2017-10-21,34.8,20.4,27.1,0.0,0.0,14.6,53,1006.6,0
Delhi,2017-10-22,35.1,19.8,27.0,0.0,0.0,14.1,49,1005.7,17
Delhi,2017-10-23,33.5,19.2,26.5,0.0,0.0,13.7,55,1007.8,11
Delhi,2017-10-24,33.2,19.5,25.5,0.0,0.0,16.3,51,1010.9,0
Delhi,2017-10-25,32.0,17.9,25.1,0.0,0.0,10.0,46,1013.4,0
Delhi,2017-10-26,32.0,18.0,24.7,0.0,0.0,12.2,51,1014.2,0
Delhi,2017-10-27,30.9,17.9,24.0,0.0,0.0,10.4,60,1013.5,6
Delhi,2017-10-28,31.4,19.0,24.7,0.0,0.0,10.0,61,1013.0,3
Delhi,2017-10-29,30.8,17.5,23.9,0.0,0.0,9.4,61,1015.1,1
Delhi,2017-10-30,29.8,17.4,23.4,0.0,0.0,9.6,63,1015.3,0
Delhi,2017-10-31,30.2,17.9,24.0,0.0,0.0,8.7,63,1013.4,1
Delhi,2017-11-01,30.6,19.7,24.4,0.0,0.0,10.3,61,1014.3,4
Delhi,2017-11-02,30.4,18.3,23.9,0.0,0.0,10.5,69,1013.4,0
Delhi,2017-11-03,29.4,18.2,23.4,0.0,0.0,9.5,70,1013.5,0
Delhi,2017-11-04,29.3,17.8,22.9,0.0,0.0,9.6,73,1015.5,1
Delhi,2017-11-05,29.2,18.5,23.9,0.0,0.0,8.3,67,1015.7,2
Delhi,2017-11-06,29.3,17.9,23.7,0.0,0.0,9.2,64,1014.7,0
Delhi,2017-11-07,28.6,17.3,22.9,0.0,0.0,9.4,71,1014.4,3
Delhi,2017-11-08,29.2,16.3,22.9,0.0,0.0,10.3,68,1014.2,1
Delhi,2017-11-09,29.1,16.6,22.2,0.0,0.0,11.6,72,1013.3,2
Delhi,2017-11-10,28.8,15.9,22.1,0.0,0.0,11.5,68,1014.2,0
Delhi,2017-11-11,27.7,15.2,21.3,0.0,0.0,10.8,69,1014.9,44
Delhi,2017-11-12,27.5,14.9,21.0,0.0,0.0,11.5,70,1012.7,23
Delhi,2017-11-13,27.6,16.4,20.9,0.0,0.0,8.8,70,1011.2,1
Delhi,2017-11-14,27.5,15.9,21.1,0.0,0.0,17.6,66,1011.1,9
Delhi,2017-11-15,26.2,16.6,20.8,0.0,0.0,11.1,64,1012.7,23
Delhi,2017-11-16,25.7,15.5,20.0,0.2,0.2,13.0,66,1014.0,23
Delhi,2017-11-17,25.3,15.4,19.9,0.1,0.1,13.6,69,1014.5,34
Delhi,2017-11-18,25.4,16.4,20.2,0.1,0.1,13.7,67,1014.8,39
Delhi,2017-11-19,24.6,15.4,19.0,0.0,0.0,15.8,52,1016.0,8
Delhi,2017-11-20,22.8,12.0,17.0,0.0,0.0,15.8,50,1017.3,1
Delhi,2017-11-21,23.3,11.2,16.5,0.0,0.0,16.6,51,1015.2,2
Delhi,2017-11-22,24.1,10.8,16.7,0.0,0.0,18.2,51,1014.2,5
Delhi,2017-11-23,24.0,11.1,16.6,0.0,0.0,14.1,47,1013.4,11
Delhi,2017-11-24,24.7,10.2,16.9,0.0,0.0,12.7,47,1015.0,0
Delhi,2017-11-25,24.9,11.4,17.0,0.0,0.0,11.9,52,1015.6,0
Delhi,2017-11-26,24.9,10.1,17.0,0.0,0.0,11.3,61,1017.0,0
Delhi,2017-11-27,25.1,11.4,17.3,0.0,0.0,16.9,56,1014.3,0
Delhi,2017-11-28,25.6,10.8,17.4,0.0,0.0,11.5,58,1013.4,0
Delhi,2017-11-29,25.8,11.5,17.8,0.0,0.0,10.4,63,1015.5,0
Delhi,2017-11-30,25.3,11.6,17.4,0.0,0.0,11.7,66,1015.6,0
Delhi,2017-12-01,23.9,9.4,17.1,0.0,0.0,9.1,60,1015.6,0
Delhi,2017-12-02,23.8,11.1,17.3,0.0,0.0,10.1,57,1016.7,43
Delhi,2017-12-03,22.9,11.2,17.4,0.0,0.0,7.6,53,1016.5,96
Delhi,2017-12-04,22.7,9.4,16.6,0.0,0.0,9.3,61,1014.8,98
Delhi,2017-12-05,22.8,13.9,17.3,0.0,0.0,10.2,60,1015.0,97
Delhi,2017-12-06,20.9,14.1,17.5,0.0,0.0,13.4,51,1014.4,67
Delhi,2017-12-07,22.7,14.3,17.4,0.1,0.1,14.3,37,1015.1,32
Delhi,2017-12-08,23.9,11.2,16.7,0.0,0.0,16.1,37,1015.4,0
Delhi,2017-12-09,23.7,10.3,16.7,0.0,0.0,11.2,46,1015.1,0
Delhi,2017-12-10,23.9,10.5,17.0,0.0,0.0,10.0,60,1015.2,0
Delhi,2017-12-11,23.4,11.4,17.2,2.1,2.1,11.3,67,1014.0,46
Delhi,2017-12-12,20.8,13.4,16.5,5.6,5.6,10.9,84,1015.4,37
Delhi,2017-12-13,19.7,11.4,14.3,0.0,0.0,8.7,83,1018.0,42
Delhi,2017-12-14,20.4,9.6,13.6,0.0,0.0,11.7,71,1019.3,0
Delhi,2017-12-15,20.2,7.9,13.0,0.0,0.0,17.4,70,1020.3,24
Delhi,2017-12-16,19.5,7.6,12.7,0.0,0.0,19.9,63,1021.4,2
Delhi,2017-12-17,21.0,8.3,13.7,0.0,0.0,20.5,51,1021.2,0
Delhi,2017-12-18,23.5,10.1,15.6,0.0,0.0,20.8,46,1019.9,2
Delhi,2017-12-19,22.5,9.4,14.7,0.0,0.0,14.3,59,1019.6,73
Delhi,2017-12-20,21.8,10.5,15.3,0.0,0.0,9.8,74,1020.8,98
Delhi,2017-12-21,22.9,11.8,16.2,0.0,0.0,12.1,79,1020.8,50
Delhi,2017-12-22,23.3,11.1,16.3,0.0,0.0,20.1,66,1018.6,69
Delhi,2017-12-23,22.5,10.9,15.7,0.0,0.0,18.5,59,1015.2,4
Delhi,2017-12-24,22.3,10.0,15.6,0.0,0.0,10.3,65,1015.7,7
Delhi,2017-12-25,22.1,9.1,15.1,0.0,0.0,14.2,70,1017.4,0
Delhi,2017-12-26,22.3,8.9,14.4,0.0,0.0,12.0,72,1017.6,0
Delhi,2017-12-27,22.5,8.4,15.2,0.0,0.0,10.1,66,1016.9,42
Delhi,2017-12-28,22.6,8.5,14.9,0.0,0.0,10.9,71,1016.8,25
Delhi,2017-12-29,21.6,8.1,14.1,0.0,0.0,10.9,76,1017.4,0
Delhi,2017-12-30,21.1,8.1,14.1,0.0,0.0,10.9,76,1017.4,0
Delhi,2017-12-31,20.2,7.3,12.9,0.0,0.0,11.7,75,1016.2,16
Delhi,2018-01-01,20.1,6.8,13.1,0.0,0.0,10.3,66,1014.4,1
Delhi,2018-01-02,19.8,6.5,13.4,0.0,0.0,9.6,69,1014.8,0
Delhi,2018-01-03,19.8,6.9,12.2,0.0,0.0,10.7,74,1015.3,0
Delhi,2018-01-04,20.3,5.9,11.8,0.0,0.0,10.0,74,1015.4,1
Delhi,2018-01-05,20.3,6.6,12.3,0.0,0.0,10.7,74,1014.9,0
Delhi,2018-01-06,19.5,5.5,12.0,0.0,0.0,10.9,76,1014.0,9
Delhi,2018-01-07,18.8,6.1,11.9,0.0,0.0,17.2,69,1015.0,0
Delhi,2018-01-08,19.6,6.8,12.1,0.0,0.0,13.0,70,1016.6,0
Delhi,2018-01-09,19.8,5.8,12.1,0.0,0.0,13.0,71,1018.7,0
Delhi,2018-01-10,20.8,7.3,13.3,0.0,0.0,18.7,68,1018.2,0
Delhi,2018-01-11,21.2,8.3,13.9,0.0,0.0,18.9,63,1016.7,0
Delhi,2018-01-12,21.9,8.9,14.8,0.0,0.0,15.1,58,1015.6,14
Delhi,2018-01-13,21.6,6.5,14.0,0.0,0.0,11.4,69,1015.9,1
Delhi,2018-01-14,21.9,7.3,13.5,0.0,0.0,11.6,69,1015.8,0
Delhi,2018-01-15,21.8,7.2,13.9,0.0,0.0,17.1,63,1016.1,0
Delhi,2018-01-16,22.1,9.0,14.6,0.0,0.0,17.2,57,1013.7,0
Delhi,2018-01-17,21.3,7.8,13.6,0.0,0.0,13.0,74,1014.7,0
Delhi,2018-01-18,23.8,8.9,15.1,0.0,0.0,11.4,76,1015.3,0
Delhi,2018-01-19,23.4,9.7,15.6,0.0,0.0,12.1,74,1015.7,0
Delhi,2018-01-20,22.1,8.7,14.5,0.0,0.0,16.2,64,1014.9,0
Delhi,2018-01-21,21.4,7.1,14.1,0.0,0.0,10.6,57,1014.3,0
Delhi,2018-01-22,21.7,7.1,14.1,0.0,0.0,10.4,67,1012.9,0
Delhi,2018-01-23,16.1,10.7,13.4,6.0,6.0,15.9,79,1010.8,57
Delhi,2018-01-24,18.7,8.3,12.7,0.8,0.8,13.7,82,1013.7,44
Delhi,2018-01-25,19.5,8.6,13.1,0.0,0.0,16.6,79,1013.0,0
Delhi,2018-01-26,19.9,7.6,12.5,0.0,0.0,13.2,80,1013.9,10
Delhi,2018-01-27,19.9,7.2,12.1,0.0,0.0,11.5,77,1013.8,0
Delhi,2018-01-28,21.2,6.8,12.8,0.0,0.0,12.6,75,1014.5,9
Delhi,2018-01-29,21.9,7.5,13.8,0.0,0.0,13.9,74,1016.1,6
Delhi,2018-01-30,24.3,10.0,16.3,0.0,0.0,22.6,68,1015.2,44
Delhi,2018-01-31,24.2,12.8,17.6,0.0,0.0,23.3,64,1014.1,61
Delhi,2018-02-01,25.4,11.2,17.4,0.0,0.0,13.3,67,1014.3,0
Delhi,2018-02-02,24.4,11.0,16.8,0.0,0.0,10.0,72,1012.4,14
Delhi,2018-02-03,23.1,10.9,16.3,0.0,0.0,13.0,60,1015.1,16
Delhi,2018-02-04,22.0,8.6,14.4,0.0,0.0,14.5,59,1015.7,0
Delhi,2018-02-05,22.0,6.9,14.8,0.0,0.0,10.0,56,1017.5,93
Delhi,2018-02-06,22.1,11.6,16.0,0.0,0.0,17.1,52,1017.6,97
Delhi,2018-02-07,22.3,8.7,14.4,0.0,0.0,16.3,53,1014.9,26
Delhi,2018-02-08,22.0,6.8,13.8,0.0,0.0,11.6,60,1013.9,27
Delhi,2018-02-09,22.9,7.7,14.4,0.0,0.0,13.1,60,1013.9,0
Delhi,2018-02-10,23.8,8.7,16.7,0.0,0.0,11.3,51,1016.1,31
Delhi,2018-02-11,23.8,9.2,16.2,1.6,1.6,17.9,57,1015.6,80
Delhi,2018-02-12,21.8,12.8,15.8,2.9,2.9,22.0,79,1017.6,59
Delhi,2018-02-13,21.5,10.1,15.4,0.0,0.0,14.8,79,1022.4,18
Delhi,2018-02-14,21.7,10.0,15.5,0.0,0.0,22.9,66,1022.2,5
Delhi,2018-02-15,23.1,11.9,16.8,0.0,0.0,21.4,64,1019.8,10
Delhi,2018-02-16,24.5,11.7,17.7,0.0,0.0,17.7,66,1018.2,14
Delhi,2018-02-17,25.0,12.7,18.0,0.0,0.0,16.7,67,1013.0,44
Delhi,2018-02-18,25.0,11.9,17.6,0.0,0.0,12.3,59,1011.9,43
Delhi,2018-02-19,25.4,10.0,17.4,0.0,0.0,9.3,58,1013.6,56
Delhi,2018-02-20,26.8,11.8,19.4,0.0,0.0,11.8,60,1013.2,16
Delhi,2018-02-21,29.5,15.2,21.4,0.0,0.0,12.3,58,1010.9,63
Delhi,2018-02-22,29.9,14.1,21.7,0.0,0.0,10.9,63,1010.0,30
Delhi,2018-02-23,29.6,15.8,21.9,0.0,0.0,10.0,69,1010.1,86
Delhi,2018-02-24,28.6,17.0,21.1,1.9,1.9,12.1,73,1012.3,60
Delhi,2018-02-25,27.8,16.3,21.0,0.3,0.3,17.1,68,1015.4,19
Delhi,2018-02-26,26.9,15.3,20.5,0.0,0.0,23.4,63,1013.5,9
Delhi,2018-02-27,28.8,15.7,21.5,0.0,0.0,17.1,62,1012.6,47
Delhi,2018-02-28,29.3,15.1,21.6,0.0,0.0,14.5,67,1012.8,69
Delhi,2018-03-01,29.8,15.3,21.4,0.0,0.0,13.8,65,1011.0,60
Delhi,2018-03-02,30.7,17.0,23.1,0.0,0.0,13.0,58,1009.6,10
Delhi,2018-03-03,30.8,16.6,22.6,0.0,0.0,11.5,60,1007.6,37
Delhi,2018-03-04,28.1,17.1,21.5,1.2,1.2,17.6,59,1009.1,28
Delhi,2018-03-05,27.1,14.6,20.4,0.0,0.0,17.4,57,1012.8,0
Delhi,2018-03-06,27.5,14.4,20.3,0.0,0.0,20.1,53,1013.6,40
Delhi,2018-03-07,28.4,14.3,21.1,0.0,0.0,18.2,52,1012.5,1
Delhi,2018-03-08,29.5,16.1,22.3,0.0,0.0,9.9,53,1013.4,5
Delhi,2018-03-09,30.9,15.9,22.9,1.1,1.1,12.5,52,1013.5,11
Delhi,2018-03-10,31.1,16.5,23.1,0.0,0.0,17.8,48,1012.6,18
Delhi,2018-03-11,30.8,17.2,23.3,0.0,0.0,13.9,52,1011.5,2
Delhi,2018-03-12,32.1,16.5,23.7,0.0,0.0,15.9,53,1011.5,0
Delhi,2018-03-13,34.0,17.2,25.4,0.0,0.0,14.1,49,1009.7,4
Delhi,2018-03-14,32.6,20.3,25.8,0.0,0.0,13.6,37,1007.6,2
Delhi,2018-03-15,31.4,18.7,23.8,0.0,0.0,18.2,42,1008.1,30
Delhi,2018-03-16,29.7,16.5,22.7,0.0,0.0,20.9,48,1009.3,12
Delhi,2018-03-17,29.1,15.7,21.9,0.0,0.0,19.6,40,1010.7,0
Delhi,2018-03-18,30.8,16.4,22.7,0.0,0.0,17.0,41,1011.8,36
Delhi,2018-03-19,32.8,14.8,23.6,0.0,0.0,13.7,41,1013.3,59
Delhi,2018-03-20,32.9,16.1,24.3,0.2,0.2,10.3,49,1010.3,11
Delhi,2018-03-21,30.7,18.2,23.6,1.6,1.6,22.4,56,1008.4,25
Delhi,2018-03-22,29.6,17.1,23.0,0.3,0.3,13.6,56,1009.3,14
Delhi,2018-03-23,29.0,17.1,23.0,0.0,0.0,13.1,54,1010.3,10
Delhi,2018-03-24,31.1,17.4,24.3,0.0,0.0,15.9,48,1012.6,0
Delhi,2018-03-25,32.6,18.5,25.0,0.0,0.0,21.1,44,1013.7,1
Delhi,2018-03-26,33.9,18.8,26.0,0.0,0.0,20.6,42,1011.9,0
Delhi,2018-03-27,35.3,18.4,26.3,0.0,0.0,13.7,40,1008.7,0
Delhi,2018-03-28,35.5,20.6,27.9,0.0,0.0,15.3,37,1007.8,0
Delhi,2018-03-29,35.4,19.6,27.2,0.0,0.0,23.7,34,1007.4,8
Delhi,2018-03-30,34.3,20.7,26.8,0.0,0.0,23.0,34,1005.2,0
Delhi,2018-03-31,33.5,18.6,25.7,0.0,0.0,15.9,47,1007.3,1
Delhi,2018-04-01,33.1,20.8,26.5,0.0,0.0,15.5,45,1009.1,0
Delhi,2018-04-02,35.0,20.7,28.0,0.0,0.0,13.7,45,1009.2,20
Delhi,2018-04-03,36.0,22.2,28.7,1.7,1.7,24.7,44,1007.9,54
Delhi,2018-04-04,37.2,21.7,29.2,0.0,0.0,15.0,43,1005.6,26
Delhi,2018-04-05,36.6,21.9,28.6,2.1,2.1,16.8,49,1004.4,37
Delhi,2018-04-06,34.9,22.0,27.9,1.1,1.1,12.6,52,1006.1,62
Delhi,2018-04-07,33.5,20.9,26.9,3.4,3.4,16.6,54,1008.3,44
Delhi,2018-04-08,33.4,21.4,26.7,1.3,1.3,18.4,55,1009.3,45
Delhi,2018-04-09,33.3,21.9,25.6,3.5,3.5,17.0,62,1010.3,63
Delhi,2018-04-10,33.8,21.3,26.7,3.1,3.1,20.8,58,1008.3,33
Delhi,2018-04-11,31.9,21.5,25.3,2.5,2.5,22.8,63,1008.2,46
Delhi,2018-04-12,31.6,19.8,25.4,0.2,0.2,12.4,61,1007.6,38
Delhi,2018-04-13,33.0,19.0,26.2,0.0,0.0,12.8,43,1008.7,17
Delhi,2018-04-14,34.9,19.2,27.2,0.0,0.0,16.1,34,1007.5,25
Delhi,2018-04-15,36.5,20.8,28.8,0.0,0.0,13.8,35,1006.7,13
Delhi,2018-04-16,37.0,23.2,29.2,5.4,5.4,17.7,36,1007.2,24
Delhi,2018-04-17,36.7,22.4,29.4,1.3,1.3,14.8,35,1008.3,15
Delhi,2018-04-18,36.5,22.2,29.4,0.0,0.0,25.8,28,1007.8,1
Delhi,2018-04-19,37.3,23.3,30.0,0.0,0.0,18.9,28,1004.2,14
Delhi,2018-04-20,39.0,21.7,30.3,1.1,1.1,26.9,27,1002.8,26
Delhi,2018-04-21,34.0,19.5,27.0,0.0,0.0,16.9,34,1007.3,0
Delhi,2018-04-22,34.3,20.9,27.5,0.0,0.0,21.7,25,1008.2,0
Delhi,2018-04-23,35.6,20.9,28.3,0.0,0.0,20.7,23,1007.4,0
Delhi,2018-04-24,37.9,21.6,30.1,0.0,0.0,19.7,20,1006.2,0
Delhi,2018-04-25,40.3,22.9,31.8,0.0,0.0,15.4,20,1003.3,13
Delhi,2018-04-26,41.2,23.8,32.5,0.0,0.0,13.7,20,1001.7,0
Delhi,2018-04-27,38.6,25.7,30.9,1.2,1.2,19.2,43,1005.0,16
Delhi,2018-04-28,38.6,25.4,30.7,0.9,0.9,21.5,44,1005.0,17
Delhi,2018-04-29,38.6,23.4,30.8,0.4,0.4,26.7,43,1002.5,39
Delhi,2018-04-30,38.9,24.2,31.0,0.7,0.7,18.1,42,1000.4,46
Delhi,2018-05-01,37.5,24.4,30.5,10.5,10.5,25.9,52,1003.5,29
Delhi,2018-05-02,36.7,23.4,29.8,5.9,5.9,28.7,54,1004.5,39
Delhi,2018-05-03,34.8,23.4,28.7,0.0,0.0,23.3,58,1005.7,18
Delhi,2018-05-04,34.6,24.4,29.0,0.0,0.0,24.1,55,1006.1,27
Delhi,2018-05-05,37.0,24.3,30.3,0.0,0.0,16.1,48,1005.2,13
Delhi,2018-05-06,38.2,25.5,31.0,0.0,0.0,19.3,38,1005.3,25
Delhi,2018-05-07,37.2,23.5,30.5,0.0,0.0,20.5,37,1003.9,13
Delhi,2018-05-08,33.8,22.9,27.2,3.5,3.5,18.1,46,1004.2,47
Delhi,2018-05-09,35.4,20.8,28.1,2.2,2.2,21.7,44,1006.4,19
Delhi,2018-05-10,37.6,22.0,30.2,0.0,0.0,14.8,38,1007.0,0
Delhi,2018-05-11,40.1,24.3,32.5,0.0,0.0,15.5,36,1004.1,20
Delhi,2018-05-12,40.1,27.1,32.3,1.1,1.1,30.2,42,1003.3,35
Delhi,2018-05-13,36.6,24.9,29.6,3.8,3.8,29.4,56,1003.6,48
Delhi,2018-05-14,36.8,22.7,30.0,0.0,0.0,13.1,52,1004.7,18
Delhi,2018-05-15,37.5,24.7,31.2,0.0,0.0,14.4,50,1003.4,11
Delhi,2018-05-16,38.9,25.0,31.9,0.4,0.4,20.5,42,1002.1,7
Delhi,2018-05-17,40.4,25.4,32.7,0.0,0.0,18.6,30,1002.3,25
Delhi,2018-05-18,39.5,26.5,32.5,0.0,0.0,9.7,32,1001.8,9
Delhi,2018-05-19,39.2,25.6,32.1,1.5,1.5,16.1,38,1002.2,25
Delhi,2018-05-20,40.0,25.7,32.9,0.0,0.0,14.7,28,1003.1,4
Delhi,2018-05-21,40.8,26.1,33.7,0.0,0.0,16.2,17,1003.2,1
Delhi,2018-05-22,42.7,28.0,35.5,0.0,0.0,15.9,18,1002.2,1
Delhi,2018-05-23,42.1,28.3,34.5,0.1,0.1,22.9,26,1001.1,7
Delhi,2018-05-24,41.6,27.6,33.8,0.0,0.0,14.6,30,1000.6,16
Delhi,2018-05-25,42.1,25.9,34.6,0.0,0.0,16.9,25,1000.6,6
Delhi,2018-05-26,42.9,27.0,34.9,0.0,0.0,13.4,17,999.7,0
Delhi,2018-05-27,43.0,26.9,35.3,0.0,0.0,16.6,19,999.0,8
Delhi,2018-05-28,41.9,27.0,34.8,0.0,0.0,14.1,28,997.4,5
Delhi,2018-05-29,41.7,27.5,34.0,0.0,0.0,19.8,33,996.7,7
Delhi,2018-05-30,40.4,27.1,32.8,0.7,0.7,27.2,49,998.4,27
Delhi,2018-05-31,41.5,27.2,34.3,0.0,0.0,18.4,45,1000.2,18
Delhi,2018-06-01,41.2,29.1,33.9,4.8,4.8,27.9,48,1001.3,13
Delhi,2018-06-02,39.3,27.0,33.0,0.0,0.0,20.5,49,1001.9,0
Delhi,2018-06-03,37.3,28.2,32.9,0.0,0.0,18.5,53,999.8,11
Delhi,2018-06-04,40.5,29.6,34.9,0.0,0.0,21.8,45,998.8,9
Delhi,2018-06-05,39.7,30.9,35.3,0.7,0.7,24.6,45,1001.0,12
Delhi,2018-06-06,38.3,29.1,33.4,0.8,0.8,21.3,55,1002.4,49
Delhi,2018-06-07,39.5,28.4,34.1,0.0,0.0,17.1,53,998.5,7
Delhi,2018-06-08,39.9,30.8,34.8,0.0,0.0,22.7,52,995.1,17
Delhi,2018-06-09,37.2,27.3,31.5,15.2,15.2,22.0,69,995.0,61
Delhi,2018-06-10,36.1,26.4,31.5,1.9,1.9,11.4,68,995.2,41
Delhi,2018-06-11,39.3,28.0,34.0,0.0,0.0,19.2,52,993.2,12
Delhi,2018-06-12,41.9,28.6,35.5,0.0,0.0,23.4,40,990.6,12
Delhi,2018-06-13,40.5,31.8,36.4,0.0,0.0,25.8,38,990.8,2
Delhi,2018-06-14,40.3,31.2,36.0,0.0,0.0,27.3,37,992.7,2
Delhi,2018-06-15,38.9,32.1,35.5,0.0,0.0,28.7,36,995.2,10
Delhi,2018-06-16,39.3,31.2,34.9,0.0,0.0,21.1,41,997.3,20
Delhi,2018-06-17,35.7,28.5,31.7,0.2,0.2,18.1,58,998.7,21
Delhi,2018-06-18,35.9,26.8,31.1,0.6,0.6,16.1,55,999.0,23
Delhi,2018-06-19,38.6,26.3,32.6,0.0,0.0,16.6,51,998.8,4
Delhi,2018-06-20,40.1,28.9,34.9,0.0,0.0,12.9,45,999.4,9
Delhi,2018-06-21,40.7,29.8,35.4,0.0,0.0,14.1,42,999.0,20
Delhi,2018-06-22,41.7,31.9,36.5,0.0,0.0,17.3,38,997.8,8
Delhi,2018-06-23,40.7,30.8,35.9,0.0,0.0,21.3,39,997.3,28
Delhi,2018-06-24,40.5,30.6,35.6,0.0,0.0,15.7,39,996.8,46
Delhi,2018-06-25,40.8,31.1,36.3,0.0,0.0,18.2,36,994.5,29
Delhi,2018-06-26,36.2,29.3,32.9,1.8,1.8,18.1,52,995.2,71
Delhi,2018-06-27,34.3,25.5,29.2,29.8,29.8,14.8,78,997.9,82
Delhi,2018-06-28,33.4,25.6,28.6,12.6,12.6,23.4,81,999.1,79
Delhi,2018-06-29,33.2,25.8,29.4,4.3,4.3,26.0,76,998.9,62
Delhi,2018-06-30,33.0,26.6,29.6,4.9,4.9,15.9,79,999.4,44
Delhi,2018-07-01,34.0,27.7,30.7,4.7,4.7,17.6,75,998.3,90
Delhi,2018-07-02,35.0,25.4,30.6,15.2,15.2,20.5,72,996.3,99
Delhi,2018-07-03,33.7,28.4,30.6,0.7,0.7,13.1,68,996.2,49
Delhi,2018-07-04,32.5,27.1,29.1,4.8,4.8,16.6,78,996.7,55
Delhi,2018-07-05,34.9,26.7,30.8,0.0,0.0,11.8,71,997.9,14
Delhi,2018-07-06,34.9,26.9,31.1,0.0,0.0,14.3,67,997.9,20
Delhi,2018-07-07,36.1,27.3,31.7,0.0,0.0,13.2,65,997.2,4
Delhi,2018-07-08,37.3,27.9,32.9,0.0,0.0,11.0,61,996.1,28
Delhi,2018-07-09,36.9,29.0,32.9,0.1,0.1,19.0,64,996.2,67
Delhi,2018-07-10,37.1,28.8,32.8,0.3,0.3,16.9,67,996.7,65
Delhi,2018-07-11,36.3,28.4,31.8,4.5,4.5,16.8,72,996.1,96
Delhi,2018-07-12,33.5,26.1,29.6,25.5,25.5,15.5,80,996.0,98
Delhi,2018-07-13,32.2,26.5,29.1,6.6,6.6,15.5,82,997.1,93
Delhi,2018-07-14,31.8,25.7,28.5,6.4,6.4,14.3,85,996.8,98
Delhi,2018-07-15,33.2,26.2,29.4,7.4,7.4,13.8,83,996.3,88
Delhi,2018-07-16,32.1,27.2,29.1,10.9,10.9,14.8,85,997.0,90
Delhi,2018-07-17,33.2,27.5,30.4,3.5,3.5,16.1,80,997.1,99
Delhi,2018-07-18,33.3,28.3,30.1,12.2,12.2,16.5,80,997.9,89
Delhi,2018-07-19,32.9,27.4,30.1,13.3,13.3,18.0,80,997.7,87
Delhi,2018-07-20,32.5,27.2,29.4,8.3,8.3,8.3,84,997.1,99
Delhi,2018-07-21,30.8,26.4,28.4,20.9,20.9,11.7,89,997.6,100
Delhi,2018-07-22,29.6,25.4,27.4,30.6,30.6,10.5,91,998.0,100
Delhi,2018-07-23,32.4,26.1,28.8,5.1,5.1,12.5,86,997.6,92
Delhi,2018-07-24,32.9,26.9,30.0,1.5,1.5,10.7,78,998.1,86
Delhi,2018-07-25,32.2,27.0,28.8,8.2,8.2,9.8,85,997.8,99
Delhi,2018-07-26,29.4,25.7,26.9,16.3,16.3,14.8,91,998.1,100
Delhi,2018-07-27,29.1,25.1,26.8,14.2,14.2,13.7,90,997.3,99
Delhi,2018-07-28,31.7,24.9,28.1,2.8,2.8,22.0,83,997.7,97
Delhi,2018-07-29,32.5,25.5,29.0,2.4,2.4,15.5,82,998.0,70
Delhi,2018-07-30,33.3,26.4,29.2,2.4,2.4,16.4,79,997.6,82
Delhi,2018-07-31,33.5,26.8,29.7,2.5,2.5,16.9,76,996.9,68
Delhi,2018-08-01,34.2,26.1,29.9,0.4,0.4,19.1,74,997.1,63
Delhi,2018-08-02,34.2,27.5,30.5,0.2,0.2,18.5,70,998.6,82
Delhi,2018-08-03,34.4,27.8,30.4,0.0,0.0,20.3,67,999.1,88
Delhi,2018-08-04,34.0,27.7,30.4,0.0,0.0,17.8,66,998.7,97
Delhi,2018-08-05,32.8,27.0,29.1,1.3,1.3,13.9,72,998.8,99
Delhi,2018-08-06,28.5,25.6,26.8,4.6,4.6,12.1,86,999.5,100
Delhi,2018-08-07,29.1,25.1,26.6,19.4,19.4,8.9,91,999.5,96
Delhi,2018-08-08,31.5,25.0,27.9,9.4,9.4,13.6,86,1000.0,93
Delhi,2018-08-09,32.6,26.4,29.2,2.9,2.9,14.1,82,1002.1,70
Delhi,2018-08-10,32.8,26.2,29.5,2.9,2.9,11.7,83,1001.1,68
Delhi,2018-08-11,33.6,26.0,29.8,2.7,2.7,20.4,78,997.7,99
Delhi,2018-08-12,30.4,27.1,28.8,2.1,2.1,13.6,79,995.8,99
Delhi,2018-08-13,32.5,26.6,29.1,2.5,2.5,9.3,77,996.8,98
Delhi,2018-08-14,32.8,26.4,29.3,1.0,1.0,10.5,79,998.1,63
Delhi,2018-08-15,33.1,26.2,29.0,7.4,7.4,13.6,84,999.9,70
Delhi,2018-08-16,32.4,26.5,29.1,3.4,3.4,9.5,85,1001.3,79
Delhi,2018-08-17,31.9,26.9,29.4,3.4,3.4,14.2,83,999.0,91
Delhi,2018-08-18,32.4,26.9,29.2,6.4,6.4,12.3,84,998.7,71
Delhi,2018-08-19,31.2,26.8,28.9,4.9,4.9,10.7,87,998.6,87
Delhi,2018-08-20,32.8,26.7,29.2,3.6,3.6,13.8,86,999.9,99
Delhi,2018-08-21,33.1,26.0,29.5,2.5,2.5,9.9,85,999.6,78
Delhi,2018-08-22,33.1,26.8,29.3,10.1,10.1,10.7,84,999.1,88
Delhi,2018-08-23,31.8,26.2,28.3,12.4,12.4,13.0,88,1000.1,98
Delhi,2018-08-24,32.7,25.5,28.6,9.1,9.1,15.8,83,999.5,96
Delhi,2018-08-25,32.8,26.3,28.5,1.8,1.8,20.5,79,998.8,97
Delhi,2018-08-26,32.5,25.9,28.6,1.7,1.7,14.9,80,998.4,90
Delhi,2018-08-27,30.6,25.9,27.5,6.0,6.0,10.0,89,1000.3,99
Delhi,2018-08-28,31.0,25.6,27.6,14.0,14.0,13.7,88,1001.2,97
Delhi,2018-08-29,30.8,25.8,28.0,4.6,4.6,12.1,89,1002.4,97
Delhi,2018-08-30,32.5,25.7,29.0,3.5,3.5,10.0,85,1000.1,95
Delhi,2018-08-31,33.8,26.4,29.5,1.2,1.2,12.0,81,1000.2,92
Delhi,2018-09-01,31.8,26.2,28.3,1.3,1.3,10.8,86,1002.0,87
Delhi,2018-09-02,29.4,24.5,26.7,32.7,32.7,9.3,90,1002.2,94
Delhi,2018-09-03,30.4,24.8,26.7,8.2,8.2,6.6,90,1002.5,95
Delhi,2018-09-04,28.9,25.2,26.7,9.0,9.0,11.5,91,1003.0,99
Delhi,2018-09-05,31.4,25.2,27.7,0.9,0.9,15.6,85,1002.0,100
Delhi,2018-09-06,31.6,25.3,28.0,7.9,7.9,14.4,83,1001.6,99
Delhi,2018-09-07,30.9,25.9,27.9,8.6,8.6,13.6,88,1003.5,89
Delhi,2018-09-08,31.2,25.2,27.4,8.0,8.0,23.5,86,1004.0,92
Delhi,2018-09-09,29.7,24.4,27.0,0.2,0.2,22.3,83,1005.2,73
Delhi,2018-09-10,31.3,24.2,27.5,2.4,2.4,9.8,83,1006.7,57
Delhi,2018-09-11,30.8,25.2,27.8,3.0,3.0,11.2,84,1006.4,56
Delhi,2018-09-12,32.7,25.9,28.5,0.4,0.4,18.4,76,1003.6,25
Delhi,2018-09-13,32.2,25.6,28.5,0.0,0.0,19.4,71,1003.1,10
Delhi,2018-09-14,31.6,24.3,27.8,0.0,0.0,14.4,71,1005.6,9
Delhi,2018-09-15,32.3,23.8,27.9,0.0,0.0,12.4,70,1007.2,5
Delhi,2018-09-16,32.4,23.4,28.0,0.0,0.0,16.5,68,1006.1,3
Delhi,2018-09-17,32.1,24.0,28.1,0.0,0.0,14.3,71,1005.0,6
Delhi,2018-09-18,33.1,22.9,27.6,0.0,0.0,16.3,69,1005.1,3
Delhi,2018-09-19,33.4,22.5,27.7,0.0,0.0,15.1,69,1005.1,0
Delhi,2018-09-20,33.3,22.7,28.4,0.0,0.0,10.0,70,1005.3,1
Delhi,2018-09-21,31.4,23.9,27.2,6.2,6.2,18.2,78,1007.7,47
Delhi,2018-09-22,28.1,22.6,24.9,50.6,50.6,27.8,88,1008.1,95
Delhi,2018-09-23,29.0,23.6,25.4,15.6,15.6,27.2,89,1008.1,94
Delhi,2018-09-24,26.5,23.2,24.6,12.8,12.8,24.9,92,1005.9,92
Delhi,2018-09-25,29.1,22.6,25.2,0.3,0.3,19.7,85,1007.1,58
Delhi,2018-09-26,30.7,22.1,26.0,0.0,0.0,11.0,81,1007.1,6
Delhi,2018-09-27,31.6,22.0,27.0,0.0,0.0,8.4,77,1007.8,2
Delhi,2018-09-28,32.2,22.6,27.7,0.6,0.6,9.5,74,1008.6,6
Delhi,2018-09-29,32.6,22.2,27.2,0.0,0.0,8.5,74,1009.3,2
Delhi,2018-09-30,31.8,22.2,26.6,0.0,0.0,14.9,73,1008.8,0
Delhi,2018-10-01,32.5,22.0,26.6,0.0,0.0,10.3,72,1008.6,0
Delhi,2018-10-02,33.3,21.7,27.5,0.0,0.0,11.8,68,1009.1,3
Delhi,2018-10-03,32.8,21.7,26.9,0.0,0.0,9.2,65,1008.5,5
Delhi,2018-10-04,32.6,22.0,26.4,1.0,1.0,9.7,71,1010.1,12
Delhi,2018-10-05,32.7,21.0,26.4,0.0,0.0,8.5,72,1011.3,4
Delhi,2018-10-06,32.2,20.3,25.8,0.0,0.0,12.0,64,1010.9,7
Delhi,2018-10-07,31.8,20.0,25.3,0.0,0.0,10.8,67,1010.4,0
Delhi,2018-10-08,32.4,20.0,26.1,0.0,0.0,8.7,67,1008.9,0
Delhi,2018-10-09,31.9,21.7,26.2,0.0,0.0,15.3,72,1007.7,8
Delhi,2018-10-10,31.7,21.9,25.3,0.2,0.2,15.9,78,1008.6,9
Delhi,2018-10-11,28.5,20.4,24.1,1.3,1.3,20.6,80,1010.3,13
Delhi,2018-10-12,29.9,18.3,23.7,0.0,0.0,11.3,71,1012.2,1
Delhi,2018-10-13,29.1,18.4,23.2,0.0,0.0,12.3,66,1012.6,0
Delhi,2018-10-14,30.2,17.0,23.2,0.0,0.0,16.0,61,1011.9,0
Delhi,2018-10-15,31.6,17.7,24.4,0.0,0.0,10.1,58,1012.1,40
Delhi,2018-10-16,30.8,18.9,24.8,0.0,0.0,10.1,68,1011.7,81
Delhi,2018-10-17,32.5,19.1,25.0,0.0,0.0,10.2,68,1010.0,3
Delhi,2018-10-18,31.4,19.2,24.8,0.4,0.4,21.0,71,1009.7,13
Delhi,2018-10-19,31.7,18.5,25.3,0.0,0.0,11.3,60,1011.4,7
Delhi,2018-10-20,31.3,18.4,24.4,0.0,0.0,9.7,56,1013.5,7
Delhi,2018-10-21,30.1,18.4,23.4,0.0,0.0,12.0,54,1014.4,11
Delhi,2018-10-22,29.7,16.1,22.5,0.0,0.0,14.3,49,1013.5,0
Delhi,2018-10-23,30.1,16.4,23.0,0.0,0.0,12.0,48,1013.0,0
Delhi,2018-10-24,30.1,17.6,23.4,0.0,0.0,11.4,57,1013.0,20
Delhi,2018-10-25,30.2,16.1,23.2,0.0,0.0,10.6,59,1014.3,0
Delhi,2018-10-26,30.2,16.6,22.7,0.0,0.0,10.5,63,1016.3,8
Delhi,2018-10-27,29.7,18.0,23.3,0.0,0.0,11.6,61,1016.6,6
Delhi,2018-10-28,29.9,16.2,23.0,0.0,0.0,13.0,63,1016.3,0
Delhi,2018-10-29,29.5,16.0,22.8,0.0,0.0,11.2,64,1015.3,0
Delhi,2018-10-30,29.2,18.2,23.7,0.0,0.0,8.4,63,1015.2,8
Delhi,2018-10-31,29.3,18.2,23.8,0.0,0.0,9.5,63,1015.7,0
Delhi,2018-11-01,29.0,18.1,23.2,0.0,0.0,8.9,65,1014.6,28
Delhi,2018-11-02,30.0,17.5,23.5,0.1,0.1,10.9,67,1013.0,15
Delhi,2018-11-03,28.3,19.8,23.5,0.0,0.0,20.5,64,1011.9,26
Delhi,2018-11-04,27.4,17.3,22.3,0.0,0.0,15.5,61,1013.2,4
Delhi,2018-11-05,25.5,15.0,20.2,0.0,0.0,12.3,62,1014.2,4
Delhi,2018-11-06,26.1,15.3,20.0,0.0,0.0,17.5,50,1014.6,0
Delhi,2018-11-07,26.1,12.6,19.1,0.0,0.0,11.5,40,1015.1,0
Delhi,2018-11-08,26.4,13.5,20.1,0.0,0.0,9.3,49,1015.3,0
Delhi,2018-11-09,26.7,12.8,20.4,0.0,0.0,9.2,60,1013.7,0
Delhi,2018-11-10,27.5,14.0,20.8,0.0,0.0,9.8,63,1014.4,6
Delhi,2018-11-11,28.0,14.4,21.8,0.0,0.0,9.4,61,1014.8,3
Delhi,2018-11-12,27.9,14.9,21.5,0.0,0.0,9.6,68,1012.8,7
Delhi,2018-11-13,28.1,17.1,22.1,0.1,0.1,9.5,69,1010.2,27
Delhi,2018-11-14,26.0,17.9,21.5,1.1,1.1,18.7,72,1011.3,44
Delhi,2018-11-15,26.7,16.3,20.7,0.6,0.6,19.2,72,1014.8,7
Delhi,2018-11-16,25.3,14.4,19.1,0.0,0.0,20.4,61,1014.1,0
Delhi,2018-11-17,25.1,14.0,18.5,0.0,0.0,12.8,64,1012.4,11
Delhi,2018-11-18,26.8,14.3,19.8,0.0,0.0,10.0,64,1013.2,11
Delhi,2018-11-19,26.6,16.8,20.8,0.0,0.0,13.8,63,1015.5,50
Delhi,2018-11-20,27.2,15.6,20.5,0.0,0.0,12.2,72,1016.0,0
Delhi,2018-11-21,26.7,14.6,19.7,0.0,0.0,14.8,62,1016.3,20
Delhi,2018-11-22,26.6,12.5,19.6,0.0,0.0,9.2,58,1016.9,46
Delhi,2018-11-23,26.3,12.8,19.3,0.0,0.0,19.6,57,1018.5,0
Delhi,2018-11-24,26.0,14.4,19.3,0.0,0.0,21.3,53,1016.9,0
Delhi,2018-11-25,25.2,12.0,17.8,0.0,0.0,10.9,60,1016.7,0
Delhi,2018-11-26,25.6,11.0,18.5,0.0,0.0,14.1,66,1015.7,25
Delhi,2018-11-27,25.3,11.8,19.5,0.0,0.0,10.2,69,1017.4,84
Delhi,2018-11-28,25.2,14.6,19.6,0.0,0.0,8.1,72,1018.1,48
Delhi,2018-11-29,25.5,13.5,18.6,0.0,0.0,11.2,72,1018.6,32
Delhi,2018-11-30,25.8,12.6,18.3,0.0,0.0,14.6,69,1018.1,15
Delhi,2018-12-01,24.8,12.2,17.4,0.0,0.0,13.0,67,1015.5,0
Delhi,2018-12-02,24.3,11.1,17.8,0.0,0.0,9.4,58,1014.7,0
Delhi,2018-12-03,23.9,10.3,17.7,0.0,0.0,8.9,61,1015.7,18
Delhi,2018-12-04,23.4,12.7,17.3,0.0,0.0,10.3,66,1017.4,81
Delhi,2018-12-05,22.9,9.9,16.7,0.0,0.0,9.8,69,1015.1,20
Delhi,2018-12-06,23.0,12.4,17.0,0.0,0.0,10.5,67,1014.3,17
Delhi,2018-12-07,22.9,10.7,15.9,0.0,0.0,14.1,70,1015.1,0
Delhi,2018-12-08,23.0,9.5,15.4,0.0,0.0,11.0,70,1016.0,0
Delhi,2018-12-09,22.5,11.1,15.9,0.0,0.0,11.2,67,1015.1,0
Delhi,2018-12-10,22.2,10.0,15.5,0.1,0.1,11.3,72,1014.6,14
Delhi,2018-12-11,21.6,9.4,15.5,0.0,0.0,9.6,68,1015.5,21
Delhi,2018-12-12,18.3,11.5,14.6,0.8,0.8,15.3,76,1017.2,47
Delhi,2018-12-13,19.6,10.2,14.3,0.1,0.1,9.7,75,1020.1,16
Delhi,2018-12-14,20.2,9.4,14.0,0.0,0.0,11.2,70,1022.2,0
Delhi,2018-12-15,20.8,8.7,13.8,0.0,0.0,14.8,68,1021.9,0
Delhi,2018-12-16,20.8,8.0,13.4,0.0,0.0,10.7,67,1022.1,0
Delhi,2018-12-17,20.7,7.4,13.0,0.0,0.0,12.9,69,1020.5,49
Delhi,2018-12-18,20.4,7.1,12.9,0.0,0.0,14.0,66,1019.0,0
Delhi,2018-12-19,20.3,6.8,12.8,0.0,0.0,11.3,68,1018.1,0
Delhi,2018-12-20,20.3,5.9,12.4,0.0,0.0,10.8,68,1018.3,0
Delhi,2018-12-21,20.0,6.2,12.1,0.0,0.0,10.5,69,1017.1,0
Delhi,2018-12-22,19.6,5.9,11.9,0.0,0.0,11.1,70,1017.5,0
Delhi,2018-12-23,19.8,6.1,12.3,0.0,0.0,10.8,70,1018.2,11
Delhi,2018-12-24,20.4,6.1,13.2,0.0,0.0,10.6,66,1017.3,0
Delhi,2018-12-25,19.6,6.1,12.2,0.0,0.0,15.8,66,1016.7,1
Delhi,2018-12-26,19.0,5.6,11.9,0.0,0.0,10.4,63,1015.4,19
Delhi,2018-12-27,18.8,5.2,12.1,0.0,0.0,11.4,63,1016.8,0
Delhi,2018-12-28,18.3,6.2,11.5,0.0,0.0,19.1,67,1017.1,0
Delhi,2018-12-29,19.2,5.0,11.2,0.0,0.0,13.8,64,1019.1,0
Delhi,2018-12-30,19.6,4.8,13.2,0.0,0.0,7.3,61,1021.3,0
Delhi,2018-12-31,20.7,5.4,12.3,0.0,0.0,12.3,70,1021.1,0
Delhi,2019-01-01,20.2,5.9,12.7,0.0,0.0,10.2,71,1020.0,5
Delhi,2019-01-02,21.1,7.6,14.1,0.0,0.0,10.5,71,1020.2,11
Delhi,2019-01-03,20.7,7.5,13.4,0.0,0.0,14.9,70,1021.2,2
Delhi,2019-01-04,18.8,7.1,12.6,0.0,0.0,12.4,70,1020.0,60
Delhi,2019-01-05,20.5,7.9,13.4,0.0,0.0,18.1,69,1018.3,6
Delhi,2019-01-06,18.2,9.2,13.0,2.3,2.3,16.6,77,1017.9,45
Delhi,2019-01-07,19.0,7.7,12.4,0.0,0.0,10.5,77,1019.6,0
Delhi,2019-01-08,18.3,7.5,12.2,0.0,0.0,14.6,75,1018.0,28
Delhi,2019-01-09,19.3,8.0,12.6,0.0,0.0,18.0,69,1017.2,0
Delhi,2019-01-10,19.4,6.1,12.7,0.0,0.0,11.4,66,1016.9,6
Delhi,2019-01-11,19.4,6.2,12.9,0.0,0.0,10.8,68,1018.4,6
Delhi,2019-01-12,19.8,8.5,13.9,0.0,0.0,10.2,67,1017.4,9
Delhi,2019-01-13,20.9,9.4,14.5,0.0,0.0,13.2,72,1019.4,22
Delhi,2019-01-14,18.1,8.0,12.5,0.0,0.0,20.9,58,1019.7,0
Delhi,2019-01-15,18.7,6.5,11.5,0.0,0.0,17.1,56,1018.4,51
Delhi,2019-01-16,18.9,6.5,11.7,0.0,0.0,9.4,67,1018.2,65
Delhi,2019-01-17,20.0,7.6,12.7,0.0,0.0,9.7,71,1017.1,0
Delhi,2019-01-18,20.3,5.7,12.0,0.0,0.0,10.8,72,1017.3,0
Delhi,2019-01-19,22.7,7.1,14.4,0.0,0.0,9.7,67,1017.1,24
Delhi,2019-01-20,24.8,11.8,17.8,0.0,0.0,9.0,67,1015.9,90
Delhi,2019-01-21,20.8,13.0,16.2,6.5,6.5,23.2,80,1013.3,93
Delhi,2019-01-22,19.5,11.7,14.8,16.9,16.9,24.8,86,1013.6,58
Delhi,2019-01-23,18.5,8.4,13.2,0.1,0.1,9.2,84,1017.4,24
Delhi,2019-01-24,19.6,9.7,13.7,0.3,0.3,13.0,81,1019.6,33
Delhi,2019-01-25,17.0,8.8,12.1,0.1,0.1,11.4,79,1019.5,21
Delhi,2019-01-26,17.2,7.0,11.3,0.0,0.0,12.9,66,1022.3,5
Delhi,2019-01-27,16.2,5.3,10.1,0.0,0.0,17.6,66,1022.6,18
Delhi,2019-01-28,17.1,6.0,10.6,0.0,0.0,17.8,61,1022.3,0
Delhi,2019-01-29,18.2,5.8,11.1,0.0,0.0,15.6,60,1020.7,6
Delhi,2019-01-30,18.5,6.2,11.5,0.0,0.0,11.4,68,1019.2,64
Delhi,2019-01-31,18.6,7.4,13.0,0.6,0.6,17.9,69,1017.8,54
Delhi,2019-02-01,19.3,10.8,14.2,0.2,0.2,18.0,74,1018.4,33
Delhi,2019-02-02,19.4,7.8,12.9,0.0,0.0,12.5,80,1018.5,0
Delhi,2019-02-03,19.9,7.6,12.6,0.0,0.0,11.9,81,1019.6,1
Delhi,2019-02-04,20.8,7.5,14.2,0.0,0.0,9.0,73,1020.2,5
Delhi,2019-02-05,22.0,9.7,15.9,0.0,0.0,11.0,75,1017.4,45
Delhi,2019-02-06,23.1,13.6,17.1,9.1,9.1,19.6,84,1012.1,41
Delhi,2019-02-07,20.1,12.1,15.7,12.7,12.7,27.2,89,1009.9,59
Delhi,2019-02-08,18.6,7.9,12.7,0.0,0.0,14.3,71,1016.4,25
Delhi,2019-02-09,18.8,8.1,12.5,0.0,0.0,17.1,68,1018.8,0
Delhi,2019-02-10,18.3,6.7,12.4,0.5,0.5,10.2,72,1020.3,76
Delhi,2019-02-11,19.3,7.6,13.2,0.0,0.0,10.2,73,1020.7,68
Delhi,2019-02-12,21.3,10.5,15.2,0.0,0.0,9.3,75,1020.5,81
Delhi,2019-02-13,23.5,10.3,16.5,0.4,0.4,10.3,73,1019.5,71
Delhi,2019-02-14,20.4,13.6,16.3,4.0,4.0,22.9,83,1015.3,77
Delhi,2019-02-15,20.7,12.7,15.9,4.5,4.5,14.2,85,1015.7,56
Delhi,2019-02-16,19.3,10.4,14.4,0.1,0.1,15.3,85,1017.1,60
Delhi,2019-02-17,20.7,10.6,14.6,0.0,0.0,16.3,79,1014.1,25
Delhi,2019-02-18,22.5,9.8,16.3,0.1,0.1,20.7,71,1009.5,29
Delhi,2019-02-19,22.1,12.4,16.9,0.0,0.0,12.6,77,1012.5,59
Delhi,2019-02-20,20.5,14.8,17.0,2.6,2.6,18.4,82,1017.1,99
Delhi,2019-02-21,25.4,14.1,19.3,0.0,0.0,17.6,75,1015.9,79
Delhi,2019-02-22,22.7,13.2,17.9,0.4,0.4,20.1,72,1016.6,28
Delhi,2019-02-23,21.5,10.5,15.1,0.0,0.0,20.2,64,1015.3,34
Delhi,2019-02-24,22.0,10.8,15.4,0.2,0.2,12.3,66,1012.0,25
Delhi,2019-02-25,22.3,10.0,15.5,0.0,0.0,11.9,65,1011.0,34
Delhi,2019-02-26,21.4,11.9,15.6,2.8,2.8,17.1,67,1010.8,64
Delhi,2019-02-27,17.6,9.8,13.5,11.2,11.2,12.2,79,1011.5,40
Delhi,2019-02-28,19.3,7.3,13.1,0.0,0.0,16.8,70,1015.5,3
Delhi,2019-03-01,21.1,7.2,13.9,0.0,0.0,12.0,66,1015.9,14
Delhi,2019-03-02,20.9,11.4,15.0,6.8,6.8,12.6,73,1015.7,99
Delhi,2019-03-03,21.6,11.1,15.9,4.1,4.1,13.8,80,1012.4,46
Delhi,2019-03-04,22.5,11.8,16.9,0.2,0.2,12.9,80,1009.5,15
Delhi,2019-03-05,21.9,11.7,16.1,0.0,0.0,14.3,71,1010.5,6
Delhi,2019-03-06,23.3,10.9,16.7,0.0,0.0,19.7,63,1011.6,3
Delhi,2019-03-07,23.9,10.3,17.1,0.0,0.0,11.3,62,1012.0,17
Delhi,2019-03-08,24.2,11.8,18.6,0.0,0.0,13.4,58,1013.7,20
Delhi,2019-03-09,25.2,12.6,18.2,0.0,0.0,17.9,65,1013.7,15
Delhi,2019-03-10,24.7,11.3,17.7,0.0,0.0,12.0,54,1013.9,0
Delhi,2019-03-11,26.4,14.5,20.0,1.7,1.7,24.2,55,1012.9,27
Delhi,2019-03-12,26.6,13.0,19.6,0.0,0.0,16.4,57,1015.4,61
Delhi,2019-03-13,23.2,13.2,18.3,0.0,0.0,10.1,63,1015.7,93
Delhi,2019-03-14,24.2,12.1,17.2,0.3,0.3,23.7,72,1016.6,37
Delhi,2019-03-15,25.1,11.8,17.9,0.0,0.0,15.5,65,1017.8,0
Delhi,2019-03-16,25.3,12.2,18.1,0.0,0.0,12.5,57,1016.5,52
Delhi,2019-03-17,26.6,12.9,20.1,0.0,0.0,13.0,49,1014.4,23
Delhi,2019-03-18,27.2,12.3,20.7,0.0,0.0,12.1,49,1013.9,39
Delhi,2019-03-19,29.5,13.9,21.7,0.0,0.0,12.7,50,1010.3,0
Delhi,2019-03-20,30.7,18.3,23.3,0.0,0.0,20.4,47,1008.6,17
Delhi,2019-03-21,30.3,15.2,22.8,0.0,0.0,15.5,49,1011.9,26
Delhi,2019-03-22,29.1,16.0,22.0,0.0,0.0,21.0,40,1014.1,0
Delhi,2019-03-23,30.0,15.7,22.4,0.0,0.0,23.9,38,1013.4,5
Delhi,2019-03-24,31.3,18.4,24.1,0.0,0.0,17.0,45,1011.7,13
Delhi,2019-03-25,28.4,17.3,21.7,0.5,0.5,17.2,62,1012.3,58
Delhi,2019-03-26,29.9,15.4,22.3,0.0,0.0,17.9,57,1013.4,0
Delhi,2019-03-27,31.1,15.3,23.6,0.0,0.0,13.5,52,1013.9,38
Delhi,2019-03-28,33.8,18.4,26.0,0.0,0.0,12.1,52,1011.6,42
Delhi,2019-03-29,35.8,19.0,27.9,0.0,0.0,12.8,50,1008.6,24
Delhi,2019-03-30,35.9,20.2,27.0,0.0,0.0,19.6,54,1007.8,48
Delhi,2019-03-31,34.4,19.4,26.5,0.0,0.0,22.5,41,1008.2,15
Delhi,2019-04-01,33.5,18.4,25.5,0.0,0.0,21.3,33,1008.8,0
Delhi,2019-04-02,33.5,18.4,25.5,0.0,0.0,13.6,39,1009.4,0
Delhi,2019-04-03,35.0,18.1,26.3,0.0,0.0,13.0,39,1008.4,0
Delhi,2019-04-04,36.4,18.8,28.0,0.0,0.0,11.2,40,1008.8,17
Delhi,2019-04-05,37.8,21.6,29.4,0.0,0.0,20.2,41,1007.9,30
Delhi,2019-04-06,37.7,21.3,28.8,0.0,0.0,31.2,47,1006.8,28
Delhi,2019-04-07,35.1,21.7,28.2,0.0,0.0,15.4,54,1005.7,61
Delhi,2019-04-08,35.3,21.3,26.9,0.2,0.2,22.9,54,1006.7,22
Delhi,2019-04-09,36.7,20.2,28.4,0.0,0.0,14.2,47,1006.3,31
Delhi,2019-04-10,37.5,21.6,29.2,0.0,0.0,17.2,43,1007.7,54
Delhi,2019-04-11,37.9,23.8,30.4,0.0,0.0,12.5,36,1007.3,23
Delhi,2019-04-12,37.3,22.5,29.6,0.0,0.0,17.7,36,1007.7,40
Delhi,2019-04-13,36.8,22.6,29.9,0.0,0.0,18.3,38,1008.4,26
Delhi,2019-04-14,37.6,23.9,30.6,0.0,0.0,19.6,34,1008.1,15
Delhi,2019-04-15,38.6,24.0,31.1,0.0,0.0,16.8,31,1006.3,64
Delhi,2019-04-16,31.1,22.4,26.2,0.5,0.5,19.5,49,1008.8,97
Delhi,2019-04-17,25.9,18.9,21.8,4.6,4.6,19.8,73,1011.2,83
Delhi,2019-04-18,27.9,16.4,22.5,0.1,0.1,9.4,67,1011.7,12
Delhi,2019-04-19,29.9,18.5,24.5,0.1,0.1,12.3,53,1009.3,10
Delhi,2019-04-20,32.8,19.6,26.4,0.0,0.0,12.8,47,1006.8,23
Delhi,2019-04-21,35.4,20.0,28.7,0.0,0.0,18.4,39,1004.9,11
Delhi,2019-04-22,37.3,21.8,30.1,0.0,0.0,16.4,40,1004.8,1
Delhi,2019-04-23,39.1,23.9,32.1,0.0,0.0,18.5,34,1005.6,10
Delhi,2019-04-24,40.2,25.3,32.7,0.0,0.0,18.6,35,1006.7,12
Delhi,2019-04-25,39.3,27.0,33.0,0.0,0.0,18.4,36,1006.5,19
Delhi,2019-04-26,40.0,25.2,33.0,0.0,0.0,19.6,33,1006.1,4
Delhi,2019-04-27,40.2,26.8,33.5,0.0,0.0,29.4,22,1005.5,0
Delhi,2019-04-28,40.8,26.2,33.3,0.0,0.0,24.9,20,1004.3,0
Delhi,2019-04-29,40.7,25.8,33.6,0.0,0.0,14.7,19,1003.2,0
Delhi,2019-04-30,41.6,25.5,34.2,0.0,0.0,22.9,20,1000.4,15
Delhi,2019-05-01,40.7,24.5,33.0,0.0,0.0,12.4,25,1000.0,10
Delhi,2019-05-02,37.7,26.7,31.5,0.5,0.5,21.7,33,1002.6,37
Delhi,2019-05-03,37.5,24.7,31.0,0.0,0.0,18.1,33,1004.2,20
Delhi,2019-05-04,38.0,24.1,31.1,0.0,0.0,22.5,22,1006.1,15
Delhi,2019-05-05,38.7,23.1,31.1,0.0,0.0,24.2,19,1006.3,0
Delhi,2019-05-06,40.1,23.5,32.2,0.0,0.0,21.4,21,1003.7,0
Delhi,2019-05-07,40.0,23.3,32.3,0.0,0.0,22.1,20,1002.2,7
Delhi,2019-05-08,41.6,26.0,34.0,0.0,0.0,23.8,18,1002.3,3
Delhi,2019-05-09,41.1,27.0,34.2,0.0,0.0,23.9,19,1001.4,9
Delhi,2019-05-10,40.3,29.5,34.6,0.0,0.0,24.8,20,1002.3,36
Delhi,2019-05-11,38.6,24.9,32.3,0.0,0.0,24.9,29,1004.8,25
Delhi,2019-05-12,38.5,24.9,31.9,0.0,0.0,17.7,30,1004.5,19
Delhi,2019-05-13,38.5,24.7,32.4,0.0,0.0,25.5,30,1003.2,54
Delhi,2019-05-14,35.6,24.3,30.1,0.0,0.0,14.0,42,1003.9,28
Delhi,2019-05-15,36.9,24.8,30.3,0.1,0.1,18.7,45,1005.2,35
Delhi,2019-05-16,36.7,24.9,30.2,0.0,0.0,19.0,46,1006.2,28
Delhi,2019-05-17,34.9,24.4,28.3,2.7,2.7,13.8,57,1006.2,37
Delhi,2019-05-18,33.4,21.3,27.4,0.2,0.2,18.4,60,1005.8,22
Delhi,2019-05-19,36.5,23.6,30.1,0.0,0.0,15.0,43,1006.2,1
Delhi,2019-05-20,38.7,24.0,31.9,0.0,0.0,16.1,34,1006.5,23
Delhi,2019-05-21,39.3,25.6,32.6,0.0,0.0,15.2,31,1005.3,37
Delhi,2019-05-22,39.2,27.1,32.8,0.0,0.0,18.9,35,1003.5,34
Delhi,2019-05-23,39.2,26.4,33.1,0.0,0.0,19.9,37,1002.7,64
Delhi,2019-05-24,35.3,26.4,30.8,0.0,0.0,22.3,45,1004.2,20
Delhi,2019-05-25,36.5,25.1,31.1,0.0,0.0,23.7,39,1003.8,7
Delhi,2019-05-26,38.2,24.7,31.6,0.0,0.0,17.0,34,1002.4,2
Delhi,2019-05-27,40.7,26.2,33.7,0.0,0.0,18.4,27,1001.9,5
Delhi,2019-05-28,40.7,26.0,33.5,0.0,0.0,18.9,20,1001.7,0
Delhi,2019-05-29,41.9,26.4,34.7,0.0,0.0,15.1,20,1000.2,3
Delhi,2019-05-30,43.4,27.1,35.6,0.0,0.0,16.3,21,998.8,2
Delhi,2019-05-31,44.1,28.3,36.8,0.0,0.0,15.7,20,998.8,8
Delhi,2019-06-01,43.6,28.9,35.6,0.0,0.0,18.7,29,999.1,8
Delhi,2019-06-02,42.8,29.0,35.5,0.0,0.0,22.3,40,999.2,6
Delhi,2019-06-03,41.4,29.9,34.6,0.0,0.0,23.8,46,999.9,9
Delhi,2019-06-04,41.7,29.6,34.8,0.0,0.0,20.4,42,1000.2,9
Delhi,2019-06-05,41.5,28.6,35.5,0.3,0.3,15.5,39,999.7,20
Delhi,2019-06-06,42.8,30.2,35.6,0.5,0.5,24.2,37,1000.1,12
Delhi,2019-06-07,41.4,27.0,34.1,0.0,0.0,14.0,42,1002.7,8
Delhi,2019-06-08,41.7,27.9,35.5,0.0,0.0,15.3,33,1001.4,16
Delhi,2019-06-09,43.5,28.1,36.9,0.0,0.0,15.4,24,998.5,0
Delhi,2019-06-10,44.0,28.2,37.2,0.0,0.0,14.3,23,996.0,5
Delhi,2019-06-11,43.7,29.7,37.4,0.0,0.0,15.2,23,995.9,19
Delhi,2019-06-12,39.7,30.1,34.6,2.2,2.2,18.2,44,998.3,24
Delhi,2019-06-13,41.1,29.2,35.4,0.0,0.0,17.0,38,999.0,39
Delhi,2019-06-14,42.1,30.6,36.0,0.0,0.0,19.3,29,997.7,4
Delhi,2019-06-15,42.4,29.7,36.5,0.0,0.0,20.2,22,997.3,31
Delhi,2019-06-16,38.8,28.9,33.8,0.0,0.0,25.9,43,999.1,30
Delhi,2019-06-17,38.8,28.7,33.5,0.0,0.0,29.2,47,998.9,16
Delhi,2019-06-18,36.1,24.7,30.5,0.5,0.5,16.2,55,1000.2,28
Delhi,2019-06-19,36.6,26.0,31.0,0.0,0.0,17.9,53,999.9,17
Delhi,2019-06-20,37.7,24.7,31.8,0.0,0.0,13.9,48,1000.8,9
Delhi,2019-06-21,38.9,27.7,33.3,1.2,1.2,10.9,47,1000.9,16
Delhi,2019-06-22,40.3,28.1,34.7,0.0,0.0,21.1,38,1000.2,8
Delhi,2019-06-23,38.8,29.1,34.0,0.0,0.0,23.7,49,1000.4,10
Delhi,2019-06-24,37.0,27.0,31.5,0.6,0.6,18.4,60,1002.3,29
Delhi,2019-06-25,36.2,27.8,32.1,4.8,4.8,9.8,62,1001.7,40
Delhi,2019-06-26,39.7,29.5,34.8,0.6,0.6,17.9,48,998.9,16
Delhi,2019-06-27,40.3,28.9,34.6,0.0,0.0,20.7,40,996.4,30
Delhi,2019-06-28,42.1,28.7,35.5,0.0,0.0,21.8,38,995.3,8
Delhi,2019-06-29,41.6,30.6,36.3,0.0,0.0,19.9,36,994.8,18
Delhi,2019-06-30,42.9,30.6,36.8,0.0,0.0,18.9,35,995.1,23
Delhi,2019-07-01,41.5,30.0,36.0,0.0,0.0,11.8,42,996.3,22
Delhi,2019-07-02,40.2,31.1,35.7,0.0,0.0,16.8,46,997.2,24
Delhi,2019-07-03,36.7,30.3,33.7,1.6,1.6,16.3,56,998.1,84
Delhi,2019-07-04,39.1,29.6,33.0,6.6,6.6,16.9,60,997.1,75
Delhi,2019-07-05,34.9,27.9,31.0,3.7,3.7,10.5,72,995.3,81
Delhi,2019-07-06,34.9,27.3,31.0,0.3,0.3,14.0,69,994.5,71
Delhi,2019-07-07,35.8,26.7,31.1,2.1,2.1,11.0,69,995.1,54
Delhi,2019-07-08,36.4,28.3,31.9,4.0,4.0,13.4,68,995.4,44
Delhi,2019-07-09,35.0,27.0,30.7,4.9,4.9,11.9,72,995.1,75
Delhi,2019-07-10,34.9,27.0,31.0,7.1,7.1,15.0,74,994.6,78
Delhi,2019-07-11,38.4,29.1,33.4,0.0,0.0,26.6,57,994.5,73
Delhi,2019-07-12,38.2,29.9,33.4,0.5,0.5,18.8,51,997.0,76
Delhi,2019-07-13,38.5,29.7,34.1,0.0,0.0,28.9,47,997.5,35
Delhi,2019-07-14,36.8,29.3,32.9,0.0,0.0,27.4,52,996.4,43
Delhi,2019-07-15,36.8,25.7,29.7,4.4,4.4,16.7,72,996.4,64
Delhi,2019-07-16,29.1,24.6,26.6,20.6,20.6,13.8,89,1000.0,75
Delhi,2019-07-17,30.8,24.7,27.2,14.8,14.8,11.0,85,1001.0,51
Delhi,2019-07-18,32.2,24.7,27.5,12.8,12.8,8.5,82,1000.8,56
Delhi,2019-07-19,33.3,25.3,29.4,6.7,6.7,8.0,79,1000.9,53
Delhi,2019-07-20,33.9,25.9,30.0,12.5,12.5,12.3,80,1001.6,50
Delhi,2019-07-21,33.1,27.2,29.7,11.1,11.1,13.0,81,1001.3,47
Delhi,2019-07-22,34.2,27.5,30.4,6.1,6.1,11.2,80,1000.1,61
Delhi,2019-07-23,35.5,28.0,31.6,4.6,4.6,11.0,77,998.7,66
Delhi,2019-07-24,36.7,28.0,31.5,6.8,6.8,17.8,74,997.0,46
Delhi,2019-07-25,29.9,26.0,27.6,10.9,10.9,10.8,86,999.0,95
Delhi,2019-07-26,29.9,25.5,27.2,26.9,26.9,19.3,87,997.3,96
Delhi,2019-07-27,30.1,25.2,26.6,6.0,6.0,18.2,90,997.4,98
Delhi,2019-07-28,31.8,25.5,28.1,7.3,7.3,18.5,86,999.2,89
Delhi,2019-07-29,33.0,26.1,29.2,1.3,1.3,19.6,79,1000.4,49
Delhi,2019-07-30,32.1,26.2,28.9,0.8,0.8,18.1,78,1000.2,80
Delhi,2019-07-31,31.8,27.0,29.0,0.5,0.5,14.3,78,999.5,97
Delhi,2019-08-01,32.2,26.8,29.3,2.1,2.1,13.6,82,998.9,76
Delhi,2019-08-02,31.5,26.1,28.7,12.9,12.9,10.5,85,998.1,90
Delhi,2019-08-03,30.8,26.4,28.3,6.8,6.8,12.8,88,998.1,95
Delhi,2019-08-04,32.6,26.2,28.9,4.2,4.2,7.3,87,997.1,89
Delhi,2019-08-05,32.9,26.5,29.2,18.5,18.5,9.7,86,995.5,78
Delhi,2019-08-06,31.0,26.0,27.9,20.7,20.7,12.4,89,995.9,96
Delhi,2019-08-07,30.9,25.7,28.2,7.0,7.0,12.4,88,995.6,75
Delhi,2019-08-08,33.8,27.2,30.1,0.5,0.5,14.4,78,995.3,76
Delhi,2019-08-09,31.4,27.6,29.3,0.8,0.8,28.5,75,997.2,77
Delhi,2019-08-10,32.2,26.0,28.8,1.7,1.7,24.5,80,998.1,75
Delhi,2019-08-11,32.8,26.4,29.5,0.3,0.3,11.3,79,999.5,52
Delhi,2019-08-12,32.2,26.9,29.3,7.6,7.6,13.3,80,999.7,94
Delhi,2019-08-13,33.2,26.9,29.1,20.1,20.1,19.2,84,1000.0,86
Delhi,2019-08-14,31.6,25.5,28.3,2.8,2.8,8.6,88,1001.3,94
Delhi,2019-08-15,31.9,27.0,29.0,11.2,11.2,22.0,82,1001.0,97
Delhi,2019-08-16,30.9,26.1,27.9,9.4,9.4,23.6,84,999.2,77
Delhi,2019-08-17,27.7,25.3,26.1,8.4,8.4,28.3,90,998.6,98
Delhi,2019-08-18,30.7,24.4,26.8,31.0,31.0,15.8,87,1002.1,99
Delhi,2019-08-19,31.7,24.2,28.0,1.3,1.3,8.9,84,1004.4,24
Delhi,2019-08-20,32.7,25.2,28.5,0.8,0.8,16.6,82,1003.6,33
Delhi,2019-08-21,33.9,24.6,29.3,0.0,0.0,15.8,78,1002.0,38
Delhi,2019-08-22,32.1,25.5,28.6,0.8,0.8,9.7,84,1002.4,82
Delhi,2019-08-23,32.9,25.6,29.2,4.0,4.0,5.5,82,1002.3,61
Delhi,2019-08-24,33.6,26.2,29.1,3.9,3.9,14.0,83,1002.5,83
Delhi,2019-08-25,30.4,26.1,27.5,12.9,12.9,13.0,88,1003.2,96
Delhi,2019-08-26,32.3,25.6,28.8,0.6,0.6,17.0,83,1002.8,58
Delhi,2019-08-27,33.4,26.1,29.8,0.1,0.1,9.7,80,1001.8,65
Delhi,2019-08-28,34.0,26.9,30.4,0.4,0.4,12.9,78,1002.8,44
Delhi,2019-08-29,33.6,27.3,30.1,1.0,1.0,12.7,80,1003.8,49
Delhi,2019-08-30,33.5,26.5,30.1,0.9,0.9,9.8,81,1001.5,53
Delhi,2019-08-31,33.0,26.8,30.5,6.4,6.4,10.7,78,999.4,81
Delhi,2019-09-01,31.6,26.4,28.6,4.7,4.7,13.8,86,1001.6,95
Delhi,2019-09-02,33.2,25.8,29.5,1.3,1.3,9.4,83,1001.7,72
Delhi,2019-09-03,33.5,26.7,30.2,5.5,5.5,10.4,80,1000.6,47
Delhi,2019-09-04,32.2,25.5,29.0,7.8,7.8,12.6,85,1000.4,96
Delhi,2019-09-05,32.6,26.6,29.4,0.6,0.6,11.9,82,1000.4,63
Delhi,2019-09-06,32.9,26.9,29.7,0.4,0.4,12.1,81,999.5,85
Delhi,2019-09-07,32.0,26.5,28.8,2.1,2.1,13.7,85,1000.1,97
Delhi,2019-09-08,33.2,26.1,29.1,0.2,0.2,12.6,83,1001.6,67
Delhi,2019-09-09,34.2,25.7,30.1,0.1,0.1,9.0,78,1000.1,44
Delhi,2019-09-10,35.2,26.6,30.6,0.0,0.0,9.4,74,999.6,5
Delhi,2019-09-11,35.7,26.5,31.2,0.4,0.4,10.2,73,1000.8,19
Delhi,2019-09-12,33.8,27.5,30.2,0.6,0.6,18.4,79,1002.5,59
Delhi,2019-09-13,33.6,26.4,29.8,0.6,0.6,16.1,77,1003.4,51
Delhi,2019-09-14,32.2,26.0,28.7,0.7,0.7,15.9,79,1004.2,68
Delhi,2019-09-15,31.6,25.5,28.1,5.2,5.2,12.3,83,1004.4,82
Delhi,2019-09-16,33.3,25.2,29.3,0.4,0.4,10.4,81,1002.9,31
Delhi,2019-09-17,32.1,26.0,29.2,2.0,2.0,13.0,80,1003.8,31
Delhi,2019-09-18,31.9,25.9,28.5,3.0,3.0,19.3,80,1007.7,33
Delhi,2019-09-19,30.3,24.7,26.9,1.0,1.0,16.6,80,1010.0,33
Delhi,2019-09-20,30.9,23.1,27.0,7.7,7.7,15.9,83,1008.4,25
Delhi,2019-09-21,31.6,24.6,27.8,0.7,0.7,11.9,80,1007.3,22
Delhi,2019-09-22,29.9,25.1,27.1,13.9,13.9,15.9,83,1009.0,32
Delhi,2019-09-23,31.1,23.5,26.7,2.0,2.0,12.8,81,1010.3,31
Delhi,2019-09-24,31.6,23.4,27.0,2.9,2.9,17.8,80,1010.5,25
Delhi,2019-09-25,31.1,24.1,27.2,3.6,3.6,19.2,81,1011.8,35
Delhi,2019-09-26,30.5,25.1,27.6,1.9,1.9,20.2,76,1012.2,65
Delhi,2019-09-27,30.3,24.3,26.6,0.5,0.5,19.5,78,1010.9,50
Delhi,2019-09-28,29.3,22.8,25.5,4.6,4.6,22.3,83,1009.4,45
Delhi,2019-09-29,27.3,23.1,25.0,2.0,2.0,14.7,84,1009.9,49
Delhi,2019-09-30,29.7,22.6,25.3,6.0,6.0,11.4,83,1008.8,46
Delhi,2019-10-01,28.7,22.3,25.1,4.5,4.5,12.6,85,1008.4,63
Delhi,2019-10-02,30.9,22.2,26.5,0.2,0.2,7.9,80,1009.2,21
Delhi,2019-10-03,32.4,22.9,27.5,0.0,0.0,11.5,73,1009.0,25
Delhi,2019-10-04,29.7,23.1,26.1,4.9,4.9,17.3,72,1010.2,26
Delhi,2019-10-05,31.9,21.9,26.1,0.0,0.0,16.7,66,1010.0,2
Delhi,2019-10-06,32.2,21.1,26.4,0.0,0.0,13.2,62,1010.6,17
Delhi,2019-10-07,31.5,22.1,26.3,0.0,0.0,17.4,62,1011.8,37
Delhi,2019-10-08,31.7,21.0,26.4,0.0,0.0,9.8,57,1011.3,0
Delhi,2019-10-09,30.0,20.3,25.5,0.0,0.0,9.6,61,1011.4,11
Delhi,2019-10-10,31.0,20.7,26.4,0.0,0.0,9.7,59,1010.8,11
Delhi,2019-10-11,32.1,20.5,26.6,0.0,0.0,10.7,54,1010.4,7
Delhi,2019-10-12,33.2,22.1,27.3,0.0,0.0,10.7,57,1011.1,5
Delhi,2019-10-13,33.4,22.9,27.7,0.0,0.0,13.7,52,1011.6,19
Delhi,2019-10-14,33.5,20.7,27.0,0.0,0.0,13.2,58,1012.3,24
Delhi,2019-10-15,33.3,21.2,27.1,0.0,0.0,9.7,62,1013.1,8
Delhi,2019-10-16,33.3,21.6,27.6,0.0,0.0,10.2,58,1013.3,6
Delhi,2019-10-17,32.1,22.1,27.0,0.0,0.0,10.2,61,1013.2,12
Delhi,2019-10-18,31.5,22.6,26.4,2.7,2.7,12.3,65,1013.5,18
Delhi,2019-10-19,30.8,21.1,25.5,2.5,2.5,10.1,67,1014.8,30
Delhi,2019-10-20,32.6,20.3,25.7,0.0,0.0,13.8,49,1014.3,13
Delhi,2019-10-21,31.8,18.9,25.0,0.0,0.0,20.5,51,1012.6,11
Delhi,2019-10-22,31.5,19.1,24.4,0.0,0.0,19.1,48,1009.9,8
Delhi,2019-10-23,31.6,17.7,24.4,0.0,0.0,12.5,54,1009.1,0
Delhi,2019-10-24,30.9,18.0,24.2,0.0,0.0,9.4,65,1010.2,2
Delhi,2019-10-25,29.9,19.7,24.4,0.0,0.0,9.9,63,1011.6,5
Delhi,2019-10-26,30.1,18.9,24.5,0.0,0.0,8.9,61,1013.0,3
Delhi,2019-10-27,31.5,18.5,24.5,0.0,0.0,13.2,58,1012.4,0
Delhi,2019-10-28,30.4,18.3,24.1,0.0,0.0,9.5,59,1013.1,38
Delhi,2019-10-29,29.4,19.5,24.4,0.0,0.0,7.1,65,1013.7,95
Delhi,2019-10-30,31.0,21.3,25.4,0.0,0.0,13.8,64,1012.5,68
Delhi,2019-10-31,30.9,18.3,24.3,0.0,0.0,12.7,66,1011.8,0
Delhi,2019-11-01,31.2,18.9,24.8,0.0,0.0,11.4,65,1011.8,15
Delhi,2019-11-02,30.4,19.8,24.4,0.2,0.2,18.9,69,1013.3,48
Delhi,2019-11-03,28.8,19.2,23.8,0.0,0.0,13.1,71,1014.4,34
Delhi,2019-11-04,29.0,19.1,23.7,0.0,0.0,19.7,63,1014.2,3
Delhi,2019-11-05,29.2,18.2,22.9,0.0,0.0,19.4,57,1011.4,0
Delhi,2019-11-06,29.8,16.9,23.3,0.0,0.0,11.2,59,1009.2,12
Delhi,2019-11-07,26.0,19.4,22.1,1.4,1.4,15.2,71,1010.2,55
Delhi,2019-11-08,26.8,17.2,21.9,0.8,0.8,11.4,74,1013.3,29
Delhi,2019-11-09,28.5,17.1,21.8,0.0,0.0,15.8,60,1013.8,0
Delhi,2019-11-10,27.5,15.5,20.8,0.0,0.0,13.4,60,1013.9,4
Delhi,2019-11-11,26.8,15.3,20.3,0.0,0.0,13.8,59,1012.9,57
Delhi,2019-11-12,27.4,12.8,19.6,0.0,0.0,11.9,62,1013.8,30
Delhi,2019-11-13,27.2,14.6,20.7,0.0,0.0,8.6,67,1015.7,81
Delhi,2019-11-14,27.6,17.3,21.4,0.0,0.0,12.4,69,1016.4,72
Delhi,2019-11-15,27.0,16.8,21.0,0.0,0.0,12.1,72,1015.6,43
Delhi,2019-11-16,28.6,16.9,21.9,0.0,0.0,21.4,64,1015.1,1
Delhi,2019-11-17,27.9,17.4,21.7,0.0,0.0,23.7,61,1015.2,44
Delhi,2019-11-18,25.8,15.3,19.9,0.0,0.0,16.9,64,1014.7,39
Delhi,2019-11-19,25.9,14.1,19.4,0.0,0.0,11.5,66,1014.2,15
Delhi,2019-11-20,25.9,13.0,19.1,0.0,0.0,10.6,65,1014.7,22
Delhi,2019-11-21,26.2,13.5,19.6,0.0,0.0,10.1,67,1016.6,60
Delhi,2019-11-22,27.0,14.3,20.6,0.0,0.0,9.8,65,1016.5,71
Delhi,2019-11-23,26.0,15.9,20.6,0.0,0.0,17.6,62,1016.2,70
Delhi,2019-11-24,26.0,16.0,20.7,0.0,0.0,13.6,64,1015.5,80
Delhi,2019-11-25,25.5,14.7,20.0,0.0,0.0,9.2,67,1016.0,32
Delhi,2019-11-26,25.0,16.1,20.1,0.9,0.9,17.6,67,1015.9,67
Delhi,2019-11-27,25.2,15.2,19.7,0.0,0.0,12.0,68,1015.5,39
Delhi,2019-11-28,22.7,16.2,18.3,22.1,22.1,18.5,83,1016.6,48
Delhi,2019-11-29,22.9,13.2,17.7,0.0,0.0,8.3,82,1016.9,15
Delhi,2019-11-30,22.2,13.3,17.0,0.0,0.0,12.0,78,1017.2,1
Delhi,2019-12-01,21.8,11.5,15.5,0.0,0.0,11.3,74,1016.8,0
Delhi,2019-12-02,21.9,11.1,15.4,0.0,0.0,14.3,70,1017.5,0
Delhi,2019-12-03,22.4,10.2,15.1,0.0,0.0,14.3,66,1016.9,4
Delhi,2019-12-04,21.8,9.5,15.3,0.0,0.0,9.3,72,1019.0,78
Delhi,2019-12-05,21.3,10.4,15.4,0.0,0.0,9.9,74,1021.1,77
Delhi,2019-12-06,21.8,10.1,15.4,0.0,0.0,9.2,82,1020.2,93
Delhi,2019-12-07,22.4,10.0,16.0,0.0,0.0,8.9,79,1019.1,0
Delhi,2019-12-08,22.5,10.1,15.7,0.0,0.0,10.2,79,1018.9,0
Delhi,2019-12-09,21.8,9.2,15.3,0.0,0.0,11.2,73,1018.2,7
Delhi,2019-12-10,21.4,8.5,15.1,0.0,0.0,10.8,70,1015.6,2
Delhi,2019-12-11,21.4,8.9,15.7,0.0,0.0,9.2,71,1014.0,58
Delhi,2019-12-12,18.4,13.5,15.6,5.9,5.9,23.7,78,1013.0,90
Delhi,2019-12-13,19.5,11.4,15.1,3.7,3.7,20.3,87,1013.5,57
Delhi,2019-12-14,17.7,9.8,13.0,0.0,0.0,8.6,85,1020.0,63
Delhi,2019-12-15,18.5,9.3,13.2,0.0,0.0,10.5,80,1019.7,13
Delhi,2019-12-16,18.3,9.1,12.4,0.0,0.0,13.0,80,1019.8,1
Delhi,2019-12-17,18.2,8.1,11.8,0.0,0.0,13.3,80,1020.9,11
Delhi,2019-12-18,18.0,7.9,11.9,0.0,0.0,14.0,78,1019.8,31
Delhi,2019-12-19,17.2,5.8,11.5,0.0,0.0,8.8,80,1018.5,79
Delhi,2019-12-20,18.0,8.5,13.0,0.0,0.0,7.5,79,1016.1,49
Delhi,2019-12-21,16.2,10.3,13.4,0.2,0.2,8.9,81,1017.1,62
Delhi,2019-12-22,18.5,8.2,12.5,0.0,0.0,13.3,84,1018.3,1
Delhi,2019-12-23,18.6,8.2,11.8,0.0,0.0,14.4,82,1017.5,13
Delhi,2019-12-24,15.3,5.8,9.6,0.0,0.0,9.4,90,1019.4,38
Delhi,2019-12-25,15.3,5.2,8.7,0.0,0.0,12.4,87,1018.8,28
Delhi,2019-12-26,14.9,4.3,8.4,0.0,0.0,14.8,84,1018.2,3
Delhi,2019-12-27,13.6,3.3,7.3,0.0,0.0,9.7,88,1019.4,22
Delhi,2019-12-28,13.1,3.0,6.7,0.0,0.0,8.6,90,1020.2,44
Delhi,2019-12-29,13.1,3.8,7.3,0.0,0.0,10.2,86,1020.4,36
Delhi,2019-12-30,12.8,3.3,6.9,0.0,0.0,10.2,89,1019.7,51
Delhi,2019-12-31,12.9,2.0,7.6,0.0,0.0,10.2,78,1020.8,53
Delhi,2020-01-01,17.7,2.9,10.0,0.0,0.0,12.0,79,1021.3,79
Delhi,2020-01-02,19.5,6.8,12.9,0.0,0.0,12.4,79,1020.9,28
Delhi,2020-01-03,19.0,8.3,14.0,0.1,0.1,9.8,78,1018.9,11
Delhi,2020-01-04,18.9,8.8,13.4,0.5,0.5,9.7,82,1017.7,25
Delhi,2020-01-05,19.8,7.9,13.3,0.0,0.0,12.9,74,1018.2,33
Delhi,2020-01-06,17.1,10.3,13.5,0.0,0.0,11.6,76,1019.1,87
Delhi,2020-01-07,17.8,11.1,14.0,2.1,2.1,13.0,83,1016.5,83
Delhi,2020-01-08,15.3,10.3,12.8,17.5,17.5,14.5,92,1014.5,69
Delhi,2020-01-09,16.0,7.1,10.5,0.0,0.0,16.1,78,1019.6,2
Delhi,2020-01-10,16.6,5.8,10.1,0.0,0.0,16.1,77,1020.1,0
Delhi,2020-01-11,16.9,5.5,10.3,0.0,0.0,11.3,77,1019.6,17
Delhi,2020-01-12,19.7,6.0,11.8,0.0,0.0,10.9,78,1016.6,25
Delhi,2020-01-13,20.6,9.2,14.6,16.6,16.6,19.3,83,1011.7,46
Delhi,2020-01-14,18.3,10.5,14.0,0.3,0.3,11.7,86,1015.3,48
Delhi,2020-01-15,18.6,7.4,12.4,0.0,0.0,12.2,83,1016.5,3
Delhi,2020-01-16,15.8,9.4,12.4,11.1,11.1,10.0,90,1015.4,64
Delhi,2020-01-17,17.9,10.2,13.0,0.6,0.6,11.0,88,1016.4,35
Delhi,2020-01-18,17.2,8.9,12.5,0.2,0.2,10.9,89,1018.4,53
Delhi,2020-01-19,17.6,7.8,11.7,0.0,0.0,12.7,82,1019.1,1
Delhi,2020-01-20,17.5,7.2,12.1,0.0,0.0,12.5,84,1018.0,69
Delhi,2020-01-21,18.2,9.3,12.9,0.0,0.0,9.5,86,1018.7,44
Delhi,2020-01-22,18.8,7.4,12.5,0.0,0.0,15.1,82,1020.5,13
Delhi,2020-01-23,17.8,8.5,12.5,0.0,0.0,23.2,66,1019.2,25
Delhi,2020-01-24,19.2,8.4,12.8,0.0,0.0,22.6,60,1016.5,64
Delhi,2020-01-25,18.2,5.3,11.8,0.0,0.0,9.8,74,1016.8,13
Delhi,2020-01-26,20.2,7.1,13.6,0.0,0.0,10.5,79,1014.9,19
Delhi,2020-01-27,20.0,8.6,14.0,0.4,0.4,16.7,77,1012.2,55
Delhi,2020-01-28,19.3,11.0,14.2,16.0,16.0,20.7,83,1010.7,42
Delhi,2020-01-29,18.5,10.3,13.3,0.5,0.5,10.2,82,1016.6,34
Delhi,2020-01-30,18.2,8.5,12.6,0.0,0.0,17.8,77,1017.9,2
Delhi,2020-01-31,17.5,7.4,12.1,0.0,0.0,12.7,74,1015.8,1
Delhi,2020-02-01,18.3,7.6,12.3,0.0,0.0,12.5,74,1018.4,2
Delhi,2020-02-02,18.1,6.8,11.7,0.0,0.0,14.4,76,1020.0,0
Delhi,2020-02-03,18.8,6.5,12.0,0.0,0.0,11.8,74,1018.8,1
Delhi,2020-02-04,19.6,7.2,13.0,0.0,0.0,10.4,74,1016.9,9
Delhi,2020-02-05,19.0,8.3,12.9,0.0,0.0,16.0,74,1017.3,16
Delhi,2020-02-06,17.5,6.9,11.7,0.0,0.0,11.2,75,1016.8,3
Delhi,2020-02-07,18.3,8.1,12.7,0.1,0.1,12.0,71,1019.0,7
Delhi,2020-02-08,19.1,7.0,12.4,0.0,0.0,10.7,75,1021.0,0
Delhi,2020-02-09,19.8,7.0,12.8,0.0,0.0,10.2,75,1021.5,24
Delhi,2020-02-10,20.1,7.4,13.2,0.0,0.0,11.1,73,1019.5,42
Delhi,2020-02-11,20.6,7.2,13.5,0.0,0.0,11.2,73,1019.5,6
Delhi,2020-02-12,23.8,9.1,15.9,0.0,0.0,19.5,68,1018.7,29
Delhi,2020-02-13,26.6,13.0,19.2,0.0,0.0,20.6,57,1015.7,9
Delhi,2020-02-14,24.0,13.8,18.5,0.0,0.0,29.0,51,1012.9,0
Delhi,2020-02-15,24.7,12.2,17.5,0.0,0.0,21.3,47,1013.1,0
Delhi,2020-02-16,25.0,11.0,17.1,0.0,0.0,12.2,60,1016.1,0
Delhi,2020-02-17,25.5,9.1,17.5,0.0,0.0,17.7,56,1017.3,1
Delhi,2020-02-18,25.4,10.3,17.0,0.0,0.0,20.2,48,1014.5,2
Delhi,2020-02-19,25.2,10.0,18.2,0.0,0.0,21.5,54,1013.1,62
Delhi,2020-02-20,26.3,15.0,20.0,2.1,2.1,25.4,62,1012.5,42
Delhi,2020-02-21,18.9,13.6,16.2,13.4,13.4,25.2,84,1016.8,61
Delhi,2020-02-22,21.5,13.9,17.8,0.7,0.7,11.9,79,1020.3,53
Delhi,2020-02-23,23.2,13.2,17.5,2.6,2.6,17.8,82,1018.3,25
Delhi,2020-02-24,23.5,12.3,17.6,0.1,0.1,11.8,78,1014.8,14
Delhi,2020-02-25,24.4,13.1,18.0,0.0,0.0,16.3,74,1013.7,5
Delhi,2020-02-26,25.0,12.7,18.6,0.0,0.0,11.2,74,1014.3,13
Delhi,2020-02-27,25.4,13.4,19.1,0.0,0.0,12.1,76,1014.7,50
Delhi,2020-02-28,25.6,16.0,20.3,0.0,0.0,19.3,74,1013.2,79
Delhi,2020-02-29,21.9,16.1,18.7,9.1,9.1,22.3,82,1012.7,48
Delhi,2020-03-01,24.9,15.1,19.1,0.0,0.0,14.8,80,1013.4,17
Delhi,2020-03-02,25.4,14.8,19.7,0.2,0.2,9.4,78,1012.8,11
Delhi,2020-03-03,26.0,13.6,19.6,0.0,0.0,10.5,70,1011.2,4
Delhi,2020-03-04,24.9,13.9,19.2,1.0,1.0,17.2,72,1010.4,27
Delhi,2020-03-05,24.5,14.5,18.2,13.0,13.0,27.8,79,1010.2,49
Delhi,2020-03-06,21.3,13.7,16.4,23.3,23.3,30.4,86,1009.5,80
Delhi,2020-03-07,20.4,12.8,15.9,1.7,1.7,18.9,85,1014.0,44
Delhi,2020-03-08,22.7,11.6,16.5,0.0,0.0,16.4,79,1015.9,27
Delhi,2020-03-09,23.6,11.8,17.0,0.0,0.0,20.3,67,1013.2,0
Delhi,2020-03-10,23.7,10.1,17.1,0.0,0.0,11.0,68,1011.8,21
Delhi,2020-03-11,23.9,14.9,18.7,2.6,2.6,20.9,74,1009.5,61
Delhi,2020-03-12,25.7,14.3,19.6,0.0,0.0,21.1,67,1011.6,23
Delhi,2020-03-13,24.7,13.7,18.7,10.0,10.0,23.2,65,1013.5,20
Delhi,2020-03-14,20.7,13.5,16.4,4.2,4.2,20.4,82,1015.4,51
Delhi,2020-03-15,21.3,11.2,16.3,0.1,0.1,10.7,78,1017.0,48
Delhi,2020-03-16,23.9,12.8,18.0,0.0,0.0,12.0,75,1016.4,36
Delhi,2020-03-17,25.6,13.5,18.9,0.0,0.0,14.1,71,1016.3,0
Delhi,2020-03-18,27.1,14.3,20.4,0.0,0.0,14.8,67,1014.4,18
Delhi,2020-03-19,27.4,15.2,20.8,0.2,0.2,12.5,71,1011.4,49
Delhi,2020-03-20,29.0,16.0,21.2,0.4,0.4,16.7,69,1010.1,55
Delhi,2020-03-21,28.4,15.2,21.7,1.6,1.6,9.2,70,1010.4,28
Delhi,2020-03-22,28.6,15.5,22.0,0.0,0.0,13.8,68,1012.2,20
Delhi,2020-03-23,29.2,16.2,22.5,0.0,0.0,9.4,61,1012.0,34
Delhi,2020-03-24,30.2,18.2,23.6,0.7,0.7,10.8,64,1010.3,70
Delhi,2020-03-25,30.3,17.8,23.8,0.0,0.0,21.8,62,1011.1,51
Delhi,2020-03-26,29.7,18.8,23.5,0.0,0.0,19.6,61,1012.0,88
Delhi,2020-03-27,25.2,19.2,21.4,6.0,6.0,16.2,74,1013.9,77
Delhi,2020-03-28,27.3,16.1,21.3,0.1,0.1,17.3,69,1014.3,3
Delhi,2020-03-29,28.2,16.4,21.9,0.0,0.0,22.5,59,1012.4,3
Delhi,2020-03-30,28.8,15.8,21.9,0.0,0.0,19.2,55,1012.4,42
Delhi,2020-03-31,30.1,16.1,22.7,0.1,0.1,20.1,56,1011.0,46
Delhi,2020-04-01,31.1,17.6,23.9,0.0,0.0,13.0,56,1010.0,12
Delhi,2020-04-02,29.5,17.8,23.3,0.0,0.0,20.9,53,1010.5,23
Delhi,2020-04-03,29.4,16.1,22.4,0.0,0.0,19.1,44,1012.0,12
Delhi,2020-04-04,31.0,15.5,23.2,0.0,0.0,17.2,48,1011.8,1
Delhi,2020-04-05,31.6,17.0,24.0,0.0,0.0,15.5,53,1012.4,14
Delhi,2020-04-06,33.4,18.4,26.2,0.0,0.0,18.0,46,1010.9,14
Delhi,2020-04-07,32.8,18.4,25.0,0.4,0.4,19.6,46,1009.2,43
Delhi,2020-04-08,31.5,18.7,24.9,0.0,0.0,16.7,46,1009.8,10
Delhi,2020-04-09,31.5,17.5,24.4,0.0,0.0,15.8,46,1010.4,37
Delhi,2020-04-10,34.0,18.0,25.7,0.0,0.0,17.2,47,1011.1,49
Delhi,2020-04-11,35.1,19.2,27.7,0.0,0.0,13.8,42,1012.0,22
Delhi,2020-04-12,34.9,20.8,28.0,0.0,0.0,15.0,42,1009.8,71
Delhi,2020-04-13,37.0,20.8,29.3,0.0,0.0,20.6,41,1007.6,69
Delhi,2020-04-14,37.9,22.8,30.1,0.0,0.0,22.0,41,1007.9,91
Delhi,2020-04-15,37.6,25.1,30.4,0.0,0.0,20.6,38,1007.5,67
Delhi,2020-04-16,37.8,23.1,30.3,0.0,0.0,16.9,36,1006.2,44
Delhi,2020-04-17,34.7,25.2,29.6,0.0,0.0,20.4,34,1006.1,64
Delhi,2020-04-18,35.5,23.5,29.0,0.0,0.0,25.1,38,1007.3,32
Delhi,2020-04-19,33.9,22.3,27.9,0.0,0.0,14.4,43,1007.4,53
Delhi,2020-04-20,33.9,21.6,26.8,0.4,0.4,14.5,45,1008.3,53
Delhi,2020-04-21,32.2,19.6,26.1,0.0,0.0,14.8,51,1008.7,16
Delhi,2020-04-22,34.1,20.0,27.5,0.0,0.0,13.8,41,1007.2,29
Delhi,2020-04-23,35.5,24.3,28.9,0.0,0.0,20.2,38,1006.4,61
Delhi,2020-04-24,35.4,21.7,28.9,0.0,0.0,11.4,41,1004.8,13
Delhi,2020-04-25,33.7,23.6,28.5,0.5,0.5,17.1,43,1005.5,34
Delhi,2020-04-26,31.8,23.4,26.9,1.0,1.0,29.5,58,1008.2,22
Delhi,2020-04-27,30.4,20.8,25.4,2.8,2.8,21.1,69,1011.2,24
Delhi,2020-04-28,32.3,21.6,26.4,0.2,0.2,14.8,64,1011.1,22
Delhi,2020-04-29,34.7,21.1,28.6,0.0,0.0,12.6,55,1008.3,7
Delhi,2020-04-30,36.1,24.1,29.4,0.2,0.2,23.2,51,1008.0,42
Delhi,2020-05-01,38.4,22.4,30.5,0.0,0.0,17.3,54,1006.1,19
Delhi,2020-05-02,36.6,24.3,29.3,0.9,0.9,29.5,57,1005.5,24
Delhi,2020-05-03,34.7,23.5,27.7,21.8,21.8,25.5,64,1006.6,66
Delhi,2020-05-04,32.9,21.0,27.2,0.0,0.0,14.6,66,1008.1,29
Delhi,2020-05-05,34.4,23.1,28.8,0.0,0.0,25.6,50,1007.1,33
Delhi,2020-05-06,35.2,21.7,28.6,0.0,0.0,18.8,45,1006.1,25
Delhi,2020-05-07,35.8,22.1,28.6,0.0,0.0,17.7,44,1006.9,16
Delhi,2020-05-08,38.1,23.1,30.7,0.0,0.0,13.7,40,1005.1,5
Delhi,2020-05-09,39.5,25.2,31.6,0.0,0.0,14.7,41,1005.6,22
Delhi,2020-05-10,36.3,24.5,29.6,0.8,0.8,17.7,54,1006.8,40
Delhi,2020-05-11,35.8,22.8,29.1,0.3,0.3,15.3,57,1008.2,37
Delhi,2020-05-12,35.5,23.1,29.4,0.0,0.0,17.0,55,1007.4,26
Delhi,2020-05-13,35.5,25.8,29.7,0.3,0.3,14.9,55,1006.2,60
Delhi,2020-05-14,36.8,24.1,30.5,0.0,0.0,13.2,53,1005.5,20
Delhi,2020-05-15,38.2,24.7,31.4,0.0,0.0,20.4,41,1004.7,9
Delhi,2020-05-16,38.1,24.6,31.5,0.0,0.0,18.4,33,1004.0,4
Delhi,2020-05-17,38.7,24.1,31.8,0.0,0.0,16.0,32,1002.6,31
Delhi,2020-05-18,38.7,23.8,31.4,0.0,0.0,17.2,30,1001.7,12
Delhi,2020-05-19,38.6,24.7,32.1,0.0,0.0,14.3,22,1001.2,8
Delhi,2020-05-20,37.7,23.3,30.8,0.0,0.0,21.2,26,1000.8,0
Delhi,2020-05-21,40.2,24.0,32.2,0.0,0.0,22.7,26,999.8,0
Delhi,2020-05-22,42.1,25.3,34.0,0.0,0.0,11.8,26,999.6,1
Delhi,2020-05-23,41.7,27.7,34.6,0.0,0.0,18.1,28,1001.1,14
Delhi,2020-05-24,42.3,27.7,35.6,0.0,0.0,23.7,25,1001.3,9
Delhi,2020-05-25,43.2,27.8,35.7,0.0,0.0,23.1,22,1001.0,1
Delhi,2020-05-26,44.2,29.6,36.9,0.0,0.0,19.7,19,999.2,17
Delhi,2020-05-27,43.7,28.9,36.5,0.0,0.0,17.1,21,997.6,10
Delhi,2020-05-28,38.2,28.6,33.0,0.1,0.1,29.8,41,999.4,58
Delhi,2020-05-29,35.1,25.9,30.1,4.2,4.2,27.5,58,1002.5,56
Delhi,2020-05-30,32.7,23.5,28.2,5.4,5.4,20.0,61,1005.1,57
Delhi,2020-05-31,32.6,22.9,26.8,0.2,0.2,16.2,69,1006.8,38
Delhi,2020-06-01,33.3,21.6,27.8,0.0,0.0,9.6,67,1007.3,37
Delhi,2020-06-02,34.4,24.0,29.0,0.0,0.0,14.1,62,1005.4,21
Delhi,2020-06-03,35.8,24.2,29.9,0.0,0.0,11.3,58,1003.2,13
Delhi,2020-06-04,34.4,24.9,29.6,0.0,0.0,11.8,57,1002.4,71
Delhi,2020-06-05,34.4,24.8,29.0,0.0,0.0,12.2,60,1002.5,14
Delhi,2020-06-06,34.4,24.4,29.5,0.0,0.0,13.1,58,1001.9,43
Delhi,2020-06-07,36.2,26.7,30.6,1.2,1.2,15.0,59,1001.6,15
Delhi,2020-06-08,35.5,25.6,30.8,0.1,0.1,13.2,60,1001.2,11
Delhi,2020-06-09,37.9,26.7,33.0,0.0,0.0,12.3,51,1001.0,8
Delhi,2020-06-10,38.4,28.3,33.7,0.0,0.0,19.4,52,1000.3,15
Delhi,2020-06-11,37.6,27.7,33.5,0.0,0.0,11.6,53,999.2,7
Delhi,2020-06-12,38.5,28.9,33.8,0.0,0.0,16.6,52,998.1,13
Delhi,2020-06-13,38.5,29.6,33.6,0.0,0.0,15.3,55,998.5,16
Delhi,2020-06-14,38.5,29.2,33.6,0.0,0.0,12.1,56,1000.1,23
Delhi,2020-06-15,40.1,29.2,34.3,0.0,0.0,18.2,47,998.1,8
Delhi,2020-06-16,39.2,28.5,33.8,0.1,0.1,14.3,48,995.9,13
Delhi,2020-06-17,39.9,29.0,33.9,0.0,0.0,17.6,52,995.4,5
Delhi,2020-06-18,41.2,28.1,34.6,0.0,0.0,18.4,50,996.0,8
Delhi,2020-06-19,40.3,30.0,34.9,0.0,0.0,19.3,53,997.8,28
Delhi,2020-06-20,39.2,29.5,33.7,1.2,1.2,19.9,54,999.5,27
Delhi,2020-06-21,38.6,28.7,33.4,0.0,0.0,13.8,54,999.2,13
Delhi,2020-06-22,36.5,27.6,31.9,1.0,1.0,10.9,61,999.3,15
Delhi,2020-06-23,35.1,28.4,31.5,2.0,2.0,21.0,64,1001.6,34
Delhi,2020-06-24,33.1,28.3,30.3,3.1,3.1,15.1,72,1002.5,57
Delhi,2020-06-25,37.1,26.7,31.9,0.0,0.0,10.2,66,999.8,21
Delhi,2020-06-26,36.4,27.9,32.4,1.4,1.4,18.8,65,998.9,30
Delhi,2020-06-27,38.3,29.5,33.7,0.1,0.1,29.5,57,997.9,45
Delhi,2020-06-28,38.9,30.3,35.0,0.2,0.2,26.2,51,997.1,32
Delhi,2020-06-29,39.7,29.7,34.4,0.5,0.5,24.6,54,999.0,19
Delhi,2020-06-30,36.4,27.2,32.2,0.0,0.0,17.1,63,1000.6,28
Delhi,2020-07-01,38.2,28.6,33.4,0.0,0.0,14.2,59,999.4,9
Delhi,2020-07-02,40.6,29.9,35.1,0.1,0.1,15.7,53,996.8,9
Delhi,2020-07-03,41.2,31.0,35.0,0.0,0.0,22.9,56,996.3,10
Delhi,2020-07-04,37.7,28.7,33.1,0.0,0.0,21.4,64,996.8,13
Delhi,2020-07-05,34.6,24.9,29.9,4.1,4.1,18.1,70,997.4,61
Delhi,2020-07-06,34.7,26.5,30.6,0.3,0.3,16.3,70,997.4,53
Delhi,2020-07-07,32.9,27.1,29.3,1.5,1.5,23.8,74,1000.3,71
Delhi,2020-07-08,32.8,25.6,28.8,5.4,5.4,19.0,82,1001.5,83
Delhi,2020-07-09,33.6,26.8,30.2,2.2,2.2,12.8,78,998.1,85
Delhi,2020-07-10,37.8,28.7,32.7,1.6,1.6,17.0,63,995.7,85
Delhi,2020-07-11,36.4,26.0,31.9,0.9,0.9,19.2,64,996.3,23
Delhi,2020-07-12,35.5,28.8,31.7,0.5,0.5,14.7,66,997.8,54
Delhi,2020-07-13,36.2,27.3,31.9,0.1,0.1,15.3,65,998.1,49
Delhi,2020-07-14,38.6,28.9,33.2,0.0,0.0,13.6,60,998.8,58
Delhi,2020-07-15,36.4,28.0,31.9,0.1,0.1,18.3,68,999.8,16
Delhi,2020-07-16,33.6,28.2,30.7,4.6,4.6,21.1,73,999.0,57
Delhi,2020-07-17,34.9,28.2,31.1,10.8,10.8,17.7,74,999.7,69
Delhi,2020-07-18,35.8,27.3,31.6,2.5,2.5,15.1,74,1000.5,91
Delhi,2020-07-19,34.6,27.1,30.5,14.1,14.1,17.2,80,999.1,90
Delhi,2020-07-20,33.3,26.3,29.3,15.3,15.3,17.4,79,997.7,79
Delhi,2020-07-21,32.4,25.1,28.2,13.5,13.5,11.9,82,1000.6,50
Delhi,2020-07-22,30.3,25.3,27.2,14.4,14.4,15.6,86,1002.0,64
Delhi,2020-07-23,32.8,24.4,28.5,0.2,0.2,8.4,79,1000.9,13
Delhi,2020-07-24,32.4,26.1,28.8,1.6,1.6,13.1,78,1003.8,26
Delhi,2020-07-25,32.3,25.8,28.8,1.9,1.9,14.2,82,1005.2,33
Delhi,2020-07-26,34.1,25.6,29.9,2.6,2.6,11.3,80,1004.9,25
Delhi,2020-07-27,34.3,27.8,31.0,2.7,2.7,16.3,75,1002.3,45
Delhi,2020-07-28,35.5,29.1,31.8,0.4,0.4,19.6,67,1000.0,74
Delhi,2020-07-29,33.9,27.8,30.5,0.1,0.1,18.4,72,1000.5,99
Delhi,2020-07-30,31.9,25.8,28.9,3.9,3.9,12.8,79,1002.3,69
Delhi,2020-07-31,33.1,25.4,29.2,8.5,8.5,9.5,84,1001.6,89
Delhi,2020-08-01,32.8,26.8,29.4,5.6,5.6,8.4,84,1001.0,93
Delhi,2020-08-02,35.2,27.5,31.1,0.2,0.2,15.3,75,998.9,39
Delhi,2020-08-03,35.9,28.5,31.7,1.3,1.3,15.5,72,994.9,41
Delhi,2020-08-04,36.9,27.3,31.7,0.9,0.9,11.7,73,993.1,19
Delhi,2020-08-05,33.7,28.1,30.5,2.1,2.1,19.3,79,994.6,60
Delhi,2020-08-06,34.8,27.6,30.9,0.1,0.1,34.1,71,997.4,68
Delhi,2020-08-07,33.6,27.2,29.9,0.9,0.9,26.4,76,1000.4,53
Delhi,2020-08-08,34.5,27.4,30.8,3.3,3.3,8.9,78,998.6,49
Delhi,2020-08-09,33.3,26.9,29.8,22.8,22.8,12.9,83,997.8,99
Delhi,2020-08-10,31.1,26.5,28.8,2.4,2.4,13.8,87,999.1,95
Delhi,2020-08-11,31.8,26.5,28.9,15.8,15.8,11.7,87,999.0,99
Delhi,2020-08-12,33.8,26.3,29.8,3.4,3.4,15.5,83,997.9,97
Delhi,2020-08-13,27.5,25.8,26.6,84.6,84.6,12.8,95,997.5,95
Delhi,2020-08-14,30.9,25.6,27.6,5.0,5.0,19.4,89,996.8,90
Delhi,2020-08-15,32.3,25.9,28.9,2.6,2.6,14.6,86,996.7,51
Delhi,2020-08-16,31.9,26.0,28.7,6.2,6.2,14.2,87,997.9,60
Delhi,2020-08-17,32.8,26.7,29.1,2.1,2.1,14.2,86,998.2,64
Delhi,2020-08-18,32.3,27.6,29.8,9.7,9.7,10.6,84,998.7,78
Delhi,2020-08-19,29.1,26.1,27.1,16.7,16.7,9.4,92,998.9,100
Delhi,2020-08-20,29.1,24.5,26.5,8.8,8.8,14.3,93,1001.2,99
Delhi,2020-08-21,32.2,25.9,28.6,0.2,0.2,18.9,79,1002.4,35
Delhi,2020-08-22,32.6,26.1,28.6,0.1,0.1,26.6,75,1001.7,33
Delhi,2020-08-23,31.4,25.8,28.1,2.0,2.0,25.0,81,1000.5,47
Delhi,2020-08-24,30.6,25.5,27.7,0.8,0.8,23.8,82,1000.7,59
Delhi,2020-08-25,31.8,25.6,28.5,0.9,0.9,16.5,80,1002.7,37
Delhi,2020-08-26,32.2,26.1,29.0,0.9,0.9,12.2,79,1003.9,40
Delhi,2020-08-27,31.5,26.6,28.7,1.1,1.1,12.5,80,1003.4,71
Delhi,2020-08-28,33.0,26.0,28.5,2.8,2.8,13.2,84,1001.5,51
Delhi,2020-08-29,32.5,25.4,28.5,1.8,1.8,14.2,83,1001.2,39
Delhi,2020-08-30,30.4,26.3,27.9,2.4,2.4,29.3,79,1000.9,32
Delhi,2020-08-31,31.5,25.2,27.9,1.5,1.5,21.3,77,1003.1,51
Delhi,2020-09-01,32.4,25.2,28.5,1.3,1.3,11.5,75,1004.7,36
Delhi,2020-09-02,32.4,25.5,28.8,0.8,0.8,11.2,76,1006.6,93
Delhi,2020-09-03,31.5,26.2,28.5,5.4,5.4,17.4,83,1007.2,57
Delhi,2020-09-04,32.3,26.2,28.9,2.5,2.5,15.5,81,1006.2,34
Delhi,2020-09-05,33.1,25.8,28.3,9.6,9.6,9.0,85,1004.4,46
Delhi,2020-09-06,31.3,25.9,28.2,5.3,5.3,9.2,86,1003.3,46
Delhi,2020-09-07,32.1,25.9,28.7,4.5,4.5,7.9,83,1003.9,43
Delhi,2020-09-08,32.9,26.1,29.3,0.4,0.4,8.2,79,1004.4,47
Delhi,2020-09-09,34.1,25.9,29.8,0.0,0.0,14.2,74,1004.1,20
Delhi,2020-09-10,34.3,26.0,29.8,0.0,0.0,15.0,72,1001.8,23
Delhi,2020-09-11,34.9,25.9,30.2,0.0,0.0,12.4,69,1002.0,17
Delhi,2020-09-12,34.7,25.5,30.2,0.0,0.0,10.1,70,1004.7,36
Delhi,2020-09-13,33.6,25.9,30.0,0.0,0.0,10.1,73,1004.8,39
Delhi,2020-09-14,33.7,26.5,29.8,0.6,0.6,10.7,77,1003.7,44
Delhi,2020-09-15,35.2,26.1,30.8,0.0,0.0,15.0,69,1003.0,34
Delhi,2020-09-16,36.3,26.8,31.4,0.0,0.0,13.3,65,1002.6,13
Delhi,2020-09-17,36.6,27.2,31.7,0.0,0.0,18.5,61,1002.2,18
Delhi,2020-09-18,37.3,27.4,32.1,0.0,0.0,15.6,58,1001.2,22
Delhi,2020-09-19,36.2,26.9,31.4,0.0,0.0,12.8,63,1001.6,22
Delhi,2020-09-20,36.0,26.4,30.7,0.0,0.0,16.7,67,1001.2,21
Delhi,2020-09-21,35.6,25.2,30.8,0.0,0.0,10.5,62,1000.0,4
Delhi,2020-09-22,33.5,26.7,30.2,5.7,5.7,16.2,73,1000.6,28
Delhi,2020-09-23,32.7,26.1,29.5,2.3,2.3,13.5,73,1001.0,49
Delhi,2020-09-24,35.4,25.5,29.6,0.0,0.0,16.9,70,1002.6,29
Delhi,2020-09-25,36.6,25.8,30.6,0.0,0.0,19.6,59,1002.1,6
Delhi,2020-09-26,34.6,24.3,29.2,0.0,0.0,18.1,56,1002.3,20
Delhi,2020-09-27,34.7,24.2,28.9,0.0,0.0,12.9,58,1005.0,4
Delhi,2020-09-28,34.8,23.5,28.5,0.0,0.0,19.3,57,1006.2,0
Delhi,2020-09-29,34.5,22.4,28.0,0.0,0.0,20.7,55,1005.9,0
Delhi,2020-09-30,34.5,22.0,27.9,0.0,0.0,20.7,51,1004.7,1
Delhi,2020-10-01,35.2,22.1,28.3,0.0,0.0,18.6,52,1004.3,0
Delhi,2020-10-02,34.7,21.7,27.9,0.0,0.0,13.3,59,1004.9,0
Delhi,2020-10-03,33.7,21.1,27.3,0.0,0.0,14.0,56,1006.0,0
Delhi,2020-10-04,33.5,18.3,26.4,0.0,0.0,14.5,52,1006.9,0
Delhi,2020-10-05,34.0,20.1,26.7,0.0,0.0,19.2,50,1006.5,0
Delhi,2020-10-06,34.1,19.4,26.7,0.0,0.0,18.0,52,1006.9,0
Delhi,2020-10-07,34.5,20.2,26.8,0.0,0.0,14.0,57,1008.7,0
Delhi,2020-10-08,34.0,19.4,26.9,0.0,0.0,13.5,56,1009.2,0
Delhi,2020-10-09,33.5,19.5,27.0,0.0,0.0,10.3,56,1009.5,0
Delhi,2020-10-10,33.7,20.5,27.3,0.0,0.0,13.2,55,1008.2,8
Delhi,2020-10-11,33.7,20.5,27.5,0.0,0.0,14.5,53,1006.2,0
Delhi,2020-10-12,33.2,20.2,27.3,0.0,0.0,10.6,60,1004.7,0
Delhi,2020-10-13,34.0,21.4,27.4,0.0,0.0,11.0,62,1005.6,9
Delhi,2020-10-14,33.1,22.5,27.6,0.0,0.0,12.7,66,1007.0,22
Delhi,2020-10-15,33.5,21.8,27.3,0.0,0.0,13.0,56,1007.6,4
Delhi,2020-10-16,32.9,18.5,25.6,0.0,0.0,10.5,47,1007.5,0
Delhi,2020-10-17,33.2,21.4,27.0,0.0,0.0,9.3,43,1008.2,0
Delhi,2020-10-18,33.2,19.3,26.1,0.0,0.0,12.7,39,1008.3,2
Delhi,2020-10-19,32.4,19.3,25.3,0.0,0.0,13.7,36,1008.0,7
Delhi,2020-10-20,33.0,17.3,24.9,0.0,0.0,14.7,36,1007.7,0
Delhi,2020-10-21,33.4,17.2,25.4,0.0,0.0,11.2,42,1008.8,22
Delhi,2020-10-22,32.5,20.3,26.2,0.0,0.0,10.9,42,1007.4,36
Delhi,2020-10-23,32.5,17.7,25.4,0.0,0.0,11.7,44,1007.4,7
Delhi,2020-10-24,32.4,18.7,24.9,0.0,0.0,12.2,43,1008.3,0
Delhi,2020-10-25,32.9,18.2,25.6,0.0,0.0,10.9,42,1010.6,1
Delhi,2020-10-26,32.2,18.5,25.1,0.0,0.0,11.3,42,1012.1,20
Delhi,2020-10-27,30.8,16.8,23.1,0.0,0.0,15.6,35,1012.0,0
Delhi,2020-10-28,30.2,15.3,23.1,0.0,0.0,10.4,39,1012.6,0
Delhi,2020-10-29,30.2,16.7,23.9,0.0,0.0,10.6,45,1013.5,0
Delhi,2020-10-30,30.1,14.5,22.4,0.0,0.0,14.2,46,1013.4,0
Delhi,2020-10-31,30.1,15.1,21.9,0.0,0.0,16.5,40,1013.2,0
Delhi,2020-11-01,29.0,14.3,21.4,0.0,0.0,16.3,30,1013.8,0
Delhi,2020-11-02,29.4,13.7,21.9,0.0,0.0,17.7,29,1014.6,0
Delhi,2020-11-03,29.7,12.8,21.9,0.0,0.0,12.0,32,1013.9,0
Delhi,2020-11-04,29.0,13.8,21.4,0.0,0.0,13.4,39,1012.7,0
Delhi,2020-11-05,30.1,14.6,22.6,0.0,0.0,10.2,40,1013.9,0
Delhi,2020-11-06,30.3,13.4,21.9,0.0,0.0,10.9,41,1016.6,0
Delhi,2020-11-07,29.5,14.2,21.4,0.0,0.0,15.1,42,1017.5,0
Delhi,2020-11-08,29.2,12.6,21.5,0.0,0.0,8.9,45,1018.2,0
Delhi,2020-11-09,28.7,12.7,20.9,0.0,0.0,11.1,52,1016.8,0
Delhi,2020-11-10,27.7,15.3,21.1,0.0,0.0,10.5,57,1015.6,5
Delhi,2020-11-11,27.7,14.5,20.6,0.0,0.0,10.8,62,1017.3,0
Delhi,2020-11-12,27.3,13.9,21.0,0.0,0.0,11.3,58,1018.7,10
Delhi,2020-11-13,27.2,13.4,21.0,0.0,0.0,8.1,53,1017.3,0
Delhi,2020-11-14,27.9,14.2,20.4,0.0,0.0,9.1,55,1015.0,29
Delhi,2020-11-15,29.0,15.8,21.1,4.2,4.2,20.1,61,1014.4,37
Delhi,2020-11-16,25.1,16.2,19.5,8.2,8.2,16.9,79,1016.3,32
Delhi,2020-11-17,24.1,14.5,18.7,0.0,0.0,11.7,74,1014.9,8
Delhi,2020-11-18,23.8,13.5,17.8,0.0,0.0,8.5,68,1013.6,3
Delhi,2020-11-19,23.2,12.7,17.2,0.0,0.0,9.5,63,1014.2,23
Delhi,2020-11-20,23.6,11.3,16.5,0.0,0.0,16.3,58,1015.6,0
Delhi,2020-11-21,22.6,11.6,16.3,0.0,0.0,21.9,52,1016.1,0
Delhi,2020-11-22,22.6,10.0,15.8,0.0,0.0,13.0,53,1016.7,22
Delhi,2020-11-23,23.1,9.0,15.8,0.0,0.0,11.3,58,1017.0,3
Delhi,2020-11-24,23.0,9.8,16.1,0.0,0.0,11.2,62,1016.5,66
Delhi,2020-11-25,22.1,13.7,17.0,0.0,0.0,14.5,64,1016.8,90
Delhi,2020-11-26,22.5,13.5,17.3,0.7,0.7,12.3,69,1019.1,36
Delhi,2020-11-27,24.1,12.3,17.3,0.0,0.0,15.2,67,1020.7,0
Delhi,2020-11-28,23.8,11.2,16.4,0.0,0.0,14.9,63,1019.6,0
Delhi,2020-11-29,23.4,9.8,15.6,0.0,0.0,11.4,64,1018.3,2
Delhi,2020-11-30,24.0,10.0,16.2,0.0,0.0,10.7,65,1017.3,2
Delhi,2020-12-01,24.5,10.1,16.6,0.0,0.0,11.2,69,1017.4,0
Delhi,2020-12-02,25.6,11.0,17.7,0.0,0.0,15.0,67,1015.3,0
Delhi,2020-12-03,25.5,11.6,18.5,0.0,0.0,9.4,64,1014.4,0
Delhi,2020-12-04,26.8,11.4,18.6,0.0,0.0,11.1,64,1012.8,0
Delhi,2020-12-05,26.5,13.1,18.9,0.0,0.0,11.9,68,1013.2,0
Delhi,2020-12-06,26.7,13.6,19.0,0.0,0.0,10.4,71,1015.4,8
Delhi,2020-12-07,26.0,13.0,18.4,0.0,0.0,12.1,74,1017.0,0
Delhi,2020-12-08,25.6,11.7,18.2,0.0,0.0,10.0,73,1017.1,0
Delhi,2020-12-09,26.0,12.5,19.4,0.0,0.0,9.7,67,1015.2,0
Delhi,2020-12-10,26.3,13.1,18.7,0.0,0.0,9.5,68,1014.8,3
Delhi,2020-12-11,25.4,13.0,18.9,0.2,0.2,9.5,70,1014.6,24
Delhi,2020-12-12,22.9,14.7,17.9,0.9,0.9,11.0,82,1015.1,19
Delhi,2020-12-13,21.0,10.7,15.1,0.0,0.0,16.9,68,1015.7,0
Delhi,2020-12-14,19.8,8.4,12.6,0.0,0.0,13.6,71,1016.9,0
Delhi,2020-12-15,18.5,6.4,11.3,0.0,0.0,11.3,72,1019.2,0
Delhi,2020-12-16,18.8,6.8,11.5,0.0,0.0,15.0,70,1021.3,0
Delhi,2020-12-17,16.4,5.3,10.2,0.0,0.0,17.1,65,1020.6,0
Delhi,2020-12-18,17.9,5.9,11.0,0.0,0.0,18.2,58,1018.7,0
Delhi,2020-12-19,19.7,6.3,12.2,0.0,0.0,17.3,59,1019.2,0
Delhi,2020-12-20,20.9,7.1,13.4,0.0,0.0,15.3,61,1019.4,73
Delhi,2020-12-21,19.6,7.9,13.2,0.0,0.0,11.3,70,1017.6,82
Delhi,2020-12-22,21.0,7.9,14.1,0.0,0.0,9.5,71,1016.2,42
Delhi,2020-12-23,21.2,6.2,14.0,0.0,0.0,10.2,72,1015.3,0
Delhi,2020-12-24,21.8,6.8,13.8,0.0,0.0,11.5,67,1015.7,0
Delhi,2020-12-25,20.9,6.4,13.3,0.0,0.0,14.5,65,1016.9,0
Delhi,2020-12-26,20.1,6.6,12.8,0.0,0.0,13.0,71,1016.2,47
Delhi,2020-12-27,22.0,9.3,14.9,0.2,0.2,21.9,64,1013.5,38
Delhi,2020-12-28,17.8,6.8,12.0,0.0,0.0,14.8,53,1016.8,4
Delhi,2020-12-29,16.5,5.5,10.3,0.0,0.0,16.8,67,1018.1,2
Delhi,2020-12-30,16.6,5.1,9.7,0.0,0.0,12.8,76,1019.6,4
Delhi,2020-12-31,17.1,4.9,9.7,0.0,0.0,11.2,79,1018.8,49
Delhi,2021-01-01,18.1,3.5,10.5,0.0,0.0,9.1,75,1018.0,20
Delhi,2021-01-02,18.5,9.7,13.7,4.5,4.5,12.9,72,1016.5,49
Delhi,2021-01-03,21.0,12.3,16.0,8.1,8.1,23.4,83,1014.5,32
Delhi,2021-01-04,22.3,13.0,16.6,5.6,5.6,14.2,88,1015.8,70
Delhi,2021-01-05,21.8,14.0,17.5,2.8,2.8,14.2,84,1015.4,67
Delhi,2021-01-06,21.8,14.8,17.5,2.7,2.7,13.3,86,1015.1,38
Delhi,2021-01-07,19.5,11.1,14.9,0.0,0.0,12.6,85,1015.1,36
Delhi,2021-01-08,19.1,9.0,13.4,0.0,0.0,9.8,85,1014.7,37
Delhi,2021-01-09,20.0,11.1,14.9,0.0,0.0,16.8,81,1015.6,32
Delhi,2021-01-10,17.7,8.7,12.3,0.0,0.0,15.6,74,1016.2,12
Delhi,2021-01-11,17.9,7.3,11.6,0.0,0.0,19.9,80,1016.6,1
Delhi,2021-01-12,18.2,6.8,11.4,0.0,0.0,17.6,77,1016.9,0
Delhi,2021-01-13,18.6,6.0,10.9,0.0,0.0,15.9,77,1016.0,0
Delhi,2021-01-14,18.8,4.8,11.3,0.0,0.0,10.3,79,1016.4,37
Delhi,2021-01-15,19.5,8.0,12.3,0.0,0.0,10.9,82,1014.7,35
Delhi,2021-01-16,17.1,5.3,10.3,0.0,0.0,11.2,86,1013.6,26
Delhi,2021-01-17,19.0,6.7,11.4,0.0,0.0,16.2,83,1015.7,43
Delhi,2021-01-18,18.2,10.4,13.4,3.0,3.0,13.6,86,1016.4,51
Delhi,2021-01-19,21.0,10.1,14.6,0.0,0.0,13.3,85,1014.0,3
Delhi,2021-01-20,20.1,10.1,14.2,0.0,0.0,17.9,83,1014.4,0
Delhi,2021-01-21,20.5,9.3,13.7,0.0,0.0,18.9,76,1013.5,0
Delhi,2021-01-22,21.2,7.4,13.4,0.0,0.0,13.5,76,1014.6,1
Delhi,2021-01-23,21.0,8.9,14.2,0.0,0.0,16.5,77,1012.9,5
Delhi,2021-01-24,19.2,9.0,13.1,0.0,0.0,14.5,79,1015.9,7
Delhi,2021-01-25,18.3,6.5,11.5,0.0,0.0,10.1,79,1018.1,1
Delhi,2021-01-26,18.3,7.2,11.7,0.0,0.0,13.8,77,1017.8,0
Delhi,2021-01-27,18.8,6.6,11.7,0.0,0.0,15.6,73,1017.6,0
Delhi,2021-01-28,18.1,5.6,10.8,0.0,0.0,11.9,75,1018.3,0
Delhi,2021-01-29,18.7,6.0,11.7,0.0,0.0,16.9,72,1018.7,0
Delhi,2021-01-30,19.1,6.5,12.0,0.0,0.0,15.9,67,1017.2,6
Delhi,2021-01-31,20.5,5.3,12.5,0.0,0.0,10.6,66,1017.4,0
Delhi,2021-02-01,22.6,7.1,14.3,0.0,0.0,11.6,72,1018.9,0
Delhi,2021-02-02,23.5,7.6,15.1,0.0,0.0,9.1,72,1017.4,0
Delhi,2021-02-03,23.9,12.0,17.2,0.1,0.1,14.8,72,1015.8,7
Delhi,2021-02-04,21.6,10.6,15.6,11.0,11.0,18.4,80,1016.5,37
Delhi,2021-02-05,19.7,8.5,13.4,0.0,0.0,12.6,83,1017.8,29
Delhi,2021-02-06,20.1,8.8,13.9,0.0,0.0,16.8,73,1018.2,0
Delhi,2021-02-07,21.3,9.6,14.7,0.0,0.0,19.4,70,1018.0,0
Delhi,2021-02-08,22.4,8.6,15.0,0.0,0.0,13.1,75,1017.9,2
Delhi,2021-02-09,24.1,10.2,16.6,0.0,0.0,12.2,71,1014.7,60
Delhi,2021-02-10,25.3,11.8,17.7,0.0,0.0,10.2,72,1013.1,23
Delhi,2021-02-11,24.0,11.3,17.0,0.0,0.0,11.1,75,1013.9,22
Delhi,2021-02-12,24.6,11.2,17.2,0.0,0.0,10.9,77,1014.9,63
Delhi,2021-02-13,24.1,11.7,16.9,0.0,0.0,11.0,78,1015.1,50
Delhi,2021-02-14,25.6,12.3,18.2,0.0,0.0,10.9,71,1014.6,9
Delhi,2021-02-15,27.0,12.1,18.9,0.0,0.0,10.7,68,1012.8,17
Delhi,2021-02-16,26.9,12.2,18.8,0.0,0.0,11.5,70,1012.4,1
Delhi,2021-02-17,25.7,11.7,18.1,0.0,0.0,9.2,71,1014.2,0
Delhi,2021-02-18,25.6,11.5,18.3,0.0,0.0,10.8,71,1017.0,4
Delhi,2021-02-19,25.5,11.1,17.9,0.0,0.0,13.3,74,1019.4,2
Delhi,2021-02-20,25.9,11.8,18.0,0.0,0.0,13.0,69,1019.0,6
Delhi,2021-02-21,25.9,11.7,18.7,0.0,0.0,15.5,66,1017.3,4
Delhi,2021-02-22,27.4,12.7,19.5,0.0,0.0,17.3,66,1015.3,4
Delhi,2021-02-23,29.6,13.1,21.5,0.0,0.0,10.5,56,1012.8,5
Delhi,2021-02-24,30.1,13.6,22.0,0.0,0.0,12.1,58,1011.1,0
Delhi,2021-02-25,30.3,13.7,22.5,0.0,0.0,15.0,59,1009.8,0
Delhi,2021-02-26,30.9,15.5,23.2,0.0,0.0,17.9,56,1007.5,8
Delhi,2021-02-27,30.4,19.0,24.1,0.0,0.0,15.5,42,1007.0,15
Delhi,2021-02-28,29.9,16.9,22.2,0.0,0.0,15.7,49,1010.0,16
Delhi,2021-03-01,27.5,14.3,20.4,0.0,0.0,21.4,46,1014.1,0
Delhi,2021-03-02,27.6,14.7,20.7,0.0,0.0,25.7,40,1014.3,0
Delhi,2021-03-03,29.4,15.1,22.3,0.0,0.0,18.8,39,1012.3,0
Delhi,2021-03-04,31.4,15.2,23.7,0.0,0.0,10.6,44,1011.7,0
Delhi,2021-03-05,30.1,15.9,22.6,0.0,0.0,24.1,45,1011.5,0
Delhi,2021-03-06,30.6,15.3,22.6,0.0,0.0,17.8,43,1010.8,0
Delhi,2021-03-07,33.2,15.4,24.8,0.0,0.0,18.0,42,1009.2,3
Delhi,2021-03-08,31.1,19.2,24.7,0.0,0.0,23.4,50,1010.6,4
Delhi,2021-03-09,32.2,18.5,24.7,0.2,0.2,11.6,59,1011.8,24
Delhi,2021-03-10,31.0,18.4,23.9,0.1,0.1,13.4,61,1011.9,15
Delhi,2021-03-11,32.6,16.6,24.8,0.0,0.0,10.9,53,1012.8,2
Delhi,2021-03-12,30.5,18.0,23.4,0.7,0.7,17.6,54,1014.9,58
Delhi,2021-03-13,30.3,16.2,23.3,0.0,0.0,11.8,61,1015.7,21
Delhi,2021-03-14,30.1,16.4,23.2,0.0,0.0,17.1,50,1012.7,11
Delhi,2021-03-15,31.7,17.6,24.1,0.0,0.0,17.3,51,1011.6,20
Delhi,2021-03-16,32.3,17.3,24.4,0.0,0.0,18.8,47,1011.7,13
Delhi,2021-03-17,32.9,17.6,25.1,0.0,0.0,11.6,42,1010.3,28
Delhi,2021-03-18,33.1,17.5,24.8,0.0,0.0,17.7,47,1010.8,74
Delhi,2021-03-19,32.3,19.5,24.7,0.0,0.0,17.9,51,1010.3,85
Delhi,2021-03-20,32.6,17.6,24.9,0.0,0.0,20.1,44,1008.8,6
Delhi,2021-03-21,33.7,18.0,25.8,0.0,0.0,21.1,42,1008.2,10
Delhi,2021-03-22,33.3,18.9,25.0,0.0,0.0,21.9,48,1011.5,49
Delhi,2021-03-23,32.3,20.2,24.7,0.5,0.5,30.6,49,1012.9,38
Delhi,2021-03-24,31.2,16.9,24.4,0.0,0.0,17.6,44,1013.5,11
Delhi,2021-03-25,30.6,16.7,23.5,0.0,0.0,23.3,40,1013.1,4
Delhi,2021-03-26,30.9,16.2,23.6,0.0,0.0,21.2,46,1011.3,1
Delhi,2021-03-27,32.9,17.8,25.6,0.0,0.0,12.0,45,1009.3,0
Delhi,2021-03-28,35.4,18.6,27.9,0.0,0.0,10.4,43,1006.7,0
Delhi,2021-03-29,37.7,21.6,29.3,0.0,0.0,13.7,37,1003.9,0
Delhi,2021-03-30,36.7,23.3,30.2,0.0,0.0,35.5,30,999.9,0
Delhi,2021-03-31,34.2,21.9,27.6,0.0,0.0,27.9,23,1001.5,0
Delhi,2021-04-01,33.7,19.1,26.1,0.0,0.0,29.2,16,1002.6,0
Delhi,2021-04-02,33.2,17.3,25.3,0.0,0.0,15.5,17,1005.9,0
Delhi,2021-04-03,33.8,16.9,25.2,0.0,0.0,13.3,19,1008.5,1
Delhi,2021-04-04,35.1,17.1,26.6,0.0,0.0,16.8,22,1009.2,5
Delhi,2021-04-05,38.0,19.5,29.4,0.0,0.0,18.1,26,1007.4,68
Delhi,2021-04-06,37.7,22.6,30.1,0.0,0.0,16.5,29,1005.7,42
Delhi,2021-04-07,35.6,21.5,28.7,0.0,0.0,19.9,31,1008.5,4
Delhi,2021-04-08,34.0,20.5,27.1,0.0,0.0,15.9,25,1008.4,0
Delhi,2021-04-09,35.3,18.6,26.9,0.0,0.0,16.7,21,1009.2,23
Delhi,2021-04-10,36.2,19.4,28.2,0.0,0.0,20.0,18,1010.7,0
Delhi,2021-04-11,37.3,20.2,29.1,0.0,0.0,15.6,20,1010.6,4
Delhi,2021-04-12,38.0,20.8,29.9,0.0,0.0,17.2,19,1011.1,25
Delhi,2021-04-13,37.9,22.0,30.3,0.0,0.0,19.8,22,1009.4,21
Delhi,2021-04-14,38.8,22.0,30.6,0.0,0.0,27.2,22,1008.0,44
Delhi,2021-04-15,38.8,23.0,31.0,0.0,0.0,19.6,19,1006.9,21
Delhi,2021-04-16,38.8,22.6,29.4,2.6,2.6,31.0,33,1006.4,54
Delhi,2021-04-17,34.2,19.7,27.5,0.0,0.0,17.7,44,1009.1,16
Delhi,2021-04-18,35.3,21.3,28.9,0.0,0.0,17.2,29,1010.8,4
Delhi,2021-04-19,37.1,21.4,29.5,0.0,0.0,19.0,29,1006.7,6
Delhi,2021-04-20,33.9,22.4,27.7,0.0,0.0,29.0,29,1005.8,64
Delhi,2021-04-21,31.9,19.0,26.2,0.0,0.0,23.0,41,1007.6,19
Delhi,2021-04-22,33.0,19.8,26.5,0.0,0.0,20.4,43,1010.2,5
Delhi,2021-04-23,34.3,22.5,27.7,0.0,0.0,24.5,35,1008.5,33
Delhi,2021-04-24,33.6,18.9,26.5,0.0,0.0,18.6,36,1009.6,0
Delhi,2021-04-25,36.7,21.1,28.7,0.0,0.0,20.9,27,1009.2,0
Delhi,2021-04-26,38.8,20.9,30.0,0.0,0.0,13.6,24,1007.2,0
Delhi,2021-04-27,41.0,23.4,32.8,0.0,0.0,19.2,22,1006.1,4
Delhi,2021-04-28,41.5,24.3,33.8,0.0,0.0,17.7,19,1006.6,9
Delhi,2021-04-29,40.7,25.5,33.3,0.0,0.0,23.8,21,1006.8,20
Delhi,2021-04-30,39.7,24.7,32.2,0.0,0.0,14.8,28,1006.5,47
Delhi,2021-05-01,39.4,24.9,32.2,0.0,0.0,24.1,30,1006.3,55
Delhi,2021-05-02,38.9,26.1,31.9,0.0,0.0,21.4,30,1006.8,56
Delhi,2021-05-03,37.0,25.3,31.7,0.0,0.0,16.9,31,1005.4,37
Delhi,2021-05-04,40.0,26.1,32.8,0.0,0.0,20.9,30,1004.0,48
Delhi,2021-05-05,38.6,26.1,31.5,0.3,0.3,23.2,39,1005.0,21
Delhi,2021-05-06,38.7,24.0,29.3,6.1,6.1,22.0,53,1007.0,42
Delhi,2021-05-07,36.2,21.7,28.3,4.1,4.1,24.0,56,1009.1,16
Delhi,2021-05-08,37.4,23.6,31.1,0.0,0.0,11.4,39,1007.4,37
Delhi,2021-05-09,37.9,25.2,31.0,0.0,0.0,22.3,40,1005.5,24
Delhi,2021-05-10,36.2,25.0,30.5,0.4,0.4,16.1,42,1004.0,31
Delhi,2021-05-11,38.4,25.1,31.3,0.1,0.1,28.5,41,1002.8,22
Delhi,2021-05-12,35.4,24.3,29.8,0.4,0.4,18.7,45,1001.5,23
Delhi,2021-05-13,31.7,22.3,27.3,1.5,1.5,24.5,58,1003.1,37
Delhi,2021-05-14,36.5,22.7,29.6,0.0,0.0,14.0,47,1003.1,22
Delhi,2021-05-15,35.7,24.7,30.2,0.0,0.0,13.8,41,1004.2,22
Delhi,2021-05-16,38.6,23.8,31.6,0.0,0.0,11.2,37,1005.3,15
Delhi,2021-05-17,37.3,26.6,32.3,0.0,0.0,18.0,35,1005.4,89
Delhi,2021-05-18,29.9,24.6,27.1,1.1,1.1,21.2,54,1006.0,98
Delhi,2021-05-19,24.3,20.8,21.7,98.7,98.7,21.8,87,1003.9,100
Delhi,2021-05-20,29.3,20.4,24.2,31.5,31.5,21.6,77,1001.8,50
Delhi,2021-05-21,31.6,20.8,26.1,2.3,2.3,14.4,76,1004.6,26
Delhi,2021-05-22,33.4,23.8,28.5,0.0,0.0,11.2,66,1003.9,13
Delhi,2021-05-23,33.9,22.8,28.4,0.0,0.0,17.3,56,1004.8,21
Delhi,2021-05-24,35.2,22.8,28.8,0.0,0.0,23.2,42,1005.0,0
Delhi,2021-05-25,37.1,24.9,30.1,0.0,0.0,20.4,35,1001.5,0
Delhi,2021-05-26,37.3,23.4,30.2,0.0,0.0,11.8,36,999.3,0
Delhi,2021-05-27,37.7,23.0,30.2,0.0,0.0,11.8,44,999.5,0
Delhi,2021-05-28,36.7,24.5,30.4,0.0,0.0,20.2,59,1001.0,1
Delhi,2021-05-29,37.1,26.2,31.1,0.0,0.0,21.5,55,1002.4,2
Delhi,2021-05-30,36.0,25.3,30.3,0.7,0.7,18.8,63,1002.5,8
Delhi,2021-05-31,36.8,26.3,31.6,0.1,0.1,12.0,59,999.5,26
Delhi,2021-06-01,34.3,22.5,29.0,0.5,0.5,19.9,66,1002.0,26
Delhi,2021-06-02,34.8,23.5,29.3,5.4,5.4,10.7,64,1004.0,34
Delhi,2021-06-03,35.3,25.2,30.3,0.0,0.0,10.2,59,1004.9,23
Delhi,2021-06-04,36.0,25.2,30.4,0.0,0.0,10.0,62,1004.8,26
Delhi,2021-06-05,36.3,25.8,30.9,0.1,0.1,16.3,59,1003.2,10
Delhi,2021-06-06,37.5,25.9,31.9,0.0,0.0,13.1,52,1002.4,7
Delhi,2021-06-07,39.1,26.7,32.7,0.0,0.0,17.7,50,1000.4,9
Delhi,2021-06-08,40.9,29.0,35.0,0.0,0.0,26.2,39,997.9,9
Delhi,2021-06-09,41.4,31.3,36.0,0.0,0.0,20.8,38,996.3,14
Delhi,2021-06-10,38.1,29.8,33.0,0.0,0.0,22.3,58,997.1,17
Delhi,2021-06-11,37.3,27.4,32.1,0.0,0.0,19.1,59,996.9,46
Delhi,2021-06-12,37.8,28.7,32.4,0.0,0.0,21.7,59,998.0,14
Delhi,2021-06-13,36.7,25.5,30.7,7.2,7.2,17.2,67,998.9,20
Delhi,2021-06-14,36.5,26.2,31.3,0.0,0.0,12.5,61,997.1,12
Delhi,2021-06-15,36.8,26.3,30.6,4.2,4.2,23.8,64,994.3,31
Delhi,2021-06-16,35.3,25.6,29.4,2.3,2.3,13.2,72,996.9,34
Delhi,2021-06-17,34.9,26.2,30.0,0.1,0.1,14.3,68,999.0,17
Delhi,2021-06-18,33.7,25.8,29.3,0.7,0.7,15.6,70,999.8,24
Delhi,2021-06-19,33.3,25.1,28.4,0.2,0.2,17.6,72,999.9,24
Delhi,2021-06-20,33.3,25.2,28.9,1.1,1.1,12.7,73,1000.3,60
Delhi,2021-06-21,36.1,25.2,30.7,0.1,0.1,12.6,64,1001.1,16
Delhi,2021-06-22,39.2,28.4,33.5,0.0,0.0,17.5,48,1000.2,33
Delhi,2021-06-23,40.2,28.8,34.4,0.0,0.0,16.9,43,1000.3,19
Delhi,2021-06-24,38.5,28.2,32.5,0.0,0.0,19.9,58,1000.6,14
Delhi,2021-06-25,39.7,28.4,32.5,1.6,1.6,16.2,59,999.8,30
Delhi,2021-06-26,37.8,26.6,32.0,0.0,0.0,12.2,57,1001.4,23
Delhi,2021-06-27,38.6,28.7,33.4,0.0,0.0,13.1,54,1003.8,15
Delhi,2021-06-28,39.9,28.6,34.3,0.0,0.0,10.3,49,1002.4,9
Delhi,2021-06-29,42.3,29.4,36.1,0.0,0.0,19.9,38,999.0,2
Delhi,2021-06-30,43.3,30.2,36.9,0.0,0.0,33.9,30,996.1,40
Delhi,2021-07-01,41.8,32.2,37.0,0.0,0.0,26.7,33,994.7,47
Delhi,2021-07-02,41.2,31.2,35.5,0.1,0.1,22.4,42,996.2,43
Delhi,2021-07-03,39.0,29.3,33.3,0.0,0.0,24.7,50,999.6,55
Delhi,2021-07-04,40.3,28.6,34.2,0.0,0.0,12.7,48,1000.8,34
Delhi,2021-07-05,39.4,29.3,34.7,0.0,0.0,13.0,46,1001.2,37
Delhi,2021-07-06,39.9,29.6,35.2,0.0,0.0,15.3,45,999.7,17
Delhi,2021-07-07,41.4,31.4,36.2,0.0,0.0,21.3,40,998.3,26
Delhi,2021-07-08,40.3,32.3,36.0,0.0,0.0,21.2,39,998.4,54
Delhi,2021-07-09,38.5,28.2,33.2,0.2,0.2,20.3,58,999.8,42
Delhi,2021-07-10,38.1,29.7,33.6,1.2,1.2,15.8,58,999.6,32
Delhi,2021-07-11,36.4,28.9,32.1,2.0,2.0,26.0,64,1001.1,73
Delhi,2021-07-12,34.0,28.0,30.5,4.9,4.9,23.1,69,1003.2,78
Delhi,2021-07-13,34.1,27.3,30.0,5.3,5.3,15.5,76,1002.5,79
Delhi,2021-07-14,33.5,27.4,29.3,9.4,9.4,15.6,81,1002.0,95
Delhi,2021-07-15,34.7,27.5,30.7,2.5,2.5,14.6,75,1002.3,81
Delhi,2021-07-16,34.7,27.5,31.0,3.8,3.8,13.7,74,1003.8,52
Delhi,2021-07-17,36.8,28.5,32.7,0.7,0.7,12.7,67,1001.2,66
Delhi,2021-07-18,34.4,27.3,30.2,24.9,24.9,18.4,81,998.4,100
Delhi,2021-07-19,27.0,25.8,26.3,122.7,122.7,12.1,96,998.0,100
Delhi,2021-07-20,30.6,25.8,27.8,27.3,27.3,10.9,88,997.9,95
Delhi,2021-07-21,32.6,25.8,28.8,5.3,5.3,11.6,85,996.9,64
Delhi,2021-07-22,30.5,25.7,28.0,5.1,5.1,13.7,87,995.8,81
Delhi,2021-07-23,31.6,25.9,28.9,5.8,5.8,14.2,85,997.2,74
Delhi,2021-07-24,33.9,26.8,30.2,0.7,0.7,12.5,82,998.2,41
Delhi,2021-07-25,34.3,27.4,30.9,0.0,0.0,12.1,78,997.7,36
Delhi,2021-07-26,30.7,27.9,29.0,4.9,4.9,12.5,85,996.9,99
Delhi,2021-07-27,31.4,26.9,28.2,14.1,14.1,15.6,89,995.0,88
Delhi,2021-07-28,29.0,26.1,27.1,18.7,18.7,14.3,90,996.5,100
Delhi,2021-07-29,29.8,25.5,27.4,8.2,8.2,10.7,88,997.2,88
Delhi,2021-07-30,30.3,25.6,27.3,11.0,11.0,14.4,89,998.2,91
Delhi,2021-07-31,31.6,25.3,28.2,3.3,3.3,15.8,87,998.5,64
Delhi,2021-08-01,32.1,26.6,29.1,0.9,0.9,11.9,83,997.6,72
Delhi,2021-08-02,30.1,25.8,27.7,25.7,25.7,11.7,88,998.6,98
Delhi,2021-08-03,31.9,26.2,28.6,8.2,8.2,17.6,85,999.4,65
Delhi,2021-08-04,32.2,26.0,28.7,0.0,0.0,18.7,78,1000.0,32
Delhi,2021-08-05,32.9,25.8,29.1,0.3,0.3,7.9,79,999.9,25
Delhi,2021-08-06,33.3,26.2,29.7,2.0,2.0,7.8,81,999.7,67
Delhi,2021-08-07,31.7,27.2,28.8,8.5,8.5,8.0,87,1001.4,77
Delhi,2021-08-08,31.4,26.4,28.3,17.1,17.1,8.6,89,1003.0,89
Delhi,2021-08-09,30.7,26.2,28.2,3.2,3.2,8.6,87,1003.2,96
Delhi,2021-08-10,34.5,26.4,29.9,0.7,0.7,20.3,77,1001.3,48
Delhi,2021-08-11,34.7,27.8,30.5,0.0,0.0,22.3,64,1001.4,11
Delhi,2021-08-12,34.5,26.7,30.2,0.0,0.0,19.1,66,1002.7,20
Delhi,2021-08-13,35.1,27.0,30.6,0.0,0.0,18.9,65,1000.9,21
Delhi,2021-08-14,34.9,27.2,30.6,0.0,0.0,22.7,64,998.9,19
Delhi,2021-08-15,34.8,26.8,30.4,0.0,0.0,16.0,64,1000.4,13
Delhi,2021-08-16,35.1,26.7,30.4,0.0,0.0,11.8,66,1003.3,9
Delhi,2021-08-17,35.4,26.9,31.2,0.0,0.0,13.4,66,1003.1,15
Delhi,2021-08-18,35.3,26.6,31.2,0.0,0.0,11.0,66,1001.2,25
Delhi,2021-08-19,34.2,27.3,30.8,0.5,0.5,13.4,74,1000.5,86
Delhi,2021-08-20,29.3,26.4,27.8,2.0,2.0,17.9,86,1003.2,100
Delhi,2021-08-21,29.0,24.9,26.7,30.3,30.3,16.3,91,1004.9,95
Delhi,2021-08-22,31.1,24.9,27.6,9.8,9.8,14.5,88,1004.7,87
Delhi,2021-08-23,31.6,25.9,28.5,5.9,5.9,12.3,87,1002.5,67
Delhi,2021-08-24,32.0,26.5,29.0,2.1,2.1,9.2,87,1001.1,99
Delhi,2021-08-25,34.3,27.9,30.4,0.0,0.0,26.6,68,998.8,35
Delhi,2021-08-26,33.8,27.3,29.7,0.0,0.0,22.7,67,998.1,58
Delhi,2021-08-27,34.0,25.8,29.6,0.0,0.0,16.2,67,1000.3,94
Delhi,2021-08-28,33.4,26.6,29.4,0.0,0.0,11.3,74,1001.2,50
Delhi,2021-08-29,32.3,25.9,28.6,1.3,1.3,13.2,85,1002.1,31
Delhi,2021-08-30,30.8,25.2,27.4,1.2,1.2,13.9,86,1005.4,39
Delhi,2021-08-31,31.0,24.7,27.0,5.3,5.3,16.4,87,1007.2,63
Delhi,2021-09-01,29.8,24.2,26.4,10.7,10.7,13.1,90,1006.8,90
Delhi,2021-09-02,31.7,24.6,27.8,1.2,1.2,8.0,87,1004.5,74
Delhi,2021-09-03,30.9,25.3,27.1,11.3,11.3,13.8,89,1003.0,94
Delhi,2021-09-04,30.6,24.9,27.3,14.7,14.7,10.0,88,1002.8,87
Delhi,2021-09-05,31.8,25.4,28.2,3.8,3.8,9.9,86,1002.8,33
Delhi,2021-09-06,32.2,26.1,29.0,4.1,4.1,9.7,84,1004.1,49
Delhi,2021-09-07,30.5,25.7,28.0,7.6,7.6,16.2,88,1005.7,77
Delhi,2021-09-08,30.7,26.1,28.0,2.3,2.3,24.8,80,1004.5,52
Delhi,2021-09-09,30.9,24.9,27.7,4.4,4.4,20.3,84,1003.6,73
Delhi,2021-09-10,30.1,24.9,26.8,16.6,16.6,19.4,88,1003.6,89
Delhi,2021-09-11,28.7,23.9,25.9,15.3,15.3,25.5,91,1003.5,99
Delhi,2021-09-12,29.2,24.5,26.5,6.4,6.4,13.3,91,1001.7,95
Delhi,2021-09-13,31.5,25.5,27.6,7.8,7.8,9.2,88,1001.8,73
Delhi,2021-09-14,31.2,25.7,27.9,0.3,0.3,16.0,84,1003.9,52
Delhi,2021-09-15,32.2,25.6,28.4,0.0,0.0,19.2,77,1005.0,19
Delhi,2021-09-16,32.7,25.2,27.9,4.1,4.1,21.6,77,1003.2,39
Delhi,2021-09-17,29.1,23.5,26.8,1.5,1.5,26.6,75,1002.7,45
Delhi,2021-09-18,30.8,24.2,27.4,0.1,0.1,18.1,80,1004.9,32
Delhi,2021-09-19,31.6,25.1,28.1,0.3,0.3,13.5,81,1006.6,8
Delhi,2021-09-20,32.1,24.9,28.3,0.7,0.7,14.0,81,1005.6,11
Delhi,2021-09-21,31.2,26.0,28.0,1.7,1.7,13.4,83,1004.8,31
Delhi,2021-09-22,29.8,24.5,26.4,17.3,17.3,14.4,90,1004.7,87
Delhi,2021-09-23,29.4,24.5,26.6,6.4,6.4,14.8,88,1006.2,71
Delhi,2021-09-24,30.7,24.6,27.0,2.1,2.1,11.7,85,1007.1,49
Delhi,2021-09-25,30.8,24.5,27.2,2.1,2.1,9.9,86,1005.9,29
Delhi,2021-09-26,30.5,24.1,26.8,1.5,1.5,14.9,85,1005.7,35
Delhi,2021-09-27,31.9,24.5,28.1,0.2,0.2,8.2,81,1005.9,16
Delhi,2021-09-28,32.0,25.6,28.1,1.7,1.7,15.8,82,1006.7,35
Delhi,2021-09-29,31.5,25.2,28.2,0.2,0.2,16.0,80,1007.8,10
Delhi,2021-09-30,31.5,25.3,28.2,0.7,0.7,9.0,82,1009.1,17
Delhi,2021-10-01,32.2,25.2,28.6,0.2,0.2,6.6,82,1008.6,17
Delhi,2021-10-02,33.0,25.6,28.9,0.2,0.2,12.7,77,1007.1,13
Delhi,2021-10-03,33.4,25.7,29.1,0.0,0.0,16.8,74,1005.2,10
Delhi,2021-10-04,32.8,25.8,28.9,0.1,0.1,11.4,70,1005.0,17
Delhi,2021-10-05,32.2,24.6,28.4,2.3,2.3,8.8,77,1007.8,23
Delhi,2021-10-06,32.4,25.5,28.4,0.1,0.1,11.0,75,1007.9,10
Delhi,2021-10-07,32.4,23.2,27.3,0.0,0.0,11.7,71,1006.6,1
Delhi,2021-10-08,33.2,23.3,27.9,0.0,0.0,12.5,66,1005.4,0
Delhi,2021-10-09,34.1,23.1,28.5,0.0,0.0,12.6,61,1005.7,0
Delhi,2021-10-10,34.9,22.1,28.3,0.0,0.0,9.2,63,1006.1,1
Delhi,2021-10-11,34.7,22.2,28.0,0.0,0.0,10.2,61,1005.7,1
Delhi,2021-10-12,34.5,22.7,27.9,0.0,0.0,10.8,58,1006.1,2
Delhi,2021-10-13,32.8,21.3,26.4,0.0,0.0,19.3,54,1007.0,0
Delhi,2021-10-14,32.0,19.6,25.2,0.0,0.0,17.6,54,1007.0,0
Delhi,2021-10-15,33.1,19.6,25.8,0.0,0.0,12.1,53,1004.9,0
Delhi,2021-10-16,33.5,20.9,27.0,0.0,0.0,9.7,62,1005.0,7
Delhi,2021-10-17,31.0,23.0,26.4,3.3,3.3,18.1,77,1006.5,83
Delhi,2021-10-18,23.7,20.9,22.4,27.4,27.4,15.2,93,1005.4,86
Delhi,2021-10-19,28.9,19.3,23.8,0.0,0.0,18.2,80,1007.2,3
Delhi,2021-10-20,30.8,20.0,24.4,0.0,0.0,14.6,70,1010.3,0
Delhi,2021-10-21,29.6,18.2,23.3,0.0,0.0,21.8,61,1010.0,0
Delhi,2021-10-22,30.3,20.2,23.9,0.0,0.0,18.8,61,1010.3,0
Delhi,2021-10-23,29.7,19.5,23.9,0.0,0.0,11.5,65,1011.9,4
Delhi,2021-10-24,27.3,19.0,22.8,0.2,0.2,17.3,70,1013.8,42
Delhi,2021-10-25,27.3,17.3,22.0,0.0,0.0,10.2,78,1014.4,4
Delhi,2021-10-26,26.7,16.8,20.9,0.0,0.0,13.4,71,1013.5,0
Delhi,2021-10-27,27.3,15.6,20.9,0.0,0.0,15.2,64,1015.2,0
Delhi,2021-10-28,27.4,15.4,20.6,0.0,0.0,12.8,64,1015.3,0
Delhi,2021-10-29,28.3,14.8,21.0,0.0,0.0,9.0,63,1016.8,0
Delhi,2021-10-30,28.4,15.8,21.4,0.0,0.0,18.2,56,1016.2,0
Delhi,2021-10-31,28.9,16.3,22.2,0.0,0.0,15.2,51,1013.9,0
Delhi,2021-11-01,28.9,16.2,22.1,0.0,0.0,12.2,54,1013.3,0
Delhi,2021-11-02,27.8,16.4,21.5,0.0,0.0,14.7,65,1014.9,2
Delhi,2021-11-03,28.6,15.6,21.7,0.0,0.0,12.9,62,1014.6,4
Delhi,2021-11-04,27.6,15.2,21.2,0.0,0.0,9.4,64,1013.8,4
Delhi,2021-11-05,27.4,14.8,20.6,0.0,0.0,10.1,63,1013.8,23
Delhi,2021-11-06,28.4,14.6,20.9,0.0,0.0,19.9,57,1012.0,33
Delhi,2021-11-07,28.4,15.6,21.2,0.0,0.0,13.6,60,1011.9,5
Delhi,2021-11-08,28.7,14.7,21.0,0.0,0.0,13.1,60,1013.6,10
Delhi,2021-11-09,28.2,15.3,20.9,0.0,0.0,12.3,60,1014.4,19
Delhi,2021-11-10,28.8,13.8,20.7,0.0,0.0,12.4,61,1013.7,41
Delhi,2021-11-11,28.3,13.5,20.4,0.0,0.0,12.0,61,1013.3,4
Delhi,2021-11-12,28.0,14.5,20.2,0.0,0.0,12.8,60,1013.6,8
Delhi,2021-11-13,27.0,12.6,19.4,0.0,0.0,12.9,58,1013.7,0
Delhi,2021-11-14,26.3,11.7,18.6,0.0,0.0,10.3,54,1012.8,0
Delhi,2021-11-15,25.8,12.3,18.5,0.0,0.0,11.8,53,1012.1,0
Delhi,2021-11-16,25.3,11.3,17.9,0.0,0.0,11.0,57,1013.2,0
Delhi,2021-11-17,24.7,10.9,17.7,0.0,0.0,9.7,65,1015.3,43
Delhi,2021-11-18,24.6,12.0,19.1,0.0,0.0,6.3,66,1014.0,51
Delhi,2021-11-19,24.8,11.8,18.7,0.0,0.0,8.2,64,1011.6,41
Delhi,2021-11-20,25.1,15.6,19.3,0.0,0.0,9.1,58,1011.9,49
Delhi,2021-11-21,25.9,13.5,19.0,0.0,0.0,13.9,58,1013.4,0
Delhi,2021-11-22,26.0,12.9,18.8,0.0,0.0,21.6,51,1013.2,0
Delhi,2021-11-23,25.6,12.3,18.3,0.0,0.0,15.6,55,1012.0,0
Delhi,2021-11-24,26.0,11.4,18.6,0.0,0.0,10.2,58,1013.4,0
Delhi,2021-11-25,25.1,12.0,17.9,0.0,0.0,8.7,70,1014.7,0
Delhi,2021-11-26,25.2,11.8,18.4,0.0,0.0,9.3,69,1014.5,0
Delhi,2021-11-27,25.2,13.0,18.8,0.0,0.0,10.6,72,1015.6,2
Delhi,2021-11-28,25.1,13.6,18.9,0.0,0.0,9.8,74,1017.3,5
Delhi,2021-11-29,24.9,11.4,18.1,0.0,0.0,15.0,64,1017.7,20
Delhi,2021-11-30,24.8,12.5,18.0,0.0,0.0,14.7,65,1016.9,100
Delhi,2021-12-01,21.9,13.5,17.1,0.0,0.0,8.9,73,1017.2,100
Delhi,2021-12-02,19.7,14.1,16.4,3.9,3.9,11.3,81,1017.4,100
Delhi,2021-12-03,22.6,12.8,17.2,0.0,0.0,9.2,80,1017.5,31
Delhi,2021-12-04,24.0,11.7,17.4,0.0,0.0,9.8,73,1016.2,0
Delhi,2021-12-05,24.3,13.4,19.0,0.5,0.5,9.1,70,1016.2,37
Delhi,2021-12-06,23.2,14.3,18.2,1.6,1.6,12.9,79,1016.6,21
Delhi,2021-12-07,22.8,12.6,16.7,0.0,0.0,16.3,71,1017.7,0
Delhi,2021-12-08,22.1,11.1,15.5,0.0,0.0,12.2,68,1017.7,0
Delhi,2021-12-09,22.0,9.3,15.1,0.0,0.0,8.0,70,1019.9,0
Delhi,2021-12-10,22.1,10.0,15.4,0.0,0.0,11.9,68,1020.0,0
Delhi,2021-12-11,21.7,9.5,14.6,0.0,0.0,13.6,65,1019.0,8
Delhi,2021-12-12,21.0,8.9,14.5,0.0,0.0,8.0,65,1019.5,56
Delhi,2021-12-13,19.3,8.2,14.6,0.0,0.0,7.1,66,1018.4,61
Delhi,2021-12-14,20.7,8.8,14.9,0.0,0.0,9.4,71,1017.5,26
Delhi,2021-12-15,20.6,9.2,14.0,0.0,0.0,11.3,67,1018.0,0
Delhi,2021-12-16,18.1,9.9,13.6,0.0,0.0,16.2,70,1018.8,43
Delhi,2021-12-17,17.9,8.0,12.3,0.0,0.0,18.3,57,1020.8,3
Delhi,2021-12-18,17.8,6.3,11.2,0.0,0.0,22.0,65,1020.8,0
Delhi,2021-12-19,17.5,6.1,11.1,0.0,0.0,17.5,63,1020.3,5
Delhi,2021-12-20,18.1,5.9,11.6,0.0,0.0,13.3,67,1019.2,12
Delhi,2021-12-21,19.5,5.2,12.1,0.0,0.0,10.6,71,1017.6,9
Delhi,2021-12-22,20.1,5.9,13.3,0.0,0.0,10.5,67,1015.3,43
Delhi,2021-12-23,21.1,8.4,14.2,0.0,0.0,9.9,72,1014.4,48
Delhi,2021-12-24,21.4,9.7,14.5,0.0,0.0,10.4,75,1014.3,34
Delhi,2021-12-25,21.1,10.6,15.5,0.0,0.0,10.1,72,1016.2,28
Delhi,2021-12-26,18.4,10.8,15.0,4.6,4.6,14.0,80,1018.1,94
Delhi,2021-12-27,19.7,10.7,14.9,3.2,3.2,13.2,72,1019.4,72
Delhi,2021-12-28,19.5,10.5,13.9,1.7,1.7,8.3,78,1018.6,82
Delhi,2021-12-29,19.1,8.4,13.0,0.0,0.0,14.8,72,1019.4,28
Delhi,2021-12-30,17.9,5.2,10.7,0.0,0.0,11.5,67,1023.6,40
Delhi,2021-12-31,17.8,5.0,10.5,0.0,0.0,10.2,71,1023.4,40
Delhi,2022-01-01,18.1,5.7,10.9,0.0,0.0,9.7,76,1022.2,8
Delhi,2022-01-02,18.8,6.8,11.9,0.0,0.0,9.1,77,1020.7,65
Delhi,2022-01-03,20.2,7.4,12.6,0.0,0.0,10.4,75,1018.8,29
Delhi,2022-01-04,22.0,8.1,14.5,0.2,0.2,9.3,71,1017.8,56
Delhi,2022-01-05,15.0,11.6,13.3,9.6,9.6,20.5,86,1016.7,99
Delhi,2022-01-06,18.6,12.0,14.6,0.9,0.9,20.4,83,1016.7,78
Delhi,2022-01-07,19.9,12.7,15.6,1.9,1.9,19.7,86,1016.1,66
Delhi,2022-01-08,17.1,14.1,15.4,16.2,16.2,21.8,90,1015.6,82
Delhi,2022-01-09,17.1,10.4,14.1,3.6,3.6,14.0,89,1015.2,72
Delhi,2022-01-10,16.9,8.0,11.5,0.0,0.0,11.8,82,1018.0,5
Delhi,2022-01-11,17.4,7.3,11.5,0.0,0.0,13.1,79,1018.1,2
Delhi,2022-01-12,17.1,7.6,11.3,0.0,0.0,10.1,80,1017.6,41
Delhi,2022-01-13,17.4,7.2,12.3,0.0,0.0,6.4,75,1017.8,36
Delhi,2022-01-14,16.6,6.2,10.7,0.0,0.0,11.2,81,1018.6,33
Delhi,2022-01-15,16.8,5.8,9.9,0.0,0.0,9.8,87,1020.2,25
Delhi,2022-01-16,15.8,5.9,10.2,0.0,0.0,8.6,86,1021.0,63
Delhi,2022-01-17,14.1,4.7,9.7,0.0,0.0,6.7,85,1021.6,61
Delhi,2022-01-18,16.1,5.4,9.6,0.0,0.0,11.5,88,1019.4,50
Delhi,2022-01-19,17.7,6.6,11.0,0.7,0.7,10.1,89,1016.3,54
Delhi,2022-01-20,17.7,9.3,13.1,0.9,0.9,7.6,85,1012.0,41
Delhi,2022-01-21,18.4,7.2,12.2,0.0,0.0,11.3,85,1012.0,45
Delhi,2022-01-22,16.1,11.9,13.2,22.8,22.8,31.8,85,1007.6,91
Delhi,2022-01-23,16.7,9.2,12.7,3.5,3.5,12.1,86,1010.1,63
Delhi,2022-01-24,16.2,7.1,10.7,0.6,0.6,12.6,83,1014.1,11
Delhi,2022-01-25,16.4,6.2,10.3,0.0,0.0,13.6,80,1015.1,23
Delhi,2022-01-26,16.8,6.3,10.7,0.0,0.0,16.6,81,1016.1,11
Delhi,2022-01-27,17.8,7.0,11.5,0.0,0.0,21.1,73,1017.3,0
Delhi,2022-01-28,17.9,7.1,11.6,0.0,0.0,21.3,71,1017.2,0
Delhi,2022-01-29,19.5,6.8,12.4,0.0,0.0,12.9,73,1017.0,0
Delhi,2022-01-30,20.3,8.9,13.7,0.0,0.0,20.3,72,1012.6,0
Delhi,2022-01-31,20.9,8.2,13.6,0.0,0.0,9.8,80,1011.9,0
Delhi,2022-02-01,20.8,8.7,13.9,0.0,0.0,14.1,85,1011.4,18
Delhi,2022-02-02,20.5,9.0,14.2,0.0,0.0,20.4,78,1011.2,13
Delhi,2022-02-03,15.1,10.3,12.7,16.6,16.6,32.2,85,1007.4,76
Delhi,2022-02-04,16.5,8.2,11.5,0.2,0.2,19.1,84,1010.0,41
Delhi,2022-02-05,16.7,5.7,10.9,0.0,0.0,10.2,83,1014.4,28
Delhi,2022-02-06,20.5,7.4,13.7,0.0,0.0,10.0,75,1016.1,0
Delhi,2022-02-07,22.3,8.3,15.2,0.0,0.0,11.2,78,1015.1,18
Delhi,2022-02-08,22.1,10.7,16.1,1.4,1.4,9.7,81,1013.4,16
Delhi,2022-02-09,18.6,10.3,14.4,3.6,3.6,13.9,83,1015.3,51
Delhi,2022-02-10,20.1,8.0,13.8,0.0,0.0,19.9,75,1017.8,19
Delhi,2022-02-11,20.2,9.9,14.2,0.0,0.0,23.0,65,1016.4,0
Delhi,2022-02-12,21.1,9.4,14.3,0.0,0.0,17.7,67,1014.9,0
Delhi,2022-02-13,22.4,8.4,14.7,0.0,0.0,11.2,70,1013.6,0
Delhi,2022-02-14,23.1,9.2,15.5,0.0,0.0,10.7,70,1013.5,0
Delhi,2022-02-15,23.2,11.0,16.5,0.0,0.0,11.3,65,1013.5,1
Delhi,2022-02-16,23.7,10.0,16.2,0.0,0.0,13.0,69,1011.5,2
Delhi,2022-02-17,24.2,10.6,17.3,0.0,0.0,13.1,64,1011.1,4
Delhi,2022-02-18,25.0,10.0,17.3,0.0,0.0,15.5,61,1012.4,10
Delhi,2022-02-19,24.0,10.4,16.6,0.0,0.0,18.2,61,1013.8,0
Delhi,2022-02-20,23.7,12.5,17.2,0.0,0.0,24.8,57,1008.7,0
Delhi,2022-02-21,24.5,11.2,17.5,0.0,0.0,13.3,54,1008.3,1
Delhi,2022-02-22,25.4,12.5,18.6,0.0,0.0,30.2,56,1010.1,25
Delhi,2022-02-23,23.8,14.2,18.6,0.0,0.0,27.4,68,1013.9,34
Delhi,2022-02-24,25.0,12.3,18.2,0.0,0.0,12.7,72,1015.7,51
Delhi,2022-02-25,25.0,12.6,18.6,0.0,0.0,17.9,68,1016.2,18
Delhi,2022-02-26,23.5,14.3,17.8,1.5,1.5,25.3,69,1016.8,22
Delhi,2022-02-27,23.4,12.3,17.1,0.0,0.0,14.2,64,1018.3,10
Delhi,2022-02-28,23.0,10.9,16.4,0.0,0.0,15.4,63,1016.8,11
Delhi,2022-03-01,24.4,10.7,17.1,0.0,0.0,10.5,65,1016.9,5
Delhi,2022-03-02,25.6,11.3,18.5,0.0,0.0,9.6,62,1016.5,5
Delhi,2022-03-03,26.9,13.0,19.5,1.6,1.6,9.4,63,1015.2,28
Delhi,2022-03-04,25.1,13.3,18.8,0.0,0.0,16.7,70,1016.3,7
Delhi,2022-03-05,25.7,13.1,18.9,0.0,0.0,19.2,65,1014.6,1
Delhi,2022-03-06,26.3,13.9,19.6,0.0,0.0,11.3,63,1013.4,90
Delhi,2022-03-07,28.0,14.2,20.9,0.0,0.0,10.8,60,1014.7,49
Delhi,2022-03-08,29.6,14.2,21.5,0.0,0.0,14.3,57,1013.9,36
Delhi,2022-03-09,30.1,15.4,22.1,0.0,0.0,17.4,51,1012.8,20
Delhi,2022-03-10,29.0,16.4,22.2,0.0,0.0,19.6,51,1012.9,29
Delhi,2022-03-11,28.9,15.8,22.0,0.0,0.0,18.9,57,1012.8,0
Delhi,2022-03-12,30.0,15.3,22.2,0.0,0.0,16.3,54,1011.5,0
Delhi,2022-03-13,31.5,16.9,23.5,0.0,0.0,16.7,59,1011.0,0
Delhi,2022-03-14,31.9,16.1,24.2,0.0,0.0,12.9,64,1010.5,0
Delhi,2022-03-15,33.4,18.8,26.1,0.0,0.0,15.6,64,1007.7,0
Delhi,2022-03-16,34.6,19.9,27.0,0.0,0.0,24.5,58,1005.4,25
Delhi,2022-03-17,33.2,20.1,26.5,0.0,0.0,11.6,64,1006.3,13
Delhi,2022-03-18,34.0,21.8,27.3,0.0,0.0,13.8,66,1007.3,19
Delhi,2022-03-19,34.6,20.4,27.8,0.0,0.0,9.8,60,1005.3,5
Delhi,2022-03-20,36.1,21.8,28.1,0.0,0.0,13.4,48,1003.7,1
Delhi,2022-03-21,35.9,20.1,27.8,0.0,0.0,17.0,45,1006.2,1
Delhi,2022-03-22,34.9,20.7,27.8,0.0,0.0,25.0,43,1007.0,0
Delhi,2022-03-23,35.3,18.9,27.5,0.0,0.0,16.3,38,1006.7,9
Delhi,2022-03-24,34.4,20.7,27.4,0.0,0.0,21.3,37,1005.0,0
Delhi,2022-03-25,34.5,19.4,26.8,0.0,0.0,21.1,31,1006.6,0
Delhi,2022-03-26,34.7,19.7,27.2,0.0,0.0,30.5,30,1008.4,0
Delhi,2022-03-27,36.2,20.1,28.0,0.0,0.0,20.6,28,1008.1,0
Delhi,2022-03-28,37.6,20.2,28.9,0.0,0.0,18.1,28,1007.1,0
Delhi,2022-03-29,38.4,19.1,29.1,0.0,0.0,19.2,27,1005.1,0
Delhi,2022-03-30,38.3,20.6,29.4,0.0,0.0,12.9,28,1005.2,0
Delhi,2022-03-31,38.7,21.3,29.5,0.0,0.0,15.0,38,1005.8,0
Delhi,2022-04-01,35.9,21.5,28.9,0.0,0.0,20.4,26,1006.6,0
Delhi,2022-04-02,37.4,19.9,28.9,0.0,0.0,11.6,24,1007.8,0
Delhi,2022-04-03,38.8,21.9,30.1,0.0,0.0,14.2,19,1007.0,0
Delhi,2022-04-04,37.9,21.8,29.1,0.0,0.0,17.3,18,1007.0,14
Delhi,2022-04-05,38.2,20.8,29.4,0.0,0.0,17.9,20,1009.9,54
Delhi,2022-04-06,38.7,20.9,30.2,0.0,0.0,19.1,19,1009.7,29
Delhi,2022-04-07,39.3,21.4,31.0,0.0,0.0,18.3,18,1008.8,0
Delhi,2022-04-08,40.8,23.0,32.1,0.0,0.0,17.3,16,1006.2,0
Delhi,2022-04-09,41.6,22.4,32.9,0.0,0.0,18.3,16,1004.4,5
Delhi,2022-04-10,41.0,24.2,33.3,0.0,0.0,22.7,16,1003.7,0
Delhi,2022-04-11,41.4,24.5,32.9,0.0,0.0,17.1,18,1003.1,49
Delhi,2022-04-12,39.8,26.0,32.3,0.0,0.0,17.0,20,1003.1,94
Delhi,2022-04-13,38.9,23.8,32.5,0.0,0.0,17.5,20,1002.6,3
Delhi,2022-04-14,39.3,25.2,31.8,0.0,0.0,19.0,18,1002.3,19
Delhi,2022-04-15,38.9,24.0,31.1,0.0,0.0,19.7,20,1002.2,10
Delhi,2022-04-16,39.5,23.1,31.7,0.0,0.0,21.4,19,1001.9,2
Delhi,2022-04-17,40.6,24.0,32.0,0.0,0.0,15.7,19,1002.8,16
Delhi,2022-04-18,41.3,24.1,32.7,0.0,0.0,15.1,21,1004.6,2
Delhi,2022-04-19,41.8,25.2,34.1,0.0,0.0,24.0,17,1006.2,3
Delhi,2022-04-20,40.8,27.2,33.9,0.0,0.0,24.0,17,1005.0,50
Delhi,2022-04-21,36.7,26.3,31.5,0.0,0.0,26.9,23,1006.0,70
Delhi,2022-04-22,38.3,22.6,30.9,0.0,0.0,18.5,28,1007.1,2
Delhi,2022-04-23,39.2,23.8,31.6,0.0,0.0,16.3,20,1007.1,0
Delhi,2022-04-24,39.7,24.3,32.1,0.0,0.0,29.0,19,1005.3,6
Delhi,2022-04-25,40.5,25.1,33.0,0.0,0.0,19.6,20,1004.0,27
Delhi,2022-04-26,40.6,25.1,33.0,0.0,0.0,22.9,20,1004.3,4
Delhi,2022-04-27,41.2,23.9,33.2,0.0,0.0,19.4,17,1003.9,0
Delhi,2022-04-28,43.0,26.1,34.9,0.0,0.0,15.6,16,1003.6,7
Delhi,2022-04-29,43.5,27.1,35.8,0.0,0.0,22.3,14,1003.1,5
Delhi,2022-04-30,43.3,28.3,35.7,0.0,0.0,20.4,14,1000.3,4
Delhi,2022-05-01,41.4,26.4,33.0,0.0,0.0,27.5,31,999.9,21
Delhi,2022-05-02,40.9,26.1,32.6,0.0,0.0,22.3,37,1000.3,12
Delhi,2022-05-03,39.4,26.8,32.8,0.1,0.1,22.2,42,1002.8,19
Delhi,2022-05-04,39.2,26.1,31.0,0.2,0.2,28.0,47,1005.4,27
Delhi,2022-05-05,38.2,23.5,30.6,0.0,0.0,14.9,47,1005.5,4
Delhi,2022-05-06,39.3,25.7,32.3,0.0,0.0,14.8,33,1004.9,7
Delhi,2022-05-07,39.9,26.1,32.8,0.0,0.0,17.8,30,1004.5,5
Delhi,2022-05-08,41.2,25.5,33.0,0.0,0.0,18.8,34,1002.8,1
Delhi,2022-05-09,40.2,27.4,33.3,0.0,0.0,19.9,44,1002.6,5
Delhi,2022-05-10,39.7,28.2,33.4,0.0,0.0,16.8,45,1002.8,11
Delhi,2022-05-11,41.2,27.8,34.1,0.0,0.0,20.7,44,1001.0,6
Delhi,2022-05-12,42.7,28.7,35.1,0.0,0.0,23.7,41,999.4,3
Delhi,2022-05-13,43.7,27.8,35.0,0.0,0.0,27.0,42,996.7,2
Delhi,2022-05-14,44.3,27.6,35.9,0.0,0.0,18.0,26,996.9,0
Delhi,2022-05-15,45.4,29.6,37.7,0.0,0.0,24.7,15,997.9,24
Delhi,2022-05-16,42.0,31.5,36.4,0.0,0.0,26.1,22,998.4,54
Delhi,2022-05-17,39.1,28.0,32.9,0.4,0.4,27.9,42,999.8,23
Delhi,2022-05-18,42.3,27.6,34.8,0.0,0.0,13.1,32,1000.9,14
Delhi,2022-05-19,43.5,27.1,35.5,0.0,0.0,18.3,29,1000.5,1
Delhi,2022-05-20,45.2,28.2,36.8,0.0,0.0,27.8,22,997.4,22
Delhi,2022-05-21,40.6,29.4,35.1,0.0,0.0,23.5,28,995.8,45
Delhi,2022-05-22,40.0,25.8,33.4,0.0,0.0,25.8,33,994.6,9
Delhi,2022-05-23,31.5,22.0,26.2,25.5,25.5,34.3,65,998.5,63
Delhi,2022-05-24,33.1,21.5,26.9,0.0,0.0,21.0,64,1003.5,26
Delhi,2022-05-25,33.3,23.1,28.1,0.0,0.0,9.5,60,1004.7,5
Delhi,2022-05-26,35.5,23.8,29.6,0.0,0.0,12.7,54,1002.5,0
Delhi,2022-05-27,38.2,25.7,31.4,0.0,0.0,20.2,49,999.5,14
Delhi,2022-05-28,39.7,27.0,32.9,1.2,1.2,14.4,49,997.4,14
Delhi,2022-05-29,40.6,26.3,33.0,0.0,0.0,20.8,48,997.7,8
Delhi,2022-05-30,40.7,27.6,32.8,0.2,0.2,32.0,47,998.9,5
Delhi,2022-05-31,39.7,25.6,32.7,0.0,0.0,19.1,40,999.0,8
Delhi,2022-06-01,40.5,25.4,33.6,0.0,0.0,19.5,34,999.8,8
Delhi,2022-06-02,41.5,28.4,34.1,0.0,0.0,22.7,27,999.2,9
Delhi,2022-06-03,42.5,27.2,34.9,0.0,0.0,18.0,22,998.3,6
Delhi,2022-06-04,43.4,26.9,35.5,0.0,0.0,16.9,20,998.5,17
Delhi,2022-06-05,42.9,28.8,35.8,0.0,0.0,20.8,19,998.9,14
Delhi,2022-06-06,42.4,28.4,35.4,0.0,0.0,17.4,18,998.2,0
Delhi,2022-06-07,43.3,29.6,36.4,0.0,0.0,24.8,21,997.6,4
Delhi,2022-06-08,42.6,31.8,36.8,0.0,0.0,26.0,19,997.4,3
Delhi,2022-06-09,42.9,30.7,36.7,0.0,0.0,22.0,22,996.5,15
Delhi,2022-06-10,42.1,30.5,36.9,0.0,0.0,24.8,22,997.3,8
Delhi,2022-06-11,43.3,31.2,37.2,0.0,0.0,26.7,20,997.5,5
Delhi,2022-06-12,42.7,30.0,36.6,0.0,0.0,22.0,23,998.8,11
Delhi,2022-06-13,43.1,31.7,37.3,0.0,0.0,26.1,26,1000.3,24
Delhi,2022-06-14,38.5,31.0,34.7,0.0,0.0,28.0,39,1000.3,60
Delhi,2022-06-15,41.9,29.4,35.7,0.0,0.0,25.6,40,998.4,8
Delhi,2022-06-16,39.0,30.6,34.2,0.7,0.7,22.9,44,999.5,14
Delhi,2022-06-17,36.5,23.8,29.9,11.6,11.6,15.7,64,1000.6,21
Delhi,2022-06-18,34.5,24.9,29.7,0.9,0.9,24.6,65,1001.3,46
Delhi,2022-06-19,32.0,23.7,26.6,9.9,9.9,15.8,82,1001.3,88
Delhi,2022-06-20,32.6,22.7,27.5,0.1,0.1,10.1,73,999.2,45
Delhi,2022-06-21,32.1,24.3,27.9,9.3,9.3,11.2,72,998.6,28
Delhi,2022-06-22,34.5,24.1,29.5,13.0,13.0,12.3,65,1002.9,19
Delhi,2022-06-23,36.7,26.3,31.1,0.0,0.0,21.0,52,1003.6,15
Delhi,2022-06-24,37.4,24.3,30.9,0.0,0.0,17.6,45,1001.1,0
Delhi,2022-06-25,38.3,24.9,32.5,0.0,0.0,13.1,40,998.6,4
Delhi,2022-06-26,39.2,28.6,33.6,0.0,0.0,20.9,51,999.6,30
Delhi,2022-06-27,38.7,30.3,34.3,0.0,0.0,20.2,54,1000.4,48
Delhi,2022-06-28,41.0,28.1,34.2,0.9,0.9,16.3,56,997.7,78
Delhi,2022-06-29,41.9,29.3,33.9,0.0,0.0,23.1,58,995.2,91
Delhi,2022-06-30,31.3,26.4,28.6,1.4,1.4,22.4,79,998.4,100
Delhi,2022-07-01,32.0,24.8,28.1,1.0,1.0,9.7,81,999.0,96
Delhi,2022-07-02,35.0,26.1,29.9,2.3,2.3,14.3,74,997.5,58
Delhi,2022-07-03,34.4,25.4,29.2,4.5,4.5,15.1,81,998.7,81
Delhi,2022-07-04,35.2,25.9,30.7,15.5,15.5,9.4,75,998.1,76
Delhi,2022-07-05,36.4,27.0,32.0,0.2,0.2,15.5,70,997.8,82
Delhi,2022-07-06,35.8,28.6,30.8,4.0,4.0,19.8,75,1000.9,71
Delhi,2022-07-07,35.5,27.4,31.5,0.5,0.5,15.3,70,1002.6,64
Delhi,2022-07-08,36.9,29.0,32.6,0.1,0.1,15.9,63,999.8,33
Delhi,2022-07-09,34.1,28.6,31.0,1.2,1.2,18.2,69,998.3,91
Delhi,2022-07-10,33.2,27.2,29.5,7.5,7.5,10.7,77,999.9,89
Delhi,2022-07-11,35.0,26.9,31.2,0.1,0.1,8.2,71,1000.3,22
Delhi,2022-07-12,35.0,28.3,31.2,2.7,2.7,12.6,71,999.6,49
Delhi,2022-07-13,35.4,27.8,30.9,0.2,0.2,13.4,74,997.7,28
Delhi,2022-07-14,34.7,28.1,29.9,10.6,10.6,17.9,77,997.7,60
Delhi,2022-07-15,36.4,28.9,31.4,2.6,2.6,18.5,68,999.1,47
Delhi,2022-07-16,33.6,27.9,29.6,20.5,20.5,13.0,75,1000.4,60
Delhi,2022-07-17,34.2,25.7,29.6,10.3,10.3,16.8,80,1002.1,67
Delhi,2022-07-18,35.5,25.9,30.9,3.2,3.2,10.2,76,1000.7,26
Delhi,2022-07-19,35.3,27.4,31.0,1.7,1.7,18.5,75,999.5,59
Delhi,2022-07-20,33.4,26.6,28.9,26.9,26.9,16.7,83,999.5,99
Delhi,2022-07-21,30.7,24.6,27.8,16.5,16.5,10.4,84,1002.0,99
Delhi,2022-07-22,31.3,25.1,27.8,5.0,5.0,10.2,86,1003.3,100
Delhi,2022-07-23,30.9,25.0,27.7,15.4,15.4,21.1,85,1001.9,100
Delhi,2022-07-24,33.3,25.7,28.9,7.8,7.8,23.0,81,1001.5,91
Delhi,2022-07-25,32.5,25.8,28.7,9.9,9.9,24.7,79,1003.7,49
Delhi,2022-07-26,31.5,25.3,28.2,2.8,2.8,18.9,79,1004.9,57
Delhi,2022-07-27,32.1,25.3,28.3,4.9,4.9,16.6,81,1004.7,92
Delhi,2022-07-28,31.7,25.0,27.6,21.8,21.8,11.4,86,1005.7,97
Delhi,2022-07-29,30.2,24.7,27.3,16.9,16.9,14.3,87,1005.1,99
Delhi,2022-07-30,31.3,25.4,27.7,4.9,4.9,10.7,86,1003.1,100
Delhi,2022-07-31,32.9,25.5,28.4,1.0,1.0,10.5,81,1000.6,89
Delhi,2022-08-01,31.5,25.2,27.8,10.0,10.0,12.2,84,1000.9,74
Delhi,2022-08-02,33.4,25.8,29.3,0.3,0.3,12.9,78,1000.3,46
Delhi,2022-08-03,32.9,26.5,29.1,0.6,0.6,12.0,80,1001.8,95
Delhi,2022-08-04,31.5,26.4,28.1,1.7,1.7,14.0,85,1002.6,98
Delhi,2022-08-05,31.0,24.6,27.6,5.7,5.7,13.2,86,1001.2,68
Delhi,2022-08-06,32.4,25.6,28.7,1.9,1.9,6.3,83,999.1,69
Delhi,2022-08-07,30.7,25.2,27.7,18.6,18.6,13.8,85,999.2,99
Delhi,2022-08-08,33.3,24.8,29.0,0.2,0.2,7.9,80,998.8,76
Delhi,2022-08-09,33.5,27.4,30.3,0.4,0.4,17.2,77,998.5,40
Delhi,2022-08-10,34.5,27.6,30.9,0.4,0.4,18.5,72,996.9,44
Delhi,2022-08-11,28.7,26.6,27.8,3.8,3.8,25.5,82,999.4,85
Delhi,2022-08-12,33.7,25.2,29.3,0.2,0.2,26.8,72,999.1,33
Delhi,2022-08-13,33.2,26.3,29.4,0.8,0.8,20.9,75,999.0,21
Delhi,2022-08-14,32.7,26.2,27.9,5.5,5.5,17.3,85,1001.7,69
Delhi,2022-08-15,31.0,25.6,27.9,1.6,1.6,18.4,82,1002.9,91
Delhi,2022-08-16,30.3,25.4,27.4,8.4,8.4,32.4,79,1001.4,75
Delhi,2022-08-17,32.0,25.2,28.3,0.3,0.3,23.2,75,1002.5,28
Delhi,2022-08-18,33.4,25.5,29.2,0.8,0.8,13.5,73,1001.6,14
Delhi,2022-08-19,34.0,26.6,29.9,0.5,0.5,18.4,71,1001.5,48
Delhi,2022-08-20,30.6,24.6,27.8,6.8,6.8,12.4,81,1002.9,96
Delhi,2022-08-21,33.5,25.6,29.4,0.3,0.3,10.5,76,1000.9,85
Delhi,2022-08-22,32.9,25.8,29.2,6.5,6.5,16.2,77,999.1,99
Delhi,2022-08-23,33.1,25.9,29.3,1.2,1.2,32.7,71,1000.5,69
Delhi,2022-08-24,32.3,25.8,28.3,0.7,0.7,19.2,76,1004.8,82
Delhi,2022-08-25,33.6,25.1,29.1,0.5,0.5,7.0,73,1004.1,51
Delhi,2022-08-26,34.8,26.5,30.2,0.5,0.5,16.0,65,1003.3,28
Delhi,2022-08-27,35.0,27.6,30.6,1.2,1.2,21.1,61,1002.5,21
Delhi,2022-08-28,35.5,27.5,31.0,0.1,0.1,21.5,55,1002.9,47
Delhi,2022-08-29,34.8,27.2,30.1,0.6,0.6,14.1,61,1006.9,56
Delhi,2022-08-30,36.8,26.3,30.5,0.0,0.0,11.3,68,1007.3,51
Delhi,2022-08-31,36.8,27.7,31.4,0.2,0.2,19.8,61,1004.6,57
Delhi,2022-09-01,36.8,27.8,31.8,0.5,0.5,14.5,60,1004.5,95
Delhi,2022-09-02,36.7,27.4,31.9,0.0,0.0,13.1,58,1005.7,47
Delhi,2022-09-03,37.7,27.5,32.0,0.0,0.0,22.2,52,1003.2,11
Delhi,2022-09-04,36.9,27.7,32.1,0.0,0.0,21.0,51,1002.0,6
Delhi,2022-09-05,36.2,27.0,31.4,0.0,0.0,15.8,53,1003.8,10
Delhi,2022-09-06,37.4,27.1,31.7,0.0,0.0,11.9,52,1005.0,12
Delhi,2022-09-07,37.3,27.2,32.0,0.0,0.0,14.6,53,1006.8,5
Delhi,2022-09-08,36.6,26.6,31.8,0.0,0.0,12.9,53,1007.5,7
Delhi,2022-09-09,35.0,27.7,31.5,0.2,0.2,12.1,63,1007.1,13
Delhi,2022-09-10,34.3,24.8,30.2,3.1,3.1,16.2,69,1006.4,30
Delhi,2022-09-11,33.6,24.5,29.7,3.7,3.7,15.0,68,1004.4,35
Delhi,2022-09-12,35.1,26.9,30.2,1.0,1.0,16.6,64,1002.5,25
Delhi,2022-09-13,34.3,25.2,29.5,1.6,1.6,28.8,67,1003.2,41
Delhi,2022-09-14,30.5,25.2,27.5,6.1,6.1,30.2,77,1003.9,72
Delhi,2022-09-15,30.1,24.2,26.1,9.2,9.2,23.2,86,1002.3,84
Delhi,2022-09-16,30.9,23.4,26.2,13.4,13.4,15.1,84,999.9,74
Delhi,2022-09-17,33.5,23.6,27.4,0.8,0.8,14.5,78,1001.9,39
Delhi,2022-09-18,33.2,23.3,28.0,0.4,0.4,12.1,79,1004.9,16
Delhi,2022-09-19,33.5,24.7,28.5,0.0,0.0,13.0,75,1005.2,13
Delhi,2022-09-20,32.0,23.9,27.2,2.4,2.4,9.3,84,1005.3,56
Delhi,2022-09-21,31.5,24.5,27.4,1.7,1.7,10.5,84,1005.1,68
Delhi,2022-09-22,26.8,23.6,25.0,33.9,33.9,17.7,92,1004.5,100
Delhi,2022-09-23,28.1,23.5,24.7,48.2,48.2,17.7,94,1003.7,100
Delhi,2022-09-24,27.0,23.4,24.6,41.5,41.5,22.8,94,1002.2,100
Delhi,2022-09-25,30.8,23.6,26.3,0.9,0.9,16.0,84,1004.7,40
Delhi,2022-09-26,31.0,22.6,26.7,0.1,0.1,14.8,83,1008.3,26
Delhi,2022-09-27,31.4,22.6,26.6,0.0,0.0,13.5,79,1007.0,7
Delhi,2022-09-28,32.1,22.9,27.2,0.2,0.2,10.5,76,1005.8,6
Delhi,2022-09-29,31.7,22.8,27.1,0.0,0.0,14.8,76,1005.9,2
Delhi,2022-09-30,31.9,23.0,27.3,0.0,0.0,14.3,76,1006.2,5
Delhi,2022-10-01,32.6,23.2,28.0,0.0,0.0,12.0,72,1005.3,4
Delhi,2022-10-02,33.1,22.8,28.0,0.0,0.0,13.4,66,1005.7,4
Delhi,2022-10-03,33.2,23.1,27.7,0.0,0.0,22.9,61,1006.5,0
Delhi,2022-10-04,32.7,23.1,27.7,0.0,0.0,15.1,67,1008.0,11
Delhi,2022-10-05,31.7,22.9,27.1,0.1,0.1,14.6,77,1007.8,32
Delhi,2022-10-06,30.7,23.1,26.4,0.0,0.0,13.4,75,1008.3,37
Delhi,2022-10-07,26.2,23.0,24.5,1.1,1.1,14.8,82,1009.6,98
Delhi,2022-10-08,23.6,21.5,22.5,37.2,37.2,16.2,95,1010.3,100
Delhi,2022-10-09,25.9,21.0,22.6,47.1,47.1,18.1,93,1009.2,99
Delhi,2022-10-10,27.7,21.3,23.4,1.6,1.6,14.9,88,1010.5,63
Delhi,2022-10-11,26.6,20.9,23.4,2.7,2.7,9.4,87,1009.9,63
Delhi,2022-10-12,28.3,20.0,23.8,0.0,0.0,10.7,83,1011.0,27
Delhi,2022-10-13,29.0,19.0,23.8,0.0,0.0,14.1,72,1012.0,1
Delhi,2022-10-14,29.4,19.0,23.7,0.0,0.0,14.8,68,1011.9,0
Delhi,2022-10-15,29.6,18.7,23.9,0.0,0.0,12.3,69,1011.1,0
Delhi,2022-10-16,29.9,18.2,24.1,0.0,0.0,9.9,69,1013.4,0
Delhi,2022-10-17,30.3,18.3,24.2,0.0,0.0,10.8,63,1013.4,0
Delhi,2022-10-18,30.4,18.3,24.3,0.0,0.0,10.8,60,1011.8,0
Delhi,2022-10-19,30.1,18.7,23.7,0.0,0.0,12.1,66,1011.6,0
Delhi,2022-10-20,30.3,18.6,23.5,1.1,1.1,11.2,64,1013.2,4
Delhi,2022-10-21,29.9,17.2,24.0,0.0,0.0,9.7,65,1015.4,0
Delhi,2022-10-22,29.0,18.1,22.8,0.0,0.0,11.8,67,1016.5,0
Delhi,2022-10-23,28.5,16.0,22.0,0.0,0.0,8.7,63,1015.5,0
Delhi,2022-10-24,29.4,16.6,22.2,0.0,0.0,13.0,61,1011.0,0
Delhi,2022-10-25,29.2,16.2,22.1,0.0,0.0,18.7,56,1009.2,0
Delhi,2022-10-26,29.8,16.9,23.1,0.0,0.0,9.1,62,1012.7,0
Delhi,2022-10-27,30.0,16.9,24.0,0.0,0.0,9.4,61,1012.9,0
Delhi,2022-10-28,29.9,17.0,23.2,0.0,0.0,9.6,65,1012.9,0
Delhi,2022-10-29,29.3,17.3,23.4,0.0,0.0,8.3,63,1013.9,0
Delhi,2022-10-30,29.5,16.7,23.0,0.0,0.0,11.2,63,1014.2,0
Delhi,2022-10-31,29.2,16.2,23.2,0.0,0.0,8.4,63,1014.1,0
Delhi,2022-11-01,30.1,17.3,23.4,0.0,0.0,10.3,68,1014.2,0
Delhi,2022-11-02,29.2,17.7,23.1,0.0,0.0,13.9,70,1012.5,0
Delhi,2022-11-03,30.4,18.0,23.4,0.0,0.0,13.9,66,1011.8,18
Delhi,2022-11-04,30.6,20.7,24.8,0.0,0.0,8.7,65,1013.1,8
Delhi,2022-11-05,29.9,19.5,23.9,0.0,0.0,13.2,77,1015.1,12
Delhi,2022-11-06,29.3,19.0,23.4,0.0,0.0,9.4,78,1015.5,73
Delhi,2022-11-07,30.4,18.3,23.4,0.6,0.6,14.3,72,1014.7,47
Delhi,2022-11-08,28.6,17.7,21.8,6.9,6.9,25.2,75,1015.4,61
Delhi,2022-11-09,27.0,16.4,22.1,0.1,0.1,8.2,70,1015.6,7
Delhi,2022-11-10,25.8,17.2,21.1,0.0,0.0,12.8,74,1016.8,10
Delhi,2022-11-11,26.2,15.5,20.1,0.0,0.0,18.3,64,1017.1,0
Delhi,2022-11-12,26.2,15.4,20.0,0.0,0.0,19.7,59,1016.4,0
Delhi,2022-11-13,26.5,14.8,19.9,0.0,0.0,19.2,63,1015.0,25
Delhi,2022-11-14,27.5,15.1,20.9,0.0,0.0,15.3,62,1015.5,27
Delhi,2022-11-15,26.5,15.3,20.3,0.0,0.0,11.8,66,1015.4,11
Delhi,2022-11-16,25.1,15.8,19.4,0.0,0.0,17.0,60,1014.6,2
Delhi,2022-11-17,24.3,13.4,18.1,0.0,0.0,21.3,61,1014.6,0
Delhi,2022-11-18,24.2,12.2,17.3,0.0,0.0,13.1,57,1015.8,5
Delhi,2022-11-19,24.1,11.6,17.7,0.0,0.0,10.0,59,1016.4,36
Delhi,2022-11-20,25.0,11.6,17.5,0.0,0.0,13.2,62,1014.8,36
Delhi,2022-11-21,25.4,12.4,18.0,0.0,0.0,15.6,58,1013.9,0
Delhi,2022-11-22,25.0,12.6,17.9,0.0,0.0,14.8,55,1013.9,0
Delhi,2022-11-23,24.9,11.7,17.6,0.0,0.0,18.3,50,1014.2,0
Delhi,2022-11-24,24.9,12.1,17.2,0.0,0.0,14.6,54,1014.2,0
Delhi,2022-11-25,24.7,11.1,17.3,0.0,0.0,11.0,57,1016.4,1
Delhi,2022-11-26,24.8,11.6,17.2,0.0,0.0,15.1,57,1013.3,11
Delhi,2022-11-27,24.6,11.1,16.9,0.0,0.0,9.7,65,1011.5,15
Delhi,2022-11-28,24.3,10.0,17.4,0.0,0.0,9.1,63,1013.1,0
Delhi,2022-11-29,24.0,10.3,16.8,0.0,0.0,9.2,68,1015.2,36
Delhi,2022-11-30,23.8,11.5,16.8,0.0,0.0,9.4,71,1016.3,19
Delhi,2022-12-01,23.5,11.1,16.5,0.0,0.0,11.1,74,1015.2,2
Delhi,2022-12-02,23.4,11.0,16.7,0.0,0.0,8.1,74,1014.2,44
Delhi,2022-12-03,23.7,11.0,17.1,0.0,0.0,7.6,73,1014.9,6
Delhi,2022-12-04,23.5,11.3,16.5,0.0,0.0,12.0,74,1015.6,0
Delhi,2022-12-05,22.3,10.4,15.5,0.0,0.0,8.3,74,1017.4,0
Delhi,2022-12-06,22.6,11.0,16.0,0.0,0.0,17.6,69,1016.2,0
Delhi,2022-12-07,23.0,11.3,16.3,0.0,0.0,21.2,68,1015.3,0
Delhi,2022-12-08,22.8,10.9,16.0,0.0,0.0,15.2,73,1015.9,0
Delhi,2022-12-09,23.5,10.7,16.3,0.0,0.0,12.6,76,1014.7,0
Delhi,2022-12-10,25.0,10.5,16.9,0.0,0.0,11.2,71,1014.9,0
Delhi,2022-12-11,25.2,11.5,17.3,0.0,0.0,12.1,69,1015.4,0
Delhi,2022-12-12,24.6,11.5,16.9,0.0,0.0,13.2,62,1014.7,0
Delhi,2022-12-13,24.4,11.3,16.8,0.0,0.0,20.4,53,1016.1,0
Delhi,2022-12-14,22.1,11.2,15.7,0.0,0.0,19.4,55,1016.1,0
Delhi,2022-12-15,21.6,9.0,14.6,0.0,0.0,17.1,57,1015.0,0
Delhi,2022-12-16,21.2,8.6,14.0,0.0,0.0,13.1,66,1014.0,0
Delhi,2022-12-17,21.7,8.3,14.1,0.0,0.0,11.9,69,1015.7,0
Delhi,2022-12-18,21.5,8.3,14.3,0.0,0.0,9.6,76,1016.1,0
Delhi,2022-12-19,21.4,8.9,14.1,0.0,0.0,10.1,79,1014.7,72
Delhi,2022-12-20,20.8,8.6,13.6,0.0,0.0,10.1,77,1014.0,33
Delhi,2022-12-21,20.5,7.6,13.0,0.0,0.0,10.0,79,1015.5,0
Delhi,2022-12-22,20.3,8.5,12.9,0.0,0.0,10.5,79,1015.2,2
Delhi,2022-12-23,18.9,7.7,12.2,0.0,0.0,10.7,82,1014.7,46
Delhi,2022-12-24,18.9,8.5,12.4,0.0,0.0,15.0,75,1016.3,10
Delhi,2022-12-25,17.1,6.5,10.9,0.0,0.0,13.7,81,1017.2,12
Delhi,2022-12-26,18.4,6.3,11.1,0.0,0.0,10.9,83,1018.9,1
Delhi,2022-12-27,18.8,7.1,11.9,0.0,0.0,18.4,79,1018.4,27
Delhi,2022-12-28,19.6,7.8,13.1,0.0,0.0,19.8,72,1017.8,10
Delhi,2022-12-29,20.2,9.4,14.1,0.0,0.0,12.2,74,1018.6,34
Delhi,2022-12-30,20.7,11.1,14.9,0.0,0.0,13.9,75,1019.1,25
Delhi,2022-12-31,19.0,9.6,13.1,0.0,0.0,17.3,82,1019.7,4
Delhi,2023-01-01,18.3,7.9,12.5,0.0,0.0,8.7,79,1020.7,27
Delhi,2023-01-02,18.2,6.3,12.2,0.0,0.0,9.2,78,1021.6,0
Delhi,2023-01-03,16.6,6.0,10.6,0.0,0.0,9.7,85,1022.7,30
Delhi,2023-01-04,16.5,5.4,9.7,0.0,0.0,11.2,87,1023.1,17
Delhi,2023-01-05,15.4,5.4,8.9,0.0,0.0,10.2,89,1024.1,41
Delhi,2023-01-06,14.1,4.8,8.3,0.0,0.0,10.9,87,1024.8,65
Delhi,2023-01-07,15.3,3.8,8.2,0.0,0.0,13.2,87,1022.8,42
Delhi,2023-01-08,17.1,5.7,10.1,0.0,0.0,14.2,88,1019.8,24
Delhi,2023-01-09,17.4,5.7,11.1,0.0,0.0,7.7,88,1020.5,88
Delhi,2023-01-10,18.4,7.5,11.5,0.0,0.0,14.4,89,1019.5,51
Delhi,2023-01-11,19.7,7.6,12.1,0.0,0.0,13.7,86,1015.2,55
Delhi,2023-01-12,20.1,9.8,14.5,0.1,0.1,16.0,81,1012.8,39
Delhi,2023-01-13,18.6,10.6,13.9,18.2,18.2,16.6,87,1013.7,34
Delhi,2023-01-14,17.0,8.0,12.1,0.0,0.0,17.1,76,1017.1,30
Delhi,2023-01-15,15.3,5.5,9.4,0.0,0.0,15.9,66,1016.2,4
Delhi,2023-01-16,15.5,3.7,9.0,0.0,0.0,13.3,64,1017.3,1
Delhi,2023-01-17,16.4,3.6,9.0,0.0,0.0,14.4,64,1017.9,0
Delhi,2023-01-18,16.6,3.2,9.2,0.0,0.0,10.6,65,1019.6,5
Delhi,2023-01-19,18.4,6.4,12.2,0.3,0.3,15.5,64,1019.5,62
Delhi,2023-01-20,19.7,9.7,14.0,0.0,0.0,14.9,70,1017.6,37
Delhi,2023-01-21,20.5,7.0,13.2,0.0,0.0,8.7,79,1017.1,0
Delhi,2023-01-22,21.7,8.1,14.1,0.0,0.0,10.6,71,1016.1,21
Delhi,2023-01-23,22.8,8.4,15.5,0.0,0.0,10.0,64,1015.5,23
Delhi,2023-01-24,21.2,13.1,16.9,11.3,11.3,23.2,82,1014.3,70
Delhi,2023-01-25,21.1,11.9,16.4,1.0,1.0,11.5,83,1015.9,50
Delhi,2023-01-26,19.0,9.9,14.3,0.0,0.0,16.4,77,1018.6,22
Delhi,2023-01-27,18.6,7.5,12.1,0.0,0.0,17.4,68,1018.6,0
Delhi,2023-01-28,20.7,6.5,12.5,0.0,0.0,15.3,69,1015.5,4
Delhi,2023-01-29,16.4,8.3,12.8,4.2,4.2,15.2,84,1014.7,96
Delhi,2023-01-30,16.2,10.4,13.2,10.2,10.2,22.3,87,1018.1,72
Delhi,2023-01-31,20.5,9.7,14.1,0.0,0.0,20.7,84,1019.1,33
Delhi,2023-02-01,19.9,9.4,13.7,0.0,0.0,19.7,75,1018.0,0
Delhi,2023-02-02,21.5,9.4,14.7,0.0,0.0,19.4,65,1016.6,0
Delhi,2023-02-03,22.4,9.6,15.0,0.0,0.0,16.7,69,1016.4,0
Delhi,2023-02-04,22.7,10.3,15.9,0.0,0.0,18.7,66,1013.9,0
Delhi,2023-02-05,23.3,11.0,17.0,0.0,0.0,14.3,63,1012.7,0
Delhi,2023-02-06,25.1,10.4,17.6,0.0,0.0,11.5,70,1011.8,8
Delhi,2023-02-07,23.4,13.1,17.1,0.0,0.0,18.2,70,1011.7,0
Delhi,2023-02-08,22.6,10.2,15.7,0.0,0.0,16.1,55,1014.1,15
Delhi,2023-02-09,25.8,10.0,17.3,0.0,0.0,15.3,63,1012.4,17
Delhi,2023-02-10,25.5,12.9,18.6,0.0,0.0,15.9,72,1011.3,20
Delhi,2023-02-11,25.9,13.3,18.9,0.0,0.0,16.6,63,1013.5,2
Delhi,2023-02-12,21.9,10.6,15.8,0.0,0.0,23.8,47,1017.9,0
Delhi,2023-02-13,21.0,9.8,15.0,0.0,0.0,27.9,35,1016.2,0
Delhi,2023-02-14,23.5,11.0,16.8,0.0,0.0,19.3,44,1015.8,5
Delhi,2023-02-15,25.7,12.8,18.3,0.0,0.0,20.9,55,1013.1,0
Delhi,2023-02-16,26.2,11.5,18.3,0.0,0.0,11.0,71,1014.7,28
Delhi,2023-02-17,26.7,13.3,19.6,0.0,0.0,9.9,77,1016.0,51
Delhi,2023-02-18,26.4,12.5,19.0,0.0,0.0,10.5,78,1015.2,12
Delhi,2023-02-19,27.9,14.8,21.0,0.0,0.0,10.4,70,1014.0,41
Delhi,2023-02-20,30.7,15.3,22.3,0.0,0.0,12.0,65,1011.1,66
Delhi,2023-02-21,29.1,15.1,21.9,0.0,0.0,14.2,58,1010.5,23
Delhi,2023-02-22,28.4,13.5,20.5,0.0,0.0,14.1,63,1012.5,44
Delhi,2023-02-23,27.4,14.0,20.0,0.0,0.0,18.9,53,1012.9,0
Delhi,2023-02-24,27.9,13.0,19.8,0.0,0.0,14.5,51,1014.6,62
Delhi,2023-02-25,28.4,13.4,21.0,0.0,0.0,9.9,54,1016.3,2
Delhi,2023-02-26,29.5,14.4,22.3,0.0,0.0,13.1,51,1017.8,4
Delhi,2023-02-27,29.8,15.6,22.2,0.0,0.0,15.0,53,1017.4,27
Delhi,2023-02-28,29.3,14.3,21.6,0.0,0.0,15.7,49,1017.5,32
Delhi,2023-03-01,29.7,15.7,21.8,0.0,0.0,17.5,50,1018.7,38
Delhi,2023-03-02,30.0,15.2,22.1,0.0,0.0,14.8,55,1018.6,9
Delhi,2023-03-03,30.6,16.8,22.6,0.0,0.0,18.1,56,1019.0,11
Delhi,2023-03-04,29.8,17.5,22.4,0.0,0.0,17.3,54,1019.2,36
Delhi,2023-03-05,29.6,16.3,22.4,0.0,0.0,20.8,53,1018.1,6
Delhi,2023-03-06,28.7,15.9,21.7,0.0,0.0,17.9,50,1015.9,14
Delhi,2023-03-07,28.7,15.8,21.8,0.0,0.0,13.8,48,1015.6,54
Delhi,2023-03-08,28.2,14.8,21.3,0.2,0.2,14.5,54,1016.7,52
Delhi,2023-03-09,27.5,15.9,21.0,0.5,0.5,13.8,62,1016.8,13
Delhi,2023-03-10,29.2,15.5,22.3,0.0,0.0,15.1,58,1015.8,0
Delhi,2023-03-11,30.0,16.2,23.2,0.0,0.0,13.0,51,1015.3,3
Delhi,2023-03-12,31.9,17.1,24.3,0.0,0.0,11.9,49,1014.5,20
Delhi,2023-03-13,32.1,17.5,24.3,0.0,0.0,15.8,49,1013.2,59
Delhi,2023-03-14,31.6,17.2,24.2,0.0,0.0,22.2,49,1010.3,7
Delhi,2023-03-15,32.3,17.2,24.8,0.0,0.0,20.4,43,1009.3,53
Delhi,2023-03-16,31.9,19.0,24.5,0.1,0.1,23.0,42,1010.1,96
Delhi,2023-03-17,28.5,19.5,22.9,1.7,1.7,16.7,55,1011.9,77
Delhi,2023-03-18,26.8,16.7,20.4,0.3,0.3,22.3,75,1011.2,54
Delhi,2023-03-19,25.2,15.2,19.8,0.7,0.7,12.0,83,1009.3,83
Delhi,2023-03-20,23.7,16.1,18.7,24.3,24.3,17.5,87,1008.3,100
Delhi,2023-03-21,23.1,14.6,18.3,3.2,3.2,10.8,84,1009.4,40
Delhi,2023-03-22,26.3,14.0,19.5,0.0,0.0,10.1,75,1010.7,42
Delhi,2023-03-23,28.0,15.5,21.5,0.0,0.0,14.7,65,1009.3,30
Delhi,2023-03-24,27.5,17.3,21.6,15.8,15.8,23.1,69,1009.2,63
Delhi,2023-03-25,26.3,17.4,21.2,1.1,1.1,19.8,78,1011.8,24
Delhi,2023-03-26,27.6,16.5,21.8,0.0,0.0,14.0,62,1011.4,5
Delhi,2023-03-27,26.8,15.5,20.8,0.0,0.0,18.3,62,1010.7,0
Delhi,2023-03-28,28.2,15.2,21.8,0.0,0.0,17.4,61,1010.3,40
Delhi,2023-03-29,30.8,16.7,23.3,0.2,0.2,11.8,55,1010.6,46
Delhi,2023-03-30,30.8,17.5,21.8,5.7,5.7,20.1,70,1009.2,50
Delhi,2023-03-31,24.2,17.0,19.6,9.4,9.4,17.4,83,1009.0,82
Delhi,2023-04-01,25.7,15.1,20.1,0.9,0.9,12.6,79,1009.7,26
Delhi,2023-04-02,28.3,15.9,22.2,0.0,0.0,16.8,69,1008.5,27
Delhi,2023-04-03,31.3,16.4,23.3,0.0,0.0,14.8,61,1007.0,9
Delhi,2023-04-04,28.0,17.2,22.2,0.2,0.2,15.6,61,1009.3,13
Delhi,2023-04-05,30.2,16.3,22.9,0.0,0.0,15.3,50,1010.0,0
Delhi,2023-04-06,31.3,16.7,23.9,0.0,0.0,16.5,41,1012.0,7
Delhi,2023-04-07,31.3,17.4,24.3,0.0,0.0,15.9,37,1013.7,0
Delhi,2023-04-08,31.8,17.1,24.4,0.0,0.0,16.2,34,1014.4,0
Delhi,2023-04-09,33.1,18.0,26.2,0.0,0.0,16.6,30,1014.1,0
Delhi,2023-04-10,33.3,19.7,26.4,0.0,0.0,15.5,29,1012.3,18
Delhi,2023-04-11,35.9,19.4,27.7,0.0,0.0,25.1,28,1011.4,27
Delhi,2023-04-12,36.4,23.1,29.4,0.0,0.0,24.6,27,1010.9,44
Delhi,2023-04-13,37.2,22.2,29.5,0.0,0.0,19.6,28,1009.2,37
Delhi,2023-04-14,37.3,21.8,29.5,0.0,0.0,17.2,27,1008.3,50
Delhi,2023-04-15,39.1,22.0,30.9,0.0,0.0,14.5,23,1007.6,1
Delhi,2023-04-16,39.2,22.7,31.3,0.0,0.0,18.3,25,1006.7,19
Delhi,2023-04-17,39.1,24.4,32.5,0.0,0.0,15.3,25,1006.4,6
Delhi,2023-04-18,39.1,25.5,32.6,0.0,0.0,23.5,23,1007.6,19
Delhi,2023-04-19,37.3,25.1,29.8,0.0,0.0,23.1,35,1005.7,63
Delhi,2023-04-20,34.7,23.3,28.1,0.0,0.0,15.5,44,1002.7,82
Delhi,2023-04-21,35.2,22.4,28.8,0.0,0.0,15.3,34,1003.7,25
Delhi,2023-04-22,35.1,20.8,28.6,0.0,0.0,17.2,26,1004.6,11
Delhi,2023-04-23,33.9,20.9,26.9,0.0,0.0,19.5,27,1006.5,65
Delhi,2023-04-24,31.9,20.0,26.1,0.0,0.0,17.7,35,1010.2,47
Delhi,2023-04-25,33.2,20.6,27.1,0.0,0.0,16.8,37,1011.4,20
Delhi,2023-04-26,35.6,22.1,28.9,0.0,0.0,11.9,32,1007.9,58
Delhi,2023-04-27,35.8,23.6,29.1,0.0,0.0,18.2,30,1007.7,79
Delhi,2023-04-28,33.5,22.4,27.9,0.0,0.0,9.6,36,1008.6,86
Delhi,2023-04-29,33.3,21.8,26.5,0.6,0.6,18.9,49,1007.8,84
Delhi,2023-04-30,30.4,21.2,24.6,1.4,1.4,20.2,61,1007.2,88
Delhi,2023-05-01,27.8,19.8,22.1,5.4,5.4,12.8,80,1007.6,96
Delhi,2023-05-02,28.0,19.3,22.5,5.4,5.4,18.4,81,1009.1,87
Delhi,2023-05-03,28.2,19.9,22.4,6.8,6.8,14.8,81,1010.4,61
Delhi,2023-05-04,29.7,18.7,24.2,0.0,0.0,7.8,73,1009.7,21
Delhi,2023-05-05,30.8,20.6,25.9,5.4,5.4,13.5,59,1007.9,22
Delhi,2023-05-06,35.4,20.7,27.4,0.0,0.0,21.7,48,1005.9,12
Delhi,2023-05-07,36.1,22.0,28.9,0.0,0.0,17.4,39,1004.7,15
Delhi,2023-05-08,36.6,21.9,29.2,0.0,0.0,22.2,40,1004.1,17
Delhi,2023-05-09,37.1,21.4,29.5,0.0,0.0,21.1,34,1006.5,0
Delhi,2023-05-10,36.5,21.9,29.7,0.0,0.0,22.9,22,1006.1,0
Delhi,2023-05-11,38.9,22.1,31.0,0.0,0.0,16.1,22,1006.5,1
Delhi,2023-05-12,41.7,23.1,33.3,0.0,0.0,16.0,22,1005.0,11
Delhi,2023-05-13,41.5,25.1,33.3,0.0,0.0,13.7,25,1004.2,11
Delhi,2023-05-14,40.5,26.5,32.5,0.0,0.0,25.0,28,1001.7,24
Delhi,2023-05-15,40.5,25.2,33.4,0.0,0.0,14.3,25,1001.0,4
Delhi,2023-05-16,38.6,26.8,32.4,0.0,0.0,26.2,28,1003.2,48
Delhi,2023-05-17,40.9,26.0,33.2,0.0,0.0,20.6,26,1004.5,30
Delhi,2023-05-18,38.0,23.9,31.0,0.0,0.0,21.6,38,1008.2,26
Delhi,2023-05-19,37.9,25.9,31.6,0.0,0.0,21.6,35,1005.8,0
Delhi,2023-05-20,40.0,24.8,32.8,0.0,0.0,24.1,28,1003.5,1
Delhi,2023-05-21,42.4,25.4,34.8,0.0,0.0,23.0,22,1003.5,19
Delhi,2023-05-22,42.1,29.8,36.1,0.0,0.0,28.0,20,1004.1,48
Delhi,2023-05-23,43.6,30.0,35.3,1.0,1.0,28.0,28,1004.3,65
Delhi,2023-05-24,37.7,26.3,30.8,0.2,0.2,18.5,47,1004.7,91
Delhi,2023-05-25,33.9,23.4,28.2,0.2,0.2,19.5,58,1004.9,47
Delhi,2023-05-26,34.5,22.7,28.5,0.0,0.0,9.4,55,1005.6,32
Delhi,2023-05-27,33.8,21.0,27.1,19.2,19.2,36.1,64,1005.5,51
Delhi,2023-05-28,33.8,24.0,27.4,0.3,0.3,18.1,66,1006.2,61
Delhi,2023-05-29,34.1,22.5,27.1,1.2,1.2,20.0,70,1008.0,73
Delhi,2023-05-30,34.1,22.7,27.3,0.1,0.1,17.4,65,1008.0,33
Delhi,2023-05-31,30.9,21.6,24.9,2.9,2.9,24.8,74,1007.1,32
Delhi,2023-06-01,33.6,19.9,26.4,0.4,0.4,16.4,65,1006.5,28
Delhi,2023-06-02,33.0,22.0,27.5,1.3,1.3,17.8,57,1005.7,26
Delhi,2023-06-03,34.9,22.7,29.2,0.0,0.0,11.7,52,1005.5,24
Delhi,2023-06-04,36.2,23.9,29.3,1.6,1.6,13.5,58,1005.2,40
Delhi,2023-06-05,37.1,25.1,30.4,0.1,0.1,26.8,52,1003.7,17
Delhi,2023-06-06,38.8,24.1,31.4,0.0,0.0,19.0,43,1003.3,14
Delhi,2023-06-07,38.4,25.0,32.1,0.0,0.0,20.5,37,1003.2,3
Delhi,2023-06-08,39.3,25.1,32.7,0.0,0.0,21.6,35,1002.5,7
Delhi,2023-06-09,40.8,26.0,34.2,0.0,0.0,21.9,34,999.4,11
Delhi,2023-06-10,40.4,26.5,34.4,0.0,0.0,21.4,38,998.3,16
Delhi,2023-06-11,39.2,28.2,33.8,0.0,0.0,21.9,45,998.5,4
Delhi,2023-06-12,41.0,29.0,34.9,0.0,0.0,26.9,44,997.9,5
Delhi,2023-06-13,41.9,30.2,36.2,0.0,0.0,30.6,35,997.7,6
Delhi,2023-06-14,40.5,30.7,35.6,0.0,0.0,30.0,36,998.8,12
Delhi,2023-06-15,37.4,30.3,33.2,0.4,0.4,30.8,47,1000.3,10
Delhi,2023-06-16,38.7,27.4,32.2,1.2,1.2,28.1,51,1000.5,30
Delhi,2023-06-17,39.3,26.3,32.9,0.3,0.3,15.2,54,1000.2,62
Delhi,2023-06-18,38.7,28.4,32.1,4.0,4.0,17.7,60,1000.2,62
Delhi,2023-06-19,32.3,27.4,29.6,6.6,6.6,12.9,71,999.2,88
Delhi,2023-06-20,36.5,26.1,30.6,16.6,16.6,20.6,67,999.0,41
Delhi,2023-06-21,35.6,25.7,29.3,20.3,20.3,18.0,77,1000.2,65
Delhi,2023-06-22,36.1,27.1,31.4,2.7,2.7,17.2,72,1000.0,76
Delhi,2023-06-23,35.4,26.1,30.8,6.1,6.1,18.4,76,1000.0,90
Delhi,2023-06-24,34.5,27.7,30.9,10.7,10.7,17.7,75,999.3,94
Delhi,2023-06-25,32.3,25.8,28.0,13.6,13.6,15.2,86,1000.6,100
Delhi,2023-06-26,32.8,25.1,28.0,5.8,5.8,7.6,84,1001.4,93
Delhi,2023-06-27,33.6,25.2,28.7,8.1,8.1,17.7,82,1000.6,79
Delhi,2023-06-28,34.0,26.0,29.1,12.2,12.2,13.5,81,1001.8,43
Delhi,2023-06-29,32.4,25.8,28.5,11.7,11.7,16.9,83,1000.9,70
Delhi,2023-06-30,33.9,25.3,28.8,12.7,12.7,13.4,81,999.5,74
Delhi,2023-07-01,33.7,24.6,29.1,1.9,1.9,23.2,78,1000.1,29
Delhi,2023-07-02,35.3,25.9,30.5,0.9,0.9,10.5,73,1000.7,36
Delhi,2023-07-03,36.6,27.1,31.1,4.5,4.5,20.7,72,1000.2,23
Delhi,2023-07-04,36.7,26.1,30.7,2.5,2.5,16.6,74,998.6,16
Delhi,2023-07-05,33.6,24.4,29.1,13.0,13.0,16.3,81,999.0,65
Delhi,2023-07-06,33.1,25.3,29.0,4.8,4.8,14.7,77,1000.8,71
Delhi,2023-07-07,33.3,24.9,28.5,10.0,10.0,15.8,83,1001.6,98
Delhi,2023-07-08,29.6,26.1,27.2,34.4,34.4,21.9,91,1001.7,100
Delhi,2023-07-09,30.8,25.1,27.0,29.7,29.7,16.5,91,1001.0,100
Delhi,2023-07-10,31.0,25.8,27.6,34.1,34.1,13.0,90,1001.0,98
Delhi,2023-07-11,33.3,25.2,28.5,2.9,2.9,11.6,84,1000.8,82
Delhi,2023-07-12,33.5,25.7,28.5,9.6,9.6,15.0,86,1000.5,80
Delhi,2023-07-13,33.2,26.0,29.1,5.2,5.2,14.7,82,1000.6,64
Delhi,2023-07-14,33.8,25.7,28.5,21.1,21.1,14.4,83,1001.6,96
Delhi,2023-07-15,33.3,26.0,28.6,17.7,17.7,20.7,86,1001.2,94
Delhi,2023-07-16,32.9,25.2,28.6,21.9,21.9,12.9,85,1001.2,90
Delhi,2023-07-17,33.3,26.3,29.0,11.8,11.8,10.1,85,1000.2,87
Delhi,2023-07-18,31.7,25.4,28.2,13.4,13.4,15.5,86,1000.2,97
Delhi,2023-07-19,33.0,26.3,28.9,9.3,9.3,13.0,86,1000.1,71
Delhi,2023-07-20,35.2,26.9,29.8,23.7,23.7,16.8,81,999.9,38
Delhi,2023-07-21,35.6,26.5,30.9,4.2,4.2,15.5,76,1001.3,70
Delhi,2023-07-22,34.3,27.2,30.7,6.0,6.0,19.9,76,1003.7,84
Delhi,2023-07-23,34.2,28.3,30.9,0.6,0.6,21.9,73,1003.7,90
Delhi,2023-07-24,34.1,27.4,29.9,7.8,7.8,15.5,80,1001.7,44
Delhi,2023-07-25,34.1,25.6,29.3,11.8,11.8,14.9,82,1002.0,100
Delhi,2023-07-26,29.7,25.6,27.0,18.3,18.3,14.3,91,1004.0,100
Delhi,2023-07-27,31.7,26.3,28.5,11.0,11.0,8.9,88,1002.8,99
Delhi,2023-07-28,32.9,26.3,28.2,27.0,27.0,10.2,87,1000.6,98
Delhi,2023-07-29,31.4,24.7,27.8,11.2,11.2,13.5,84,999.9,82
Delhi,2023-07-30,33.1,25.0,29.0,2.3,2.3,14.0,80,999.2,30
Delhi,2023-07-31,33.6,25.1,29.6,0.8,0.8,18.6,78,998.8,29
Delhi,2023-08-01,34.6,26.9,30.3,0.2,0.2,18.7,75,997.7,12
Delhi,2023-08-02,35.1,27.3,30.2,1.4,1.4,17.8,78,998.2,69
Delhi,2023-08-03,34.1,26.5,29.4,9.6,9.6,18.0,82,998.7,89
Delhi,2023-08-04,31.7,26.0,28.4,11.5,11.5,9.4,88,1000.9,100
Delhi,2023-08-05,33.7,26.3,29.4,4.8,4.8,12.9,83,1002.1,98
Delhi,2023-08-06,34.8,26.0,30.0,1.9,1.9,19.8,74,999.4,80
Delhi,2023-08-07,34.2,27.2,30.0,0.1,0.1,22.0,68,997.1,24
Delhi,2023-08-08,34.4,26.9,30.3,0.0,0.0,24.5,67,998.4,100
Delhi,2023-08-09,34.5,27.4,30.7,0.0,0.0,20.2,65,1002.0,90
Delhi,2023-08-10,34.0,27.3,29.9,1.7,1.7,17.5,70,1003.6,90
Delhi,2023-08-11,34.6,27.2,30.6,1.6,1.6,15.7,67,1003.3,67
Delhi,2023-08-12,35.3,28.2,31.3,0.0,0.0,20.7,56,1001.2,72
Delhi,2023-08-13,35.6,27.6,31.0,0.7,0.7,18.8,61,999.3,89
Delhi,2023-08-14,33.5,26.8,29.7,0.0,0.0,13.2,67,1003.2,89
Delhi,2023-08-15,34.7,25.8,29.8,0.1,0.1,9.7,74,1003.7,44
Delhi,2023-08-16,36.0,25.6,30.9,0.1,0.1,16.8,67,1003.1,21
Delhi,2023-08-17,36.0,27.8,31.9,0.0,0.0,20.3,58,1002.4,45
Delhi,2023-08-18,36.1,28.3,31.7,0.1,0.1,15.1,60,1002.6,73
Delhi,2023-08-19,34.1,26.2,30.3,7.4,7.4,19.1,75,1003.2,48
Delhi,2023-08-20,35.8,27.8,31.8,0.1,0.1,18.0,69,1003.4,48
Delhi,2023-08-21,36.3,28.0,32.0,0.8,0.8,14.7,70,1002.2,57
Delhi,2023-08-22,35.4,27.4,30.4,12.6,12.6,18.0,79,1000.5,100
Delhi,2023-08-23,29.9,25.6,27.7,15.5,15.5,20.9,90,1000.1,100
Delhi,2023-08-24,33.3,24.8,29.0,0.0,0.0,17.0,73,999.2,87
Delhi,2023-08-25,33.9,25.7,30.0,0.0,0.0,16.7,63,999.3,39
Delhi,2023-08-26,34.3,27.3,30.4,0.0,0.0,18.9,60,1001.1,32
Delhi,2023-08-27,34.8,27.1,30.4,0.1,0.1,23.2,56,1001.0,16
Delhi,2023-08-28,34.8,26.3,29.4,2.2,2.2,22.5,63,1001.1,17
Delhi,2023-08-29,35.0,25.8,30.4,0.0,0.0,19.3,59,1003.2,9
Delhi,2023-08-30,36.4,26.6,30.9,0.0,0.0,15.5,57,1004.8,8
Delhi,2023-08-31,36.4,25.7,31.1,0.0,0.0,14.4,59,1005.4,6
Delhi,2023-09-01,37.3,26.7,31.9,0.0,0.0,19.3,54,1005.1,4
Delhi,2023-09-02,37.2,27.3,31.8,0.0,0.0,23.4,51,1003.8,1
Delhi,2023-09-03,36.7,26.3,31.3,0.0,0.0,22.0,53,1002.9,0
Delhi,2023-09-04,37.3,25.6,31.3,0.0,0.0,18.6,52,1002.4,0
Delhi,2023-09-05,36.2,26.5,30.7,6.1,6.1,12.5,67,1003.5,14
Delhi,2023-09-06,36.2,24.3,30.9,1.7,1.7,21.4,64,1004.5,8
Delhi,2023-09-07,38.4,27.0,31.9,0.0,0.0,9.6,60,1003.7,13
Delhi,2023-09-08,36.6,25.5,30.3,1.3,1.3,20.3,68,1004.1,32
Delhi,2023-09-09,32.4,25.4,27.8,2.5,2.5,25.4,80,1003.6,71
Delhi,2023-09-10,30.0,24.2,26.1,35.3,35.3,17.6,89,1001.6,74
Delhi,2023-09-11,32.1,23.9,27.5,1.0,1.0,19.8,81,1001.9,26
Delhi,2023-09-12,33.4,24.4,28.7,0.0,0.0,9.6,79,1002.3,14
Delhi,2023-09-13,33.7,26.4,29.7,7.4,7.4,16.3,79,1002.4,69
Delhi,2023-09-14,34.1,26.7,29.2,5.5,5.5,15.3,82,1003.7,98
Delhi,2023-09-15,32.0,25.5,28.1,5.7,5.7,14.6,87,1004.9,97
Delhi,2023-09-16,31.5,26.4,28.3,7.8,7.8,23.9,84,1004.1,77
Delhi,2023-09-17,31.7,25.2,27.1,6.5,6.5,22.5,87,1002.4,94
Delhi,2023-09-18,31.7,24.7,27.9,2.1,2.1,23.1,79,1003.3,27
Delhi,2023-09-19,33.1,24.6,28.6,0.2,0.2,11.5,77,1005.7,20
Delhi,2023-09-20,33.1,25.5,29.4,0.9,0.9,9.2,76,1006.0,21
Delhi,2023-09-21,33.5,26.0,28.9,2.6,2.6,22.0,81,1005.4,35
Delhi,2023-09-22,33.3,25.3,29.4,0.3,0.3,10.5,78,1005.5,32
Delhi,2023-09-23,32.8,25.6,28.6,1.4,1.4,13.7,82,1006.2,28
Delhi,2023-09-24,32.8,25.3,27.9,0.9,0.9,14.8,80,1006.0,24
Delhi,2023-09-25,32.9,24.6,28.6,0.2,0.2,9.4,76,1006.2,13
Delhi,2023-09-26,32.9,24.9,28.8,0.2,0.2,9.4,73,1007.2,8
Delhi,2023-09-27,33.3,23.3,27.8,0.0,0.0,14.0,65,1007.1,0
Delhi,2023-09-28,33.1,20.6,26.6,0.0,0.0,12.9,62,1006.7,5
Delhi,2023-09-29,33.2,20.4,26.8,0.0,0.0,9.7,61,1006.6,10
Delhi,2023-09-30,34.8,22.8,27.9,0.0,0.0,17.6,57,1006.4,8
Delhi,2023-10-01,34.6,21.3,27.4,0.0,0.0,19.5,54,1005.9,21
Delhi,2023-10-02,33.8,20.2,26.7,0.0,0.0,19.9,43,1006.9,0
Delhi,2023-10-03,33.9,20.0,26.4,0.0,0.0,23.4,40,1007.5,0
Delhi,2023-10-04,33.9,18.9,26.3,0.0,0.0,21.1,53,1007.7,0
Delhi,2023-10-05,34.3,19.9,26.4,0.0,0.0,16.4,52,1007.0,0
Delhi,2023-10-06,35.3,19.9,27.3,0.0,0.0,13.7,51,1005.9,0
Delhi,2023-10-07,35.0,21.6,28.3,0.0,0.0,14.4,60,1007.0,0
Delhi,2023-10-08,35.3,24.1,29.7,0.0,0.0,14.9,58,1007.6,1
Delhi,2023-10-09,35.2,24.6,29.3,0.0,0.0,16.7,54,1008.4,2
Delhi,2023-10-10,33.5,24.4,28.4,2.5,2.5,13.1,55,1009.5,5
Delhi,2023-10-11,33.7,21.2,26.5,0.0,0.0,15.5,57,1010.5,0
Delhi,2023-10-12,33.2,18.9,25.8,0.0,0.0,14.3,54,1011.9,0
Delhi,2023-10-13,34.7,20.3,27.5,0.0,0.0,13.4,55,1012.3,1
Delhi,2023-10-14,35.0,21.6,28.2,0.0,0.0,16.1,52,1011.5,6
Delhi,2023-10-15,33.7,22.3,27.3,0.1,0.1,15.6,55,1009.6,26
Delhi,2023-10-16,29.0,19.8,24.3,9.9,9.9,27.6,65,1011.4,76
Delhi,2023-10-17,28.7,18.2,22.3,3.3,3.3,13.5,72,1014.9,43
Delhi,2023-10-18,29.0,17.1,22.6,0.0,0.0,14.7,65,1015.3,0
Delhi,2023-10-19,28.6,17.0,21.9,0.0,0.0,13.2,63,1015.1,0
Delhi,2023-10-20,29.1,17.0,22.4,0.0,0.0,9.9,65,1015.4,0
Delhi,2023-10-21,29.7,16.7,22.8,0.0,0.0,9.8,63,1015.7,2
Delhi,2023-10-22,30.4,17.1,23.3,0.0,0.0,10.8,61,1016.1,14
Delhi,2023-10-23,29.7,17.6,23.2,0.0,0.0,11.4,64,1014.7,1
Delhi,2023-10-24,30.5,17.7,23.4,0.0,0.0,11.0,60,1013.9,2
Delhi,2023-10-25,30.6,17.1,23.2,0.0,0.0,14.6,59,1014.7,1
Delhi,2023-10-26,30.5,16.9,22.9,0.0,0.0,13.0,58,1014.3,0
Delhi,2023-10-27,30.4,16.6,22.9,0.0,0.0,11.9,51,1013.5,13
Delhi,2023-10-28,30.0,18.6,24.4,0.0,0.0,10.0,48,1013.6,65
Delhi,2023-10-29,31.4,17.8,24.0,0.0,0.0,9.3,56,1013.7,23
Delhi,2023-10-30,31.7,17.6,23.9,0.0,0.0,10.7,67,1014.4,9
Delhi,2023-10-31,31.1,18.5,24.1,0.0,0.0,8.9,69,1015.8,29
Delhi,2023-11-01,30.5,18.8,24.0,0.0,0.0,10.8,66,1016.4,0
Delhi,2023-11-02,30.3,19.0,24.1,0.0,0.0,10.5,66,1014.6,4
Delhi,2023-11-03,28.5,17.8,22.5,1.1,1.1,16.8,70,1012.5,8
Delhi,2023-11-04,29.6,15.9,22.5,0.0,0.0,16.0,66,1012.7,25
Delhi,2023-11-05,29.6,16.8,22.7,0.0,0.0,11.3,62,1014.2,0
Delhi,2023-11-06,29.5,15.2,22.2,0.0,0.0,11.4,60,1015.8,2
Delhi,2023-11-07,30.1,16.3,22.5,0.0,0.0,11.4,64,1014.9,3
Delhi,2023-11-08,29.5,16.8,22.7,0.0,0.0,10.3,65,1014.0,8
Delhi,2023-11-09,29.2,16.9,22.7,0.0,0.0,10.3,65,1013.9,4
Delhi,2023-11-10,26.4,16.1,20.5,2.9,2.9,19.5,76,1016.2,37
Delhi,2023-11-11,25.3,14.9,19.2,0.0,0.0,11.6,76,1018.1,0
Delhi,2023-11-12,25.1,13.9,18.8,0.0,0.0,11.4,74,1018.3,0
Delhi,2023-11-13,25.6,13.2,19.0,0.0,0.0,9.8,73,1018.2,52
Delhi,2023-11-14,25.2,14.1,18.9,0.0,0.0,9.8,71,1017.6,84
Delhi,2023-11-15,25.7,13.1,18.5,0.0,0.0,10.2,72,1017.4,0
Delhi,2023-11-16,26.2,13.0,19.7,0.0,0.0,8.6,69,1018.2,0
Delhi,2023-11-17,26.8,14.3,20.4,0.0,0.0,9.9,71,1017.8,4
Delhi,2023-11-18,26.2,14.6,19.9,0.0,0.0,8.0,70,1016.3,8
Delhi,2023-11-19,25.7,13.9,20.1,0.0,0.0,10.5,66,1017.3,4
Delhi,2023-11-20,25.5,13.4,19.6,0.0,0.0,10.2,65,1017.6,0
Delhi,2023-11-21,25.2,13.5,18.8,0.0,0.0,16.3,70,1016.6,4
Delhi,2023-11-22,24.8,13.1,18.1,0.0,0.0,13.8,65,1014.5,0
Delhi,2023-11-23,24.8,11.3,18.0,0.0,0.0,9.0,68,1014.2,0
Delhi,2023-11-24,25.1,13.4,18.5,0.0,0.0,10.0,69,1016.1,9
Delhi,2023-11-25,25.3,12.4,18.5,0.0,0.0,10.0,68,1017.2,44
Delhi,2023-11-26,25.5,14.2,19.2,0.0,0.0,11.2,68,1017.8,100
Delhi,2023-11-27,24.0,15.7,18.5,4.0,4.0,23.2,75,1015.7,89
Delhi,2023-11-28,20.6,15.1,17.4,3.2,3.2,10.2,88,1015.6,50
Delhi,2023-11-29,24.4,13.4,18.5,0.4,0.4,8.7,80,1015.7,15
Delhi,2023-11-30,21.7,14.1,17.8,1.0,1.0,13.3,84,1016.9,30
Delhi,2023-12-01,24.2,13.8,18.4,0.1,0.1,8.0,81,1017.2,38
Delhi,2023-12-02,24.2,13.2,18.0,0.0,0.0,8.7,79,1017.4,2
Delhi,2023-12-03,24.5,12.2,18.0,0.1,0.1,10.4,74,1017.7,23
Delhi,2023-12-04,22.9,13.7,17.8,0.0,0.0,11.3,73,1016.5,21
Delhi,2023-12-05,23.2,11.5,16.5,0.0,0.0,12.4,73,1016.1,0
Delhi,2023-12-06,23.6,11.7,16.4,0.0,0.0,11.3,76,1016.7,0
Delhi,2023-12-07,24.1,11.6,16.7,0.0,0.0,10.2,77,1016.0,0
Delhi,2023-12-08,23.8,11.4,16.5,0.0,0.0,13.3,74,1015.5,0
Delhi,2023-12-09,23.4,10.7,15.9,0.0,0.0,13.3,70,1016.5,1
Delhi,2023-12-10,22.5,10.8,15.5,0.0,0.0,18.0,68,1014.7,11
Delhi,2023-12-11,22.3,9.1,15.2,0.0,0.0,10.1,69,1015.5,0
Delhi,2023-12-12,22.8,9.3,15.6,0.0,0.0,11.4,70,1014.6,0
Delhi,2023-12-13,22.8,10.4,15.9,0.0,0.0,10.3,67,1016.4,13
Delhi,2023-12-14,22.1,9.7,14.7,0.0,0.0,16.1,71,1017.4,52
Delhi,2023-12-15,22.1,7.5,14.2,0.0,0.0,10.2,71,1018.7,69
Delhi,2023-12-16,22.3,7.7,14.5,0.0,0.0,12.1,67,1017.3,39
Delhi,2023-12-17,22.6,9.5,15.4,0.0,0.0,12.6,64,1018.2,0
Delhi,2023-12-18,21.5,9.1,14.3,0.0,0.0,20.1,67,1020.0,0
Delhi,2023-12-19,21.5,8.6,14.2,0.0,0.0,17.1,64,1020.1,8
Delhi,2023-12-20,20.4,7.9,13.6,0.0,0.0,11.8,70,1019.8,89
Delhi,2023-12-21,21.6,8.1,13.9,0.0,0.0,13.3,74,1018.0,85
Delhi,2023-12-22,21.5,7.1,13.9,0.0,0.0,9.7,76,1017.6,35
Delhi,2023-12-23,22.1,11.1,16.1,0.3,0.3,9.4,72,1019.8,22
Delhi,2023-12-24,22.9,9.7,15.8,0.0,0.0,9.2,76,1021.1,5
Delhi,2023-12-25,22.9,10.7,15.5,0.0,0.0,12.2,78,1019.3,0
Delhi,2023-12-26,22.7,9.5,15.4,0.0,0.0,8.2,75,1019.1,83
Delhi,2023-12-27,21.7,8.5,14.3,0.0,0.0,10.1,80,1020.2,18
Delhi,2023-12-28,20.9,9.7,14.0,0.0,0.0,10.3,85,1019.1,17
Delhi,2023-12-29,20.2,8.3,13.3,0.0,0.0,6.4,87,1019.7,75
Delhi,2023-12-30,19.0,9.0,12.5,0.0,0.0,9.3,90,1018.7,97
Delhi,2023-12-31,18.7,7.6,12.7,0.0,0.0,8.0,84,1018.5,32
Delhi,2024-01-01,16.2,5.9,10.4,0.0,0.0,8.2,85,1019.0,43
Delhi,2024-01-02,15.3,4.6,9.1,0.0,0.0,8.2,86,1018.5,30
Delhi,2024-01-03,15.9,4.8,9.5,0.0,0.0,10.4,89,1018.2,47
Delhi,2024-01-04,17.9,5.2,11.5,0.0,0.0,10.2,82,1018.1,36
Delhi,2024-01-05,17.3,7.3,11.7,0.1,0.1,9.7,85,1018.3,58
Delhi,2024-01-06,16.9,6.3,11.6,0.0,0.0,9.0,82,1019.6,64
Delhi,2024-01-07,17.5,6.1,11.4,0.0,0.0,7.1,81,1020.2,17
Delhi,2024-01-08,18.4,5.5,10.9,0.0,0.0,8.9,86,1020.0,11
Delhi,2024-01-09,18.0,6.2,10.8,0.0,0.0,13.9,86,1020.2,15
Delhi,2024-01-10,15.8,4.6,9.2,0.0,0.0,15.0,84,1019.1,2
Delhi,2024-01-11,15.5,5.6,9.3,0.0,0.0,12.0,88,1019.6,26
Delhi,2024-01-12,17.4,5.6,10.1,0.0,0.0,12.4,86,1018.5,31
Delhi,2024-01-13,18.1,5.9,10.3,0.0,0.0,10.2,84,1017.6,72
Delhi,2024-01-14,18.0,4.8,9.7,0.0,0.0,10.0,86,1017.8,35
Delhi,2024-01-15,16.1,5.0,9.0,0.0,0.0,9.0,85,1017.5,62
Delhi,2024-01-16,17.5,3.9,8.9,0.0,0.0,11.0,86,1015.2,48
Delhi,2024-01-17,17.8,4.0,9.9,0.0,0.0,10.7,84,1015.2,3
Delhi,2024-01-18,17.5,6.0,11.0,0.0,0.0,8.0,86,1017.4,43
Delhi,2024-01-19,16.8,6.3,10.2,0.0,0.0,9.2,89,1018.8,41
Delhi,2024-01-20,16.1,5.1,9.6,0.0,0.0,10.3,88,1019.4,32
Delhi,2024-01-21,16.1,5.2,9.0,0.0,0.0,14.1,89,1018.8,49
Delhi,2024-01-22,16.9,5.0,9.2,0.0,0.0,10.6,86,1019.7,52
Delhi,2024-01-23,17.3,4.9,10.4,0.0,0.0,8.9,88,1018.8,48
Delhi,2024-01-24,18.2,6.4,11.3,0.0,0.0,8.3,84,1018.8,17
Delhi,2024-01-25,17.5,5.6,10.2,0.0,0.0,10.4,88,1021.1,79
Delhi,2024-01-26,18.5,6.0,11.4,0.0,0.0,11.3,84,1021.4,86
Delhi,2024-01-27,20.6,6.9,12.5,0.0,0.0,16.8,77,1019.6,12
Delhi,2024-01-28,20.3,7.0,13.8,0.0,0.0,13.8,79,1018.1,100
Delhi,2024-01-29,21.3,9.5,14.5,0.0,0.0,12.2,85,1017.9,6
Delhi,2024-01-30,20.5,10.0,13.8,0.0,0.0,9.4,89,1017.1,51
Delhi,2024-01-31,20.2,9.9,14.0,9.0,9.0,14.5,92,1015.9,83
Delhi,2024-02-01,21.2,12.2,15.4,30.0,30.0,21.5,86,1016.0,33
Delhi,2024-02-02,19.3,8.5,13.0,0.0,0.0,15.5,84,1019.4,34
Delhi,2024-02-03,20.7,8.2,14.1,0.0,0.0,11.5,70,1018.0,63
Delhi,2024-02-04,20.7,12.9,16.0,7.1,7.1,16.2,85,1016.3,71
Delhi,2024-02-05,19.8,10.3,15.1,2.1,2.1,12.2,83,1017.6,37
Delhi,2024-02-06,18.7,7.5,12.2,0.0,0.0,15.6,75,1019.9,19
Delhi,2024-02-07,18.4,7.9,12.5,0.0,0.0,23.7,66,1020.5,33
Delhi,2024-02-08,19.1,8.2,13.1,0.0,0.0,27.4,64,1019.0,19
Delhi,2024-02-09,20.5,8.1,13.4,0.0,0.0,15.7,66,1019.2,0
Delhi,2024-02-10,19.7,7.2,13.1,0.0,0.0,11.8,78,1021.4,20
Delhi,2024-02-11,21.5,8.1,14.1,0.0,0.0,9.7,75,1020.8,0
Delhi,2024-02-12,21.5,7.7,14.3,0.0,0.0,9.7,75,1019.7,66
Delhi,2024-02-13,21.2,8.5,14.9,0.0,0.0,10.5,73,1018.8,85
Delhi,2024-02-14,22.7,9.6,15.8,0.0,0.0,13.6,74,1018.7,20
Delhi,2024-02-15,23.6,9.7,15.8,0.0,0.0,15.0,69,1019.6,0
Delhi,2024-02-16,24.5,8.6,15.7,0.0,0.0,12.8,64,1019.9,0
Delhi,2024-02-17,24.6,9.7,16.2,0.0,0.0,14.9,61,1015.3,2
Delhi,2024-02-18,27.1,10.0,18.6,0.0,0.0,15.9,59,1012.2,59
Delhi,2024-02-19,26.8,14.7,20.3,0.0,0.0,28.5,61,1010.3,18
Delhi,2024-02-20,27.3,15.3,20.2,0.2,0.2,20.0,66,1010.2,17
Delhi,2024-02-21,25.9,12.2,18.5,0.0,0.0,17.3,58,1010.5,6
Delhi,2024-02-22,24.0,10.9,17.4,0.0,0.0,16.7,51,1013.2,12
Delhi,2024-02-23,22.8,8.5,15.6,0.0,0.0,15.2,48,1016.0,0
Delhi,2024-02-24,23.4,9.3,16.2,0.0,0.0,12.1,45,1016.2,28
Delhi,2024-02-25,25.0,10.5,17.3,0.0,0.0,17.7,39,1018.2,45
Delhi,2024-02-26,24.6,11.1,17.6,0.0,0.0,12.0,46,1018.0,88
Delhi,2024-02-27,24.5,14.1,18.0,0.9,0.9,16.0,46,1017.7,48
Delhi,2024-02-28,24.0,11.4,17.3,0.0,0.0,20.7,57,1016.4,0
Delhi,2024-02-29,26.3,12.0,18.4,0.0,0.0,13.2,56,1014.8,3
Delhi,2024-03-01,26.5,13.9,20.0,1.7,1.7,16.0,60,1013.9,91
Delhi,2024-03-02,24.7,17.3,19.8,6.5,6.5,33.4,74,1011.1,83
Delhi,2024-03-03,22.7,13.4,17.6,10.4,10.4,15.4,70,1012.0,23
Delhi,2024-03-04,21.7,11.1,15.8,0.0,0.0,14.7,62,1016.3,43
Delhi,2024-03-05,20.9,8.9,14.7,0.0,0.0,15.6,54,1017.5,40
Delhi,2024-03-06,21.1,9.2,15.1,0.0,0.0,15.3,56,1015.6,60
Delhi,2024-03-07,24.2,10.1,17.1,0.0,0.0,15.1,56,1014.9,3
Delhi,2024-03-08,25.4,11.3,17.9,0.0,0.0,16.8,53,1015.7,0
Delhi,2024-03-09,25.2,11.8,17.9,0.0,0.0,17.4,50,1015.6,43
Delhi,2024-03-10,26.6,12.0,19.2,0.0,0.0,11.6,51,1015.0,78
Delhi,2024-03-11,29.5,14.8,22.3,0.0,0.0,13.8,47,1015.8,23
Delhi,2024-03-12,29.1,13.9,21.9,0.0,0.0,16.9,47,1014.1,3
Delhi,2024-03-13,29.4,13.9,21.4,0.2,0.2,18.2,52,1011.7,8
Delhi,2024-03-14,29.2,14.1,21.6,0.0,0.0,15.8,53,1014.2,4
Delhi,2024-03-15,27.2,14.3,20.3,0.0,0.0,16.9,43,1013.8,13
Delhi,2024-03-16,27.6,12.7,19.7,0.0,0.0,12.9,45,1015.5,39
Delhi,2024-03-17,28.8,11.8,20.5,0.0,0.0,11.5,46,1015.0,50
Delhi,2024-03-18,28.5,13.0,20.6,0.0,0.0,13.0,48,1013.4,12
Delhi,2024-03-19,29.8,13.6,21.5,0.0,0.0,16.3,45,1012.8,3
Delhi,2024-03-20,32.0,14.2,23.2,0.0,0.0,11.6,44,1013.0,4
Delhi,2024-03-21,29.2,16.9,22.7,0.0,0.0,18.7,55,1012.9,43
Delhi,2024-03-22,32.4,17.8,24.8,0.0,0.0,13.3,51,1009.4,3
Delhi,2024-03-23,33.8,18.1,25.7,0.0,0.0,19.6,46,1008.1,7
Delhi,2024-03-24,31.0,18.6,24.4,0.1,0.1,35.3,45,1010.4,73
Delhi,2024-03-25,32.8,16.6,25.0,0.0,0.0,21.2,47,1012.0,3
Delhi,2024-03-26,33.6,18.5,26.0,0.0,0.0,14.2,42,1011.0,76
Delhi,2024-03-27,36.4,21.6,28.4,0.0,0.0,20.4,41,1012.5,34
Delhi,2024-03-28,37.0,21.9,29.0,0.0,0.0,16.3,41,1009.8,93
Delhi,2024-03-29,36.5,20.9,28.2,0.0,0.0,19.4,46,1008.9,95
Delhi,2024-03-30,35.2,22.8,28.4,0.0,0.0,19.2,39,1009.4,32
Delhi,2024-03-31,34.4,20.0,27.4,0.0,0.0,21.4,36,1010.5,2
Delhi,2024-04-01,31.3,18.7,24.9,0.0,0.0,20.8,38,1008.9,67
Delhi,2024-04-02,32.9,17.1,25.3,0.0,0.0,21.4,33,1007.5,54
Delhi,2024-04-03,35.9,21.8,28.3,0.0,0.0,18.8,24,1008.1,74
Delhi,2024-04-04,36.4,20.5,29.2,0.0,0.0,18.0,26,1008.0,69
Delhi,2024-04-05,35.6,21.2,28.2,0.0,0.0,28.2,24,1007.8,80
Delhi,2024-04-06,35.0,19.6,27.3,0.0,0.0,21.3,21,1007.8,0
Delhi,2024-04-07,35.4,17.5,26.9,0.0,0.0,21.1,21,1007.7,0
Delhi,2024-04-08,36.8,19.0,28.0,0.0,0.0,20.0,20,1008.7,3
Delhi,2024-04-09,37.8,19.9,29.0,0.0,0.0,16.6,18,1009.3,50
Delhi,2024-04-10,38.6,19.8,28.9,0.0,0.0,13.4,21,1009.3,14
Delhi,2024-04-11,38.0,22.2,30.0,0.0,0.0,14.2,21,1010.2,15
Delhi,2024-04-12,38.8,21.8,30.5,0.0,0.0,11.3,21,1009.4,62
Delhi,2024-04-13,38.5,25.3,30.8,1.2,1.2,16.0,27,1008.8,73
Delhi,2024-04-14,33.8,22.8,27.5,0.5,0.5,15.5,45,1011.4,91
Delhi,2024-04-15,36.3,22.3,28.8,1.3,1.3,20.9,48,1010.7,95
Delhi,2024-04-16,35.7,23.5,29.8,0.0,0.0,21.6,36,1009.5,59
Delhi,2024-04-17,35.3,22.2,29.3,0.0,0.0,29.3,27,1008.2,41
Delhi,2024-04-18,37.8,23.7,30.9,0.0,0.0,17.3,24,1006.6,61
Delhi,2024-04-19,38.3,24.6,31.7,0.0,0.0,18.9,29,1004.2,18
Delhi,2024-04-20,36.7,22.3,30.0,0.0,0.0,21.1,28,1003.9,27
Delhi,2024-04-21,36.6,23.6,30.1,0.0,0.0,17.6,27,1005.4,64
Delhi,2024-04-22,37.0,24.5,31.1,0.0,0.0,25.5,25,1006.0,30
Delhi,2024-04-23,38.0,22.6,30.0,0.0,0.0,23.2,26,1005.5,8
Delhi,2024-04-24,36.9,21.0,29.8,0.0,0.0,21.9,28,1005.7,1
Delhi,2024-04-25,38.3,21.5,30.0,0.0,0.0,23.7,24,1005.8,4
Delhi,2024-04-26,39.2,23.4,32.2,0.0,0.0,32.9,23,1004.6,21
Delhi,2024-04-27,37.9,26.0,32.0,0.0,0.0,21.3,27,1005.2,41
Delhi,2024-04-28,37.5,22.7,30.6,0.0,0.0,17.0,28,1006.5,63
Delhi,2024-04-29,38.1,23.6,30.8,0.0,0.0,23.7,26,1005.8,28
Delhi,2024-04-30,36.2,23.3,29.7,0.0,0.0,19.0,25,1004.8,0
Delhi,2024-05-01,32.7,20.5,26.9,0.0,0.0,23.6,22,1003.3,0
Delhi,2024-05-02,35.0,19.3,27.6,0.0,0.0,19.5,26,1004.4,20
Delhi,2024-05-03,38.1,20.7,30.2,0.0,0.0,23.9,22,1004.9,70
Delhi,2024-05-04,40.6,26.5,33.0,0.0,0.0,16.4,19,1004.5,44
Delhi,2024-05-05,40.9,25.0,33.3,0.0,0.0,19.2,20,1000.9,4
Delhi,2024-05-06,40.6,26.0,33.8,0.0,0.0,23.6,22,1002.8,6
Delhi,2024-05-07,41.4,26.2,34.0,0.0,0.0,18.1,25,1004.3,6
Delhi,2024-05-08,39.7,27.0,32.7,0.0,0.0,21.1,39,1005.0,16
Delhi,2024-05-09,39.6,26.2,32.5,0.0,0.0,25.3,37,1004.4,6
Delhi,2024-05-10,39.5,26.0,32.1,1.1,1.1,20.9,43,1005.2,23
Delhi,2024-05-11,38.8,26.0,31.9,0.1,0.1,18.5,42,1007.1,29
Delhi,2024-05-12,37.8,27.5,32.3,0.1,0.1,15.9,38,1007.1,26
Delhi,2024-05-13,40.3,27.2,33.0,0.0,0.0,16.4,29,1007.2,32
Delhi,2024-05-14,40.7,24.6,32.8,0.0,0.0,20.5,21,1007.5,10
Delhi,2024-05-15,42.3,25.4,34.2,0.0,0.0,17.8,19,1007.0,0
Delhi,2024-05-16,42.7,26.5,34.5,0.0,0.0,18.0,18,1006.4,0
Delhi,2024-05-17,44.0,28.1,36.3,0.0,0.0,16.3,18,1003.4,8
Delhi,2024-05-18,44.0,27.1,37.0,0.0,0.0,26.6,19,1000.8,6
Delhi,2024-05-19,44.9,27.7,36.7,0.0,0.0,26.4,17,999.2,3
Delhi,2024-05-20,43.6,29.1,36.4,0.0,0.0,28.3,19,1000.1,33
Delhi,2024-05-21,42.6,29.1,35.2,0.0,0.0,15.8,28,1000.9,2
Delhi,2024-05-22,41.1,29.8,35.2,0.3,0.3,24.4,36,1001.4,5
Delhi,2024-05-23,41.1,30.5,35.7,0.0,0.0,22.9,36,1000.7,7
Delhi,2024-05-24,40.9,30.4,35.6,0.0,0.0,20.6,36,1000.7,3
Delhi,2024-05-25,44.4,30.6,37.4,0.0,0.0,27.4,27,998.6,6
Delhi,2024-05-26,46.0,29.5,38.1,0.0,0.0,25.9,17,996.7,0
Delhi,2024-05-27,45.7,30.2,38.2,0.0,0.0,22.1,18,994.1,2
Delhi,2024-05-28,45.8,28.9,37.3,0.0,0.0,19.2,14,992.4,0
Delhi,2024-05-29,45.7,31.1,38.6,0.0,0.0,17.9,18,993.5,15
Delhi,2024-05-30,45.8,33.0,39.2,0.0,0.0,25.2,16,996.7,8
Delhi,2024-05-31,45.9,28.5,37.6,0.0,0.0,25.5,12,998.5,5
Delhi,2024-06-01,44.0,31.3,37.4,0.0,0.0,26.4,17,1000.1,60
Delhi,2024-06-02,41.4,30.5,36.4,0.0,0.0,20.7,25,1001.6,37
Delhi,2024-06-03,44.4,29.6,36.9,0.0,0.0,20.2,25,1000.3,7
Delhi,2024-06-04,43.1,30.9,36.9,0.0,0.0,24.1,19,999.9,8
Delhi,2024-06-05,41.7,30.2,36.6,0.0,0.0,25.4,23,1001.1,19
Delhi,2024-06-06,40.8,28.2,35.0,0.0,0.0,20.0,28,1003.5,4
Delhi,2024-06-07,42.2,28.9,35.2,0.0,0.0,22.4,30,1001.3,7
Delhi,2024-06-08,40.2,28.3,34.7,0.0,0.0,25.6,27,1000.4,15
Delhi,2024-06-09,42.2,28.3,35.1,0.0,0.0,19.8,23,1000.1,1
Delhi,2024-06-10,43.0,27.9,36.0,0.0,0.0,22.2,18,1000.2,13
Delhi,2024-06-11,43.2,28.9,36.3,0.0,0.0,20.0,19,999.6,11
Delhi,2024-06-12,44.1,28.8,36.9,0.0,0.0,18.2,17,999.2,1
Delhi,2024-06-13,44.9,29.6,37.6,0.0,0.0,28.1,20,998.1,4
Delhi,2024-06-14,43.4,32.8,37.5,0.0,0.0,31.5,28,997.8,21
Delhi,2024-06-15,43.3,32.2,37.7,0.0,0.0,28.3,27,997.8,3
Delhi,2024-06-16,44.1,32.8,38.4,0.0,0.0,25.1,25,998.1,4
Delhi,2024-06-17,44.0,33.7,38.9,0.0,0.0,26.8,25,998.0,9
Delhi,2024-06-18,44.2,34.5,38.9,0.0,0.0,30.9,25,995.9,6
Delhi,2024-06-19,41.3,33.7,37.0,0.8,0.8,32.1,35,994.6,29
Delhi,2024-06-20,39.3,25.5,34.0,4.9,4.9,14.5,45,996.6,35
Delhi,2024-06-21,38.3,25.4,32.5,2.1,2.1,28.2,53,998.9,32
Delhi,2024-06-22,38.5,29.9,33.7,0.0,0.0,12.3,51,998.7,46
Delhi,2024-06-23,39.5,30.2,34.5,0.3,0.3,15.5,51,999.2,28
Delhi,2024-06-24,39.5,31.0,34.1,1.7,1.7,15.1,54,998.1,38
Delhi,2024-06-25,36.6,29.8,32.9,4.0,4.0,15.3,62,997.2,71
Delhi,2024-06-26,34.3,26.8,31.0,23.3,23.3,19.4,73,997.9,94
Delhi,2024-06-27,30.4,25.4,28.3,11.5,11.5,21.7,84,1000.7,92
Delhi,2024-06-28,30.6,25.6,27.8,20.9,20.9,14.8,85,999.9,77
Delhi,2024-06-29,32.9,26.5,29.3,18.9,18.9,11.7,80,998.3,56
Delhi,2024-06-30,34.8,26.8,30.7,11.9,11.9,15.6,74,997.4,39
Delhi,2024-07-01,34.1,25.9,30.1,11.5,11.5,11.8,79,995.3,75
Delhi,2024-07-02,33.6,26.4,29.3,14.1,14.1,14.9,84,994.4,99
Delhi,2024-07-03,32.9,26.0,29.3,2.5,2.5,16.1,83,996.9,100
Delhi,2024-07-04,31.6,25.5,28.0,7.3,7.3,11.3,83,999.2,99
Delhi,2024-07-05,30.4,26.2,27.8,0.7,0.7,16.2,85,996.4,100
Delhi,2024-07-06,33.0,26.0,28.6,1.0,1.0,15.8,80,995.1,91
Delhi,2024-07-07,33.5,25.6,28.6,0.1,0.1,14.2,76,998.2,84
Delhi,2024-07-08,33.2,25.3,28.9,0.0,0.0,11.4,76,1001.3,64
Delhi,2024-07-09,32.4,26.2,29.5,4.9,4.9,11.4,80,1002.2,37
Delhi,2024-07-10,34.1,26.5,30.4,11.3,11.3,14.8,79,1002.0,79
Delhi,2024-07-11,36.4,26.8,31.2,3.9,3.9,21.0,76,997.8,77
Delhi,2024-07-12,35.3,27.0,30.3,0.5,0.5,23.4,74,996.0,56
Delhi,2024-07-13,34.3,25.2,29.9,12.4,12.4,11.7,77,997.0,19
Delhi,2024-07-14,34.9,27.0,31.1,0.3,0.3,8.5,72,996.7,14
Delhi,2024-07-15,33.2,25.5,30.2,3.0,3.0,21.4,76,999.5,65
Delhi,2024-07-16,34.3,25.6,30.7,17.0,17.0,15.5,77,1000.1,53
Delhi,2024-07-17,34.7,28.2,31.2,0.2,0.2,13.7,75,999.9,28
Delhi,2024-07-18,34.7,27.7,31.2,2.0,2.0,12.1,76,998.6,81
Delhi,2024-07-19,34.4,27.3,30.5,0.9,0.9,12.0,77,997.4,72
Delhi,2024-07-20,35.1,27.1,31.0,0.2,0.2,13.0,75,998.2,46
Delhi,2024-07-21,34.8,27.2,31.1,1.9,1.9,16.3,78,998.1,41
Delhi,2024-07-22,34.6,27.8,31.0,5.0,5.0,10.9,78,998.3,91
Delhi,2024-07-23,34.8,27.0,30.4,4.3,4.3,14.9,80,997.4,66
Delhi,2024-07-24,33.7,26.4,29.5,6.9,6.9,9.5,82,994.1,75
Delhi,2024-07-25,34.7,27.2,30.8,0.6,0.6,11.1,76,993.1,81
Delhi,2024-07-26,33.0,27.4,29.9,10.2,10.2,13.0,81,995.1,98
Delhi,2024-07-27,34.0,28.0,30.5,4.5,4.5,16.1,81,997.2,84
Delhi,2024-07-28,35.1,28.6,31.4,6.0,6.0,15.7,77,997.3,39
Delhi,2024-07-29,35.7,28.3,31.8,0.3,0.3,15.8,73,997.3,52
Delhi,2024-07-30,36.4,29.0,32.8,0.1,0.1,13.7,70,998.6,60
Delhi,2024-07-31,37.1,26.5,31.0,116.0,116.0,17.4,78,998.7,100
Delhi,2024-08-01,31.2,25.5,28.2,34.7,34.7,17.8,85,998.5,99
Delhi,2024-08-02,32.2,25.5,28.4,3.0,3.0,17.6,83,997.4,82
Delhi,2024-08-03,32.4,26.0,28.9,1.9,1.9,20.9,82,999.1,45
Delhi,2024-08-04,33.5,26.9,29.7,0.1,0.1,25.9,74,1000.6,37
Delhi,2024-08-05,32.6,26.4,29.0,1.2,1.2,31.0,76,1000.2,55
Delhi,2024-08-06,31.8,26.4,29.0,0.1,0.1,14.7,76,999.3,70
Delhi,2024-08-07,30.1,25.5,27.3,16.4,16.4,11.2,86,1000.5,98
Delhi,2024-08-08,31.5,25.5,27.6,10.8,10.8,12.3,87,1001.9,82
Delhi,2024-08-09,31.8,25.3,27.8,30.8,30.8,8.4,87,1003.0,99
Delhi,2024-08-10,31.3,24.9,27.6,16.7,16.7,9.8,87,1002.1,100
Delhi,2024-08-11,30.9,25.6,27.3,11.4,11.4,11.1,89,1000.7,99
Delhi,2024-08-12,30.0,25.6,26.7,10.9,10.9,13.6,91,1001.8,98
Delhi,2024-08-13,30.8,25.2,27.3,9.1,9.1,15.1,90,1002.9,94
Delhi,2024-08-14,30.7,25.9,28.0,7.8,7.8,10.8,89,1003.2,98
Delhi,2024-08-15,32.2,25.9,28.4,10.9,10.9,14.1,87,1002.0,85
Delhi,2024-08-16,32.3,25.5,27.8,15.0,15.0,15.5,88,1001.4,97
Delhi,2024-08-17,31.9,25.7,28.5,7.7,7.7,9.6,86,1003.8,97
Delhi,2024-08-18,32.7,26.2,29.1,2.3,2.3,14.7,83,1004.5,63
Delhi,2024-08-19,32.7,26.2,29.0,1.6,1.6,17.0,82,1003.6,87
Delhi,2024-08-20,31.6,26.4,28.2,4.3,4.3,12.7,85,1003.7,97
Delhi,2024-08-21,32.0,25.1,28.4,5.4,5.4,8.7,86,1004.8,90
Delhi,2024-08-22,32.8,24.7,28.2,7.0,7.0,10.7,86,1003.8,66
Delhi,2024-08-23,30.7,24.9,27.4,0.9,0.9,10.5,86,1004.4,74
Delhi,2024-08-24,31.5,25.3,28.3,8.8,8.8,16.6,84,1003.8,71
Delhi,2024-08-25,32.2,24.9,28.8,15.2,15.2,22.0,79,1001.5,45
Delhi,2024-08-26,31.6,26.0,28.2,3.8,3.8,22.7,83,1001.4,44
Delhi,2024-08-27,31.2,24.3,27.2,11.1,11.1,24.1,85,1003.6,88
Delhi,2024-08-28,30.3,24.2,26.8,7.9,7.9,16.2,87,1003.5,91
Delhi,2024-08-29,30.9,24.4,26.9,19.5,19.5,19.4,87,1003.5,81
Delhi,2024-08-30,31.3,25.0,27.5,7.5,7.5,9.1,88,1005.5,53
Delhi,2024-08-31,33.3,25.6,29.2,0.0,0.0,13.3,79,1004.8,22
Delhi,2024-09-01,33.5,25.9,29.6,0.1,0.1,13.9,76,1004.3,38
Delhi,2024-09-02,31.5,25.1,28.0,11.7,11.7,14.1,84,1005.2,83
Delhi,2024-09-03,31.6,25.4,27.4,17.8,17.8,13.4,87,1005.7,66
Delhi,2024-09-04,30.8,24.4,27.2,0.9,0.9,10.6,87,1003.6,87
Delhi,2024-09-05,31.6,24.8,27.5,2.9,2.9,12.8,84,1001.6,40
Delhi,2024-09-06,30.6,24.2,26.5,14.7,14.7,15.6,89,1003.3,80
Delhi,2024-09-07,30.4,24.1,26.8,23.6,23.6,11.8,88,1004.4,94
Delhi,2024-09-08,31.3,24.4,27.6,14.1,14.1,10.3,87,1004.0,97
Delhi,2024-09-09,32.7,25.2,28.4,3.4,3.4,13.2,82,1001.8,55
Delhi,2024-09-10,30.7,24.9,27.2,11.8,11.8,11.5,89,1001.5,86
Delhi,2024-09-11,31.7,25.0,27.5,26.7,26.7,16.6,89,1001.0,75
Delhi,2024-09-12,27.2,23.9,25.4,100.8,100.8,24.4,91,999.5,97
Delhi,2024-09-13,30.0,23.3,25.4,54.7,54.7,22.7,89,1000.4,83
Delhi,2024-09-14,29.9,22.6,26.0,4.7,4.7,18.7,84,1002.9,47
Delhi,2024-09-15,31.2,22.5,26.4,0.1,0.1,19.8,79,1003.4,15
Delhi,2024-09-16,32.1,23.7,27.2,0.0,0.0,17.3,73,1004.7,4
Delhi,2024-09-17,31.5,23.9,27.6,0.0,0.0,11.6,74,1006.1,62
Delhi,2024-09-18,27.7,22.8,24.9,62.7,62.7,17.9,86,1005.2,99
Delhi,2024-09-19,29.8,22.8,26.2,3.7,3.7,15.7,85,1005.0,59
Delhi,2024-09-20,31.1,24.0,27.2,0.0,0.0,12.2,80,1005.2,28
Delhi,2024-09-21,31.6,24.8,27.9,0.2,0.2,9.2,79,1006.4,45
Delhi,2024-09-22,33.1,25.3,29.0,0.0,0.0,6.9,77,1005.7,27
Delhi,2024-09-23,33.3,25.1,28.9,0.0,0.0,10.7,78,1005.1,1
Delhi,2024-09-24,33.6,25.2,29.3,0.0,0.0,6.9,77,1004.0,7
Delhi,2024-09-25,33.0,26.4,29.0,0.4,0.4,16.1,81,1004.3,50
Delhi,2024-09-26,31.4,25.3,27.9,0.4,0.4,13.2,82,1004.5,86
Delhi,2024-09-27,30.9,24.8,27.3,0.8,0.8,16.0,80,1004.2,31
Delhi,2024-09-28,30.5,23.1,26.3,0.0,0.0,11.6,81,1006.1,73
Delhi,2024-09-29,30.7,22.6,26.4,0.3,0.3,10.1,83,1008.8,61
Delhi,2024-09-30,32.7,23.5,27.7,0.0,0.0,15.2,77,1007.8,29
Delhi,2024-10-01,33.2,24.0,28.3,0.0,0.0,14.9,76,1004.9,1
Delhi,2024-10-02,34.6,24.7,28.9,0.0,0.0,17.7,73,1004.2,0
Delhi,2024-10-03,33.9,24.5,28.6,0.0,0.0,18.4,66,1003.8,0
Delhi,2024-10-04,33.5,23.8,28.3,0.0,0.0,13.4,68,1005.0,0
Delhi,2024-10-05,33.6,24.2,28.4,0.0,0.0,17.8,66,1007.2,7
Delhi,2024-10-06,33.6,23.7,27.8,0.0,0.0,15.9,65,1010.5,5
Delhi,2024-10-07,32.4,21.9,26.7,0.0,0.0,9.1,71,1012.6,0
Delhi,2024-10-08,32.5,22.2,27.0,0.0,0.0,10.0,70,1012.0,1
Delhi,2024-10-09,32.2,20.6,26.5,0.0,0.0,14.8,65,1010.1,2
Delhi,2024-10-10,32.3,21.0,26.1,0.0,0.0,13.9,60,1009.3,8
Delhi,2024-10-11,31.7,19.1,25.0,0.0,0.0,13.7,56,1009.5,5
Delhi,2024-10-12,32.0,19.1,25.3,0.0,0.0,10.6,61,1010.1,0
Delhi,2024-10-13,32.1,19.7,26.0,0.0,0.0,8.7,57,1011.0,25
Delhi,2024-10-14,31.8,20.5,25.7,0.0,0.0,10.4,55,1011.5,5
Delhi,2024-10-15,31.9,19.4,25.2,0.0,0.0,13.1,57,1010.6,0
Delhi,2024-10-16,32.4,19.6,25.7,0.0,0.0,9.0,57,1009.5,53
Delhi,2024-10-17,32.8,20.6,26.3,0.0,0.0,9.2,63,1010.1,33
Delhi,2024-10-18,33.4,20.1,26.1,0.0,0.0,10.1,65,1010.0,0
Delhi,2024-10-19,33.7,21.0,26.8,0.0,0.0,9.9,63,1010.2,1
Delhi,2024-10-20,33.0,20.2,26.5,0.0,0.0,10.5,68,1011.6,4
Delhi,2024-10-21,32.3,20.0,25.6,0.0,0.0,9.1,70,1012.3,0
Delhi,2024-10-22,31.5,20.1,25.6,0.0,0.0,9.5,67,1013.3,0
Delhi,2024-10-23,32.1,20.1,26.1,0.0,0.0,17.5,61,1012.6,1
Delhi,2024-10-24,32.6,20.2,25.5,0.0,0.0,14.8,59,1011.3,0
Delhi,2024-10-25,32.1,19.1,25.0,0.0,0.0,17.9,61,1010.6,0
Delhi,2024-10-26,31.6,19.0,24.6,0.0,0.0,13.2,66,1010.5,0
Delhi,2024-10-27,31.1,20.4,25.2,0.0,0.0,8.5,74,1009.7,0
Delhi,2024-10-28,31.4,21.0,25.7,0.0,0.0,10.9,71,1008.4,0
Delhi,2024-10-29,32.9,20.6,26.4,0.0,0.0,8.9,70,1008.7,0
Delhi,2024-10-30,34.3,21.3,27.0,0.0,0.0,12.4,65,1009.4,0
Delhi,2024-10-31,32.8,20.8,26.1,0.0,0.0,18.0,63,1011.2,0
Delhi,2024-11-01,32.0,19.3,24.9,0.0,0.0,17.6,53,1012.1,0
Delhi,2024-11-02,31.7,17.7,24.4,0.0,0.0,10.7,54,1013.2,0
Delhi,2024-11-03,31.3,18.2,24.4,0.0,0.0,9.3,54,1014.1,0
Delhi,2024-11-04,30.4,17.5,23.7,0.0,0.0,9.5,62,1012.8,0
Delhi,2024-11-05,29.4,18.1,23.4,0.0,0.0,10.5,71,1014.7,1
Delhi,2024-11-06,30.2,18.1,23.9,0.0,0.0,8.9,67,1015.0,0
Delhi,2024-11-07,30.1,19.0,24.2,0.0,0.0,7.4,67,1014.2,0
Delhi,2024-11-08,30.3,19.0,24.6,0.0,0.0,8.1,66,1013.9,2
Delhi,2024-11-09,30.6,19.7,24.5,0.0,0.0,11.4,68,1014.1,2
Delhi,2024-11-10,30.2,19.3,24.3,0.0,0.0,9.6,69,1014.1,0
Delhi,2024-11-11,29.8,18.5,23.9,0.0,0.0,8.0,74,1014.0,1
Delhi,2024-11-12,31.2,19.0,24.9,0.0,0.0,15.0,60,1013.5,0
Delhi,2024-11-13,30.0,18.8,24.1,0.0,0.0,10.5,56,1012.7,0
Delhi,2024-11-14,30.0,19.0,24.1,0.0,0.0,9.6,55,1014.7,0
Delhi,2024-11-15,29.0,18.7,23.7,0.0,0.0,12.6,51,1014.2,0
Delhi,2024-11-16,28.8,17.6,23.3,0.0,0.0,10.5,55,1013.2,1
Delhi,2024-11-17,28.5,18.0,22.9,0.0,0.0,8.9,58,1013.8,1
Delhi,2024-11-18,26.4,15.9,20.8,0.0,0.0,7.8,60,1015.6,1
Delhi,2024-11-19,25.9,14.2,20.1,0.0,0.0,8.7,51,1016.7,0
Delhi,2024-11-20,25.9,13.6,19.8,0.0,0.0,8.3,50,1015.6,0
Delhi,2024-11-21,25.8,13.6,19.7,0.0,0.0,7.7,51,1015.1,0
Delhi,2024-11-22,26.3,14.0,20.3,0.0,0.0,7.0,54,1014.8,0
Delhi,2024-11-23,27.5,14.1,20.9,0.0,0.0,6.0,51,1015.2,0
Delhi,2024-11-24,27.7,15.7,21.4,0.0,0.0,10.6,48,1015.0,0
Delhi,2024-11-25,25.9,15.1,20.6,0.0,0.0,11.0,57,1015.1,0
Delhi,2024-11-26,25.6,13.9,19.7,0.0,0.0,10.4,56,1015.3,0
Delhi,2024-11-27,26.0,13.6,19.8,0.0,0.0,8.1,49,1014.9,0
Delhi,2024-11-28,25.5,12.8,19.4,0.0,0.0,6.5,50,1016.5,0
Delhi,2024-11-29,24.6,12.5,18.9,0.0,0.0,5.1,59,1017.1,0
Delhi,2024-11-30,24.9,12.4,18.9,0.0,0.0,8.0,60,1015.3,0
Delhi,2024-12-01,24.8,14.0,19.4,0.0,0.0,8.1,61,1013.4,0
Delhi,2024-12-02,25.8,13.3,19.5,0.0,0.0,7.1,58,1013.7,0
Delhi,2024-12-03,26.5,13.5,20.1,0.0,0.0,10.7,56,1015.7,0
Delhi,2024-12-04,25.6,15.2,20.1,0.0,0.0,14.2,50,1014.9,0
Delhi,2024-12-05,23.6,12.0,17.8,0.0,0.0,12.7,45,1014.6,0
Delhi,2024-12-06,23.5,11.3,17.5,0.0,0.0,12.0,47,1013.4,0
Delhi,2024-12-07,23.1,9.7,16.9,0.0,0.0,5.0,44,1013.1,0
Delhi,2024-12-08,22.3,11.0,16.1,1.5,1.5,13.1,56,1012.9,19
Delhi,2024-12-09,20.2,10.4,15.3,0.0,0.0,8.7,65,1015.3,1
Delhi,2024-12-10,20.1,9.8,14.5,0.0,0.0,13.0,53,1017.5,0
Delhi,2024-12-11,20.2,8.2,13.9,0.0,0.0,10.5,47,1017.2,0
Delhi,2024-12-12,20.5,7.7,14.2,0.0,0.0,10.1,52,1016.6,0
Delhi,2024-12-13,20.6,9.2,14.8,0.0,0.0,15.1,48,1017.8,1
Delhi,2024-12-14,20.7,8.6,14.6,0.0,0.0,12.5,44,1018.0,0
Delhi,2024-12-15,21.1,7.3,14.3,0.0,0.0,6.5,51,1019.3,0
Delhi,2024-12-16,21.0,7.0,14.2,0.0,0.0,5.9,67,1017.6,0
Delhi,2024-12-17,20.6,7.7,14.2,0.0,0.0,4.4,74,1016.2,30
Delhi,2024-12-18,20.9,7.6,14.0,0.0,0.0,7.2,69,1015.7,12
Delhi,2024-12-19,20.8,8.0,14.5,0.0,0.0,8.3,62,1015.7,0
Delhi,2024-12-20,23.2,10.2,16.2,0.0,0.0,6.5,62,1015.3,1
Delhi,2024-12-21,22.1,9.2,15.5,0.0,0.0,7.3,65,1015.9,3
Delhi,2024-12-22,22.5,10.5,16.3,0.0,0.0,7.2,60,1015.6,31
Delhi,2024-12-23,17.6,11.6,14.5,1.4,1.4,10.1,68,1015.9,56
Delhi,2024-12-24,18.7,11.4,14.7,0.5,0.5,8.9,77,1017.2,49
Delhi,2024-12-25,20.6,10.8,15.1,0.0,0.0,7.6,78,1019.0,5
Delhi,2024-12-26,22.6,9.9,16.1,0.0,0.0,4.8,68,1020.7,18
Delhi,2024-12-27,17.1,13.8,15.1,29.9,29.9,11.3,84,1019.1,87
Delhi,2024-12-28,18.1,12.3,14.9,4.6,4.6,7.8,89,1018.8,62
Delhi,2024-12-29,18.3,10.6,13.7,0.0,0.0,9.6,86,1020.7,16
Delhi,2024-12-30,18.1,9.6,12.7,0.0,0.0,11.0,87,1019.9,20
Delhi,2024-12-31,16.1,7.5,11.3,0.0,0.0,5.1,89,1021.1,41
Delhi,2025-01-01,16.8,7.7,11.1,0.0,0.0,9.4,89,1019.2,52
Delhi,2025-01-02,18.2,8.5,12.4,0.0,0.0,10.1,85,1018.3,85
Delhi,2025-01-03,19.6,8.6,12.8,0.0,0.0,6.1,86,1018.0,75
Delhi,2025-01-04,21.1,8.4,13.5,0.0,0.0,7.3,89,1015.8,27
Delhi,2025-01-05,18.1,9.2,12.4,0.0,0.0,9.1,90,1016.1,33
Delhi,2025-01-06,18.0,8.8,13.0,4.9,4.9,9.3,89,1017.1,35
Delhi,2025-01-07,17.5,10.2,13.0,0.0,0.0,13.8,88,1017.8,35
Delhi,2025-01-08,18.4,8.7,12.7,0.0,0.0,11.1,75,1015.9,0
Delhi,2025-01-09,18.7,8.0,12.8,0.0,0.0,4.9,77,1018.2,4
Delhi,2025-01-10,17.9,7.9,12.1,0.0,0.0,6.4,85,1020.0,12
Delhi,2025-01-11,16.8,8.0,12.2,3.9,3.9,14.1,88,1018.6,66
Delhi,2025-01-12,18.0,9.8,13.2,0.1,0.1,6.2,87,1019.2,29
Delhi,2025-01-13,19.0,9.2,13.4,0.0,0.0,8.6,86,1018.8,10
Delhi,2025-01-14,18.2,8.7,13.2,0.0,0.0,8.1,83,1019.1,0
Delhi,2025-01-15,18.4,9.1,13.0,2.9,2.9,6.3,87,1020.1,61
Delhi,2025-01-16,18.0,11.1,13.9,0.7,0.7,6.2,84,1021.0,44
Delhi,2025-01-17,18.9,9.2,13.2,0.0,0.0,9.3,81,1020.5,1
Delhi,2025-01-18,17.8,7.8,12.3,0.0,0.0,8.6,86,1018.7,52
Delhi,2025-01-19,21.3,8.9,14.6,0.0,0.0,5.5,86,1017.2,63
Delhi,2025-01-20,21.9,11.7,16.3,0.0,0.0,10.2,83,1015.2,10
Delhi,2025-01-21,21.9,11.1,16.0,0.0,0.0,10.0,78,1014.1,0
Delhi,2025-01-22,22.8,10.4,16.2,0.0,0.0,6.6,75,1013.6,6
Delhi,2025-01-23,21.9,11.7,16.3,1.6,1.6,11.1,71,1015.3,14
Delhi,2025-01-24,20.9,10.4,14.9,0.0,0.0,12.9,67,1015.6,0
Delhi,2025-01-25,20.8,9.0,14.2,0.0,0.0,11.6,63,1015.2,0
Delhi,2025-01-26,21.0,8.2,14.1,0.0,0.0,10.1,62,1014.9,0
Delhi,2025-01-27,21.5,7.8,14.4,0.0,0.0,9.5,62,1013.6,0
Delhi,2025-01-28,22.9,8.0,15.3,0.0,0.0,8.3,58,1013.1,0
Delhi,2025-01-29,24.0,10.2,16.6,0.0,0.0,9.7,63,1014.4,1
Delhi,2025-01-30,24.8,11.3,17.7,0.0,0.0,7.6,66,1011.3,0
Delhi,2025-01-31,26.3,12.1,18.8,0.0,0.0,8.1,65,1010.8,18
Delhi,2025-02-01,25.5,12.7,19.1,0.0,0.0,15.6,63,1012.9,21
Delhi,2025-02-02,23.6,13.7,17.9,0.0,0.0,11.3,70,1015.4,6
Delhi,2025-02-03,22.8,10.8,16.4,1.7,1.7,6.5,66,1014.7,8
Delhi,2025-02-04,22.9,13.0,17.6,0.7,0.7,8.9,70,1014.6,49
Delhi,2025-02-05,21.4,11.9,16.2,0.3,0.3,12.0,68,1015.7,5
Delhi,2025-02-06,21.1,11.4,15.9,0.0,0.0,16.8,51,1017.3,3
Delhi,2025-02-07,20.8,10.6,15.3,0.0,0.0,17.3,52,1017.0,8
Delhi,2025-02-08,23.3,11.1,16.7,0.0,0.0,12.6,52,1015.6,33
Delhi,2025-02-09,25.2,10.8,17.8,0.0,0.0,8.1,59,1014.6,3
Delhi,2025-02-10,27.2,11.7,19.2,0.0,0.0,7.1,59,1013.9,10
Delhi,2025-02-11,27.9,12.3,20.3,0.0,0.0,9.5,60,1013.2,11
Delhi,2025-02-12,25.3,13.6,19.2,0.0,0.0,16.2,51,1014.4,0
Delhi,2025-02-13,23.6,13.7,18.3,0.0,0.0,16.1,47,1014.9,0
Delhi,2025-02-14,24.6,12.3,18.5,0.0,0.0,14.1,42,1013.0,17
Delhi,2025-02-15,25.6,13.0,19.9,0.0,0.0,10.3,46,1010.8,27
Delhi,2025-02-16,26.6,13.5,20.4,0.0,0.0,8.4,52,1012.4,36
Delhi,2025-02-17,28.8,16.2,21.7,0.0,0.0,7.9,52,1015.0,33
Delhi,2025-02-18,26.4,16.8,20.9,0.0,0.0,9.6,53,1014.6,41
Delhi,2025-02-19,27.0,14.2,20.6,1.0,1.0,8.5,51,1013.0,76
Delhi,2025-02-20,23.7,15.1,19.0,7.1,7.1,16.6,69,1014.0,49
Delhi,2025-02-21,25.1,13.7,19.0,0.4,0.4,11.2,71,1016.9,32
Delhi,2025-02-22,23.9,13.5,18.3,0.0,0.0,11.9,66,1016.8,19
Delhi,2025-02-23,25.1,13.3,18.9,0.0,0.0,9.1,62,1017.6,0
Delhi,2025-02-24,26.9,13.3,20.1,0.0,0.0,10.3,57,1018.4,22
Delhi,2025-02-25,28.1,14.4,21.4,0.0,0.0,7.4,54,1018.5,47
Delhi,2025-02-26,30.1,17.9,23.7,0.0,0.0,8.9,55,1018.1,84
Delhi,2025-02-27,23.4,19.1,21.1,1.0,1.0,17.1,70,1015.6,98
Delhi,2025-02-28,23.4,18.2,20.0,3.3,3.3,12.9,73,1012.2,73
Delhi,2025-03-01,24.1,15.5,19.5,7.7,7.7,15.8,81,1013.4,52
Delhi,2025-03-02,24.6,15.4,19.1,0.0,0.0,13.2,67,1012.6,0
Delhi,2025-03-03,26.9,12.8,19.8,0.0,0.0,7.8,59,1011.4,9
Delhi,2025-03-04,24.4,15.6,19.8,0.0,0.0,17.0,60,1013.0,9
Delhi,2025-03-05,22.8,12.6,17.8,0.0,0.0,22.7,45,1014.3,0
Delhi,2025-03-06,26.6,12.8,19.6,0.0,0.0,14.2,41,1012.1,0
Delhi,2025-03-07,28.4,12.5,20.9,0.0,0.0,9.5,44,1010.4,0
Delhi,2025-03-08,30.1,14.6,22.4,0.0,0.0,12.0,43,1008.9,1
Delhi,2025-03-09,31.8,16.8,24.7,0.0,0.0,11.9,43,1012.0,2
Delhi,2025-03-10,31.7,19.0,25.2,0.0,0.0,13.5,46,1015.2,49
Delhi,2025-03-11,34.4,19.5,26.9,0.0,0.0,7.1,46,1012.8,57
Delhi,2025-03-12,32.9,19.8,26.4,0.0,0.0,12.2,50,1009.0,60
Delhi,2025-03-13,32.0,21.0,25.2,5.9,5.9,14.8,53,1007.4,37
Delhi,2025-03-14,33.2,19.0,25.7,0.0,0.0,13.6,51,1008.5,47
Delhi,2025-03-15,30.3,19.0,24.1,0.5,0.5,15.0,55,1010.3,35
Delhi,2025-03-16,29.9,18.0,23.7,0.1,0.1,12.9,48,1011.8,4
Delhi,2025-03-17,28.3,17.6,23.1,0.0,0.0,14.0,44,1012.7,8
Delhi,2025-03-18,29.9,17.1,23.6,0.0,0.0,11.8,43,1012.5,3
Delhi,2025-03-19,32.3,17.7,25.2,0.0,0.0,11.9,37,1013.2,15
Delhi,2025-03-20,33.0,19.1,26.2,0.0,0.0,13.9,32,1014.3,2
Delhi,2025-03-21,32.0,19.4,25.4,0.0,0.0,15.5,32,1013.8,2
Delhi,2025-03-22,31.3,18.0,25.2,0.0,0.0,16.1,33,1012.7,6
Delhi,2025-03-23,32.7,18.5,26.0,0.0,0.0,10.3,34,1014.2,0
Delhi,2025-03-24,33.9,20.0,27.2,0.0,0.0,8.5,32,1013.4,0
Delhi,2025-03-25,36.4,20.9,28.7,0.0,0.0,9.7,32,1009.3,0
Delhi,2025-03-26,37.9,21.8,30.0,0.0,0.0,12.2,29,1006.3,0
Delhi,2025-03-27,36.2,24.1,30.1,0.0,0.0,12.8,27,1006.0,17
Delhi,2025-03-28,31.0,21.8,26.1,0.0,0.0,15.5,25,1009.0,1
Delhi,2025-03-29,28.9,16.2,23.0,0.0,0.0,15.2,22,1010.0,77
Delhi,2025-03-30,31.5,17.5,24.8,0.0,0.0,12.6,22,1010.3,19
Delhi,2025-03-31,33.9,17.6,26.2,0.0,0.0,13.5,21,1010.4,0
Delhi,2025-04-01,33.3,19.0,26.5,0.0,0.0,13.6,21,1009.4,0
Delhi,2025-04-02,35.7,18.6,27.7,0.0,0.0,11.8,22,1010.1,0
Delhi,2025-04-03,37.4,20.4,29.6,0.0,0.0,9.4,19,1010.7,19
Delhi,2025-04-04,37.0,21.7,30.1,0.0,0.0,14.2,18,1010.2,1
Delhi,2025-04-05,35.2,22.0,29.0,0.0,0.0,13.8,22,1008.3,1
Delhi,2025-04-06,38.1,22.0,30.5,0.0,0.0,10.3,22,1006.4,11
Delhi,2025-04-07,39.9,24.4,32.5,0.0,0.0,7.6,22,1007.5,6
Delhi,2025-04-08,39.9,25.2,32.8,0.0,0.0,9.7,22,1009.5,9
Delhi,2025-04-09,40.7,26.1,33.5,0.0,0.0,12.5,25,1007.3,14
Delhi,2025-04-10,38.9,26.6,31.5,1.4,1.4,23.3,33,1003.2,65
Delhi,2025-04-11,34.2,22.5,26.3,8.1,8.1,25.8,60,1003.3,55
Delhi,2025-04-12,34.8,20.5,26.3,1.1,1.1,9.9,57,1006.3,20
Delhi,2025-04-13,35.3,21.1,28.3,0.0,0.0,5.6,47,1007.9,6
Delhi,2025-04-14,35.6,22.3,29.3,0.0,0.0,10.1,42,1008.0,1
Delhi,2025-04-15,36.6,24.7,30.8,0.0,0.0,10.0,37,1008.3,9
Delhi,2025-04-16,38.2,25.6,32.2,0.0,0.0,9.5,34,1006.6,7
Delhi,2025-04-17,40.5,26.2,33.3,0.0,0.0,15.8,32,1003.8,15
Delhi,2025-04-18,40.8,25.7,32.9,0.0,0.0,15.9,40,1002.4,16
Delhi,2025-04-19,39.9,27.4,32.6,0.0,0.0,19.7,41,1002.8,9
Delhi,2025-04-20,40.0,27.0,33.1,0.0,0.0,17.4,37,1003.1,7
Delhi,2025-04-21,40.4,26.3,33.8,0.0,0.0,11.9,23,1005.9,20
Delhi,2025-04-22,39.5,24.6,32.6,0.0,0.0,12.2,10,1007.4,0
Delhi,2025-04-23,39.2,23.8,32.2,0.0,0.0,13.7,11,1005.1,0
Delhi,2025-04-24,40.4,24.4,32.8,0.0,0.0,15.3,11,1002.7,0
Delhi,2025-04-25,41.6,25.3,33.8,0.0,0.0,14.3,13,1003.6,1
Delhi,2025-04-26,41.5,26.0,34.3,0.0,0.0,18.8,13,1003.5,51
Delhi,2025-04-27,40.8,28.3,34.5,0.0,0.0,11.2,14,1004.7,25
Delhi,2025-04-28,41.1,26.5,33.0,0.0,0.0,17.3,20,1003.6,11
Delhi,2025-04-29,37.5,25.0,31.3,0.0,0.0,15.0,35,1004.7,2
Delhi,2025-04-30,36.8,26.3,31.5,0.0,0.0,12.3,37,1006.3,22
Delhi,2025-05-01,37.6,25.9,31.8,0.0,0.0,14.7,36,1007.2,36
Delhi,2025-05-02,28.6,21.7,26.2,12.4,12.4,13.3,65,1008.8,67
Delhi,2025-05-03,35.4,24.0,28.3,3.4,3.4,12.3,54,1005.9,71
Delhi,2025-05-04,34.8,24.4,29.9,2.0,2.0,11.5,49,1003.9,92
Delhi,2025-05-05,35.6,24.2,28.5,0.1,0.1,13.4,58,1005.2,90
Delhi,2025-05-06,34.4,22.2,27.4,0.4,0.4,19.3,62,1005.5,71
Delhi,2025-05-07,33.3,23.7,27.8,0.5,0.5,10.7,62,1004.9,69
Delhi,2025-05-08,32.4,23.9,28.3,2.7,2.7,11.6,61,1005.1,47
Delhi,2025-05-09,37.1,25.1,30.7,1.1,1.1,9.8,49,1006.0,32
Delhi,2025-05-10,37.1,26.6,30.9,1.5,1.5,18.2,52,1005.6,28
Delhi,2025-05-11,38.2,25.1,31.7,0.0,0.0,14.0,49,1003.8,9
Delhi,2025-05-12,39.6,25.5,33.0,0.0,0.0,13.5,35,1002.6,3
Delhi,2025-05-13,41.3,28.1,34.7,0.0,0.0,18.7,24,1002.4,10
Delhi,2025-05-14,41.2,28.5,35.3,0.0,0.0,16.2,21,1002.5,1
Delhi,2025-05-15,41.9,29.7,36.2,0.0,0.0,12.2,21,1002.4,0
Delhi,2025-05-16,42.7,28.8,35.8,0.0,0.0,18.1,24,1001.5,6
Delhi,2025-05-17,42.8,29.2,35.7,0.0,0.0,19.7,28,1001.1,13
Delhi,2025-05-18,42.1,29.5,35.2,0.0,0.0,14.4,31,1001.1,5
Delhi,2025-05-19,42.0,28.2,34.5,0.0,0.0,12.8,45,1001.3,5
Delhi,2025-05-20,42.6,28.0,34.9,0.0,0.0,20.6,45,999.6,12
Delhi,2025-05-21,43.0,29.8,34.8,0.0,0.0,22.6,45,1000.1,15
Delhi,2025-05-22,37.0,25.0,31.4,0.0,0.0,14.7,55,1001.3,3
Delhi,2025-05-23,38.2,26.4,32.3,1.5,1.5,14.0,52,999.6,6
Delhi,2025-05-24,37.7,28.5,33.4,0.4,0.4,16.8,48,999.9,22
Delhi,2025-05-25,31.2,23.0,28.4,0.4,0.4,16.2,66,1003.1,48
Delhi,2025-05-26,35.7,24.1,29.8,1.8,1.8,15.6,65,1001.8,25
Delhi,2025-05-27,36.1,26.2,31.2,0.0,0.0,8.8,62,999.3,2
Delhi,2025-05-28,39.5,27.4,33.2,0.0,0.0,11.3,55,997.7,9
Delhi,2025-05-29,40.1,27.6,33.6,0.3,0.3,8.8,52,995.6,63
Delhi,2025-05-30,36.1,27.1,31.6,0.0,0.0,13.2,49,995.1,48
Delhi,2025-05-31,39.7,26.1,31.9,1.0,1.0,14.4,48,997.1,34
Delhi,2025-06-01,37.3,26.4,31.0,4.2,4.2,18.6,48,998.3,49
Delhi,2025-06-02,37.1,24.1,30.9,0.3,0.3,10.3,48,998.3,42
Delhi,2025-06-03,34.6,25.8,30.2,0.0,0.0,12.3,46,1000.6,61
Delhi,2025-06-04,36.4,24.5,28.8,0.3,0.3,19.8,55,1003.6,55
Delhi,2025-06-05,37.2,24.4,30.9,0.0,0.0,9.4,46,1006.1,14
Delhi,2025-06-06,37.8,25.9,32.7,0.0,0.0,10.2,40,1005.1,11
Delhi,2025-06-07,41.2,28.0,34.7,0.0,0.0,10.4,37,1003.2,5
Delhi,2025-06-08,42.8,29.6,36.6,0.0,0.0,14.6,35,1001.3,3
Delhi,2025-06-09,43.7,30.0,37.5,0.0,0.0,16.5,29,999.5,0
Delhi,2025-06-10,43.1,30.1,37.4,0.0,0.0,14.4,22,998.9,0
Delhi,2025-06-11,43.6,30.1,37.1,0.0,0.0,11.6,32,999.3,0
Delhi,2025-06-12,43.1,31.1,36.8,0.5,0.5,11.7,45,999.4,11
Delhi,2025-06-13,41.1,31.3,36.0,0.0,0.0,13.4,48,1000.1,13
Delhi,2025-06-14,42.9,30.6,36.2,0.3,0.3,13.5,47,998.2,9
Delhi,2025-06-15,37.9,29.6,33.8,1.3,1.3,18.5,53,997.3,44
Delhi,2025-06-16,32.0,24.8,29.4,25.6,25.6,13.8,81,998.5,80
Delhi,2025-06-17,33.7,25.2,29.1,16.9,16.9,11.1,82,999.1,70
Delhi,2025-06-18,33.2,24.0,28.9,5.3,5.3,7.8,79,997.7,63
Delhi,2025-06-19,32.7,27.0,29.7,0.1,0.1,9.9,77,996.2,42
Delhi,2025-06-20,31.7,25.5,28.7,1.2,1.2,13.8,84,998.8,99
Delhi,2025-06-21,34.7,26.2,30.4,1.6,1.6,7.3,77,999.4,37
Delhi,2025-06-22,34.0,28.0,31.0,0.8,0.8,8.1,74,998.5,68
Delhi,2025-06-23,35.7,27.8,31.5,0.1,0.1,8.6,74,996.5,32
Delhi,2025-06-24,36.1,27.3,31.2,1.1,1.1,7.6,75,995.8,33
Delhi,2025-06-25,32.1,26.5,29.1,12.9,12.9,12.0,84,998.8,83
Delhi,2025-06-26,34.5,26.0,30.6,11.5,11.5,11.6,76,1000.4,85
Delhi,2025-06-27,33.7,27.7,30.7,0.5,0.5,8.8,75,999.6,62
Delhi,2025-06-28,35.8,25.6,30.8,8.3,8.3,8.5,74,998.4,73
Delhi,2025-06-29,33.4,26.1,29.5,16.2,16.2,12.4,79,996.2,100
Delhi,2025-06-30,31.7,25.4,27.8,17.3,17.3,10.1,87,997.5,93
Delhi,2025-07-01,33.2,25.0,28.7,9.1,9.1,10.1,84,998.3,57
Delhi,2025-07-02,33.2,26.9,29.9,1.1,1.1,10.3,81,998.2,30
Delhi,2025-07-03,33.5,26.6,30.1,0.9,0.9,11.0,78,998.8,62
Delhi,2025-07-04,34.2,26.7,30.3,0.3,0.3,8.4,78,998.9,19
Delhi,2025-07-05,35.2,26.5,30.9,3.4,3.4,7.1,77,997.7,33
Delhi,2025-07-06,35.7,26.7,31.0,7.4,7.4,8.1,74,997.4,55
Delhi,2025-07-07,33.2,25.9,29.0,13.5,13.5,6.6,83,998.5,86
Delhi,2025-07-08,34.0,27.1,30.9,0.0,0.0,9.2,76,998.4,80
Delhi,2025-07-09,31.7,27.0,29.2,14.9,14.9,10.2,82,999.8,100
Delhi,2025-07-10,29.6,25.6,27.5,3.6,3.6,8.5,85,1001.9,97
Delhi,2025-07-11,31.6,25.6,28.4,0.4,0.4,4.2,83,1001.3,76
Delhi,2025-07-12,33.5,26.5,29.3,2.7,2.7,9.3,80,1001.0,66
Delhi,2025-07-13,32.5,26.3,28.2,18.6,18.6,11.0,87,1001.0,100
Delhi,2025-07-14,30.5,25.8,28.0,17.6,17.6,18.7,85,999.0,100
Delhi,2025-07-15,32.2,25.6,28.0,7.3,7.3,17.2,84,998.4,92
Delhi,2025-07-16,32.3,25.3,28.7,8.2,8.2,11.8,83,1000.0,88
Delhi,2025-07-17,31.1,26.8,28.5,1.4,1.4,12.9,82,1002.1,96
Delhi,2025-07-18,31.6,26.4,28.5,4.1,4.1,18.3,80,1000.5,57
Delhi,2025-07-19,32.2,25.8,29.0,0.0,0.0,16.6,77,998.3,54
Delhi,2025-07-20,34.3,26.1,30.1,0.0,0.0,8.8,73,998.3,84
Delhi,2025-07-21,31.5,26.6,28.9,0.4,0.4,6.6,78,1000.8,85
Delhi,2025-07-22,34.8,26.0,30.1,0.2,0.2,9.0,74,999.3,88
Delhi,2025-07-23,33.2,27.0,29.8,1.2,1.2,10.5,78,996.5,71
Delhi,2025-07-24,35.5,25.4,30.7,1.5,1.5,11.8,72,995.3,28
Delhi,2025-07-25,36.3,26.6,31.8,0.5,0.5,10.6,68,994.9,28
Delhi,2025-07-26,35.4,26.9,31.0,2.3,2.3,11.7,73,996.2,86
Delhi,2025-07-27,36.3,28.8,32.1,0.9,0.9,12.3,68,996.1,75
Delhi,2025-07-28,36.6,28.1,32.1,1.6,1.6,9.7,67,996.2,84
Delhi,2025-07-29,32.9,27.2,29.2,3.8,3.8,7.6,82,997.3,96
Delhi,2025-07-30,31.6,26.2,27.9,15.3,15.3,10.4,88,998.2,99
Delhi,2025-07-31,31.5,25.3,27.7,29.2,29.2,9.9,88,998.9,99
Delhi,2025-08-01,32.0,25.5,28.3,7.5,7.5,10.6,85,999.8,83
Delhi,2025-08-02,32.4,26.0,29.1,0.9,0.9,10.9,79,1000.0,92
Delhi,2025-08-03,33.1,26.8,29.7,0.7,0.7,11.8,77,1001.1,100
Delhi,2025-08-04,31.0,26.2,28.6,0.1,0.1,12.1,82,1002.6,98
Delhi,2025-08-05,30.1,26.9,27.9,8.3,8.3,10.9,84,1002.9,95
Delhi,2025-08-06,32.1,26.3,28.7,0.5,0.5,9.0,80,1003.3,81
Delhi,2025-08-07,33.9,26.0,29.9,0.0,0.0,12.8,72,1001.9,42
Delhi,2025-08-08,33.1,26.4,29.9,0.0,0.0,11.9,70,1003.0,79
Delhi,2025-08-09,30.5,26.1,27.8,8.9,8.9,7.2,84,1005.3,85
Delhi,2025-08-10,32.1,25.9,28.9,1.7,1.7,5.9,83,1003.8,79
Delhi,2025-08-11,33.9,26.6,29.8,1.6,1.6,11.3,78,1002.4,99
Delhi,2025-08-12,33.3,26.3,29.2,3.9,3.9,11.4,80,1001.8,86
Delhi,2025-08-13,33.4,26.9,30.3,0.0,0.0,8.5,74,1000.8,100
Delhi,2025-08-14,29.6,26.3,27.8,8.2,8.2,7.5,88,1003.7,90
Delhi,2025-08-15,31.7,25.3,28.4,4.6,4.6,7.0,86,1002.5,60
Delhi,2025-08-16,31.2,26.4,28.6,4.1,4.1,8.3,87,1001.4,89
Delhi,2025-08-17,32.0,27.3,29.0,3.6,3.6,10.3,86,1002.3,90
Delhi,2025-08-18,31.8,27.2,29.2,9.0,9.0,14.2,83,1003.8,60
Delhi,2025-08-19,31.9,26.6,29.2,5.4,5.4,11.6,82,1002.5,36
Delhi,2025-08-20,32.7,26.8,29.3,5.6,5.6,12.3,79,1001.8,54
Delhi,2025-08-21,33.6,25.6,29.7,13.8,13.8,12.8,78,1001.9,62
Delhi,2025-08-22,34.2,25.3,30.3,3.3,3.3,7.6,75,999.7,87
Delhi,2025-08-23,32.6,25.6,28.3,13.2,13.2,11.2,84,999.7,100
Delhi,2025-08-24,31.1,25.7,27.6,11.8,11.8,14.7,87,1000.6,97
Delhi,2025-08-25,29.0,24.4,26.6,19.7,19.7,15.9,89,1000.0,100
Delhi,2025-08-26,29.9,25.1,27.2,6.7,6.7,18.0,89,1002.5,100
Delhi,2025-08-27,32.6,25.2,28.4,1.4,1.4,8.4,86,1002.4,65
Delhi,2025-08-28,32.4,25.3,28.6,15.5,15.5,9.7,86,1001.9,99
Delhi,2025-08-29,31.3,25.0,27.9,12.6,12.6,12.2,88,1003.1,100
Delhi,2025-08-30,31.8,26.0,28.4,3.8,3.8,12.3,84,1004.7,85
Delhi,2025-08-31,30.0,24.5,26.7,13.1,13.1,15.8,90,1002.9,95
Delhi,2025-09-01,29.2,24.0,25.4,31.5,31.5,17.5,92,999.6,99
Delhi,2025-09-02,27.0,23.8,25.0,21.7,21.7,15.6,93,1000.9,99
Delhi,2025-09-03,29.4,24.1,26.2,14.7,14.7,10.4,89,1003.8,93
Delhi,2025-09-04,31.4,24.2,27.1,17.7,17.7,12.0,87,1004.2,89
Delhi,2025-09-05,31.0,25.2,27.6,4.8,4.8,17.0,85,1004.1,82
Delhi,2025-09-06,31.2,24.5,27.7,13.3,13.3,14.1,85,1004.7,98
Delhi,2025-09-07,31.9,24.8,28.0,2.3,2.3,11.0,85,1004.3,54
Delhi,2025-09-08,32.0,25.2,28.6,0.7,0.7,6.1,81,1005.2,26
Delhi,2025-09-09,32.4,25.8,29.0,0.4,0.4,10.8,76,1006.5,10
Delhi,2025-09-10,33.2,25.6,29.2,0.0,0.0,15.6,73,1005.6,7
Delhi,2025-09-11,32.8,24.7,28.9,0.0,0.0,15.2,69,1005.2,44
Delhi,2025-09-12,33.5,24.6,29.4,0.2,0.2,11.3,67,1006.4,23
Delhi,2025-09-13,35.3,26.3,30.8,0.9,0.9,11.5,60,1006.6,51
Delhi,2025-09-14,36.5,27.0,31.9,0.2,0.2,12.1,57,1006.0,37
Delhi,2025-09-15,36.4,27.3,32.3,0.0,0.0,13.3,54,1004.2,29
Delhi,2025-09-16,36.8,27.3,31.7,0.1,0.1,10.2,56,1004.4,48
Delhi,2025-09-17,36.4,26.7,31.2,0.2,0.2,9.5,61,1005.2,16
Delhi,2025-09-18,34.9,25.1,30.2,1.6,1.6,8.5,67,1005.4,23
Delhi,2025-09-19,35.5,26.8,31.1,0.7,0.7,11.5,62,1005.9,14
Delhi,2025-09-20,36.2,26.8,31.5,0.0,0.0,14.8,56,1005.3,5
Delhi,2025-09-21,36.4,25.4,31.2,0.0,0.0,14.4,53,1004.4,6
Delhi,2025-09-22,36.9,26.1,31.6,0.0,0.0,16.0,51,1004.9,2
Delhi,2025-09-23,36.7,26.1,31.5,0.0,0.0,16.7,47,1004.6,3
Delhi,2025-09-24,36.1,25.8,31.0,0.0,0.0,15.6,50,1003.1,0
Delhi,2025-09-25,36.2,25.9,31.1,0.0,0.0,13.5,52,1004.0,0
Delhi,2025-09-26,37.0,25.8,31.6,0.0,0.0,14.0,52,1005.1,0
Delhi,2025-09-27,38.7,27.2,32.6,0.1,0.1,6.1,54,1006.9,18
Delhi,2025-09-28,36.5,28.3,32.3,0.0,0.0,13.5,60,1006.3,7
Delhi,2025-09-29,36.3,27.8,32.0,0.2,0.2,8.6,58,1004.7,10
Delhi,2025-09-30,34.8,24.4,30.6,8.0,8.0,14.0,64,1003.0,70
Delhi,2025-10-01,33.5,24.5,28.3,2.8,2.8,13.7,74,1003.4,32
Delhi,2025-10-02,32.4,24.4,28.4,1.0,1.0,9.1,72,1007.2,36
Delhi,2025-10-03,33.6,25.0,29.1,0.0,0.0,8.2,71,1010.0,41
Delhi,2025-10-04,34.6,26.3,30.3,0.1,0.1,12.2,60,1007.9,26
Delhi,2025-10-05,33.9,23.7,29.2,0.7,0.7,14.0,60,1006.8,10
Delhi,2025-10-06,29.2,22.3,24.0,14.6,14.6,14.3,85,1009.4,75
Delhi,2025-10-07,28.5,20.7,23.4,5.2,5.2,9.8,87,1009.8,48
Delhi,2025-10-08,25.7,20.4,22.7,0.2,0.2,9.2,86,1011.4,48
Delhi,2025-10-09,28.2,20.6,23.8,0.4,0.4,8.7,75,1013.2,7
Delhi,2025-10-10,28.5,19.4,23.5,0.0,0.0,7.4,68,1012.1,0
Delhi,2025-10-11,29.0,19.2,23.9,0.0,0.0,9.3,68,1011.7,13
Delhi,2025-10-12,30.7,20.5,25.2,0.0,0.0,9.9,63,1011.3,1
Delhi,2025-10-13,31.7,20.4,25.8,0.0,0.0,5.4,59,1012.1,1
Delhi,2025-10-14,32.0,21.1,26.4,0.0,0.0,5.1,52,1011.2,0
Delhi,2025-10-15,31.9,21.2,26.7,0.0,0.0,6.0,49,1011.2,0
Delhi,2025-10-16,31.7,20.2,26.1,0.0,0.0,6.9,51,1011.2,0
Delhi,2025-10-17,32.3,20.4,26.5,0.0,0.0,6.3,54,1012.3,1
Delhi,2025-10-18,33.2,21.6,27.2,0.0,0.0,5.5,53,1011.8,3
Delhi,2025-10-19,33.6,23.0,27.9,0.0,0.0,10.1,52,1011.1,9
Delhi,2025-10-20,33.1,22.8,28.1,0.0,0.0,8.5,49,1011.4,4
Delhi,2025-10-21,30.4,22.7,26.9,0.4,0.4,7.1,57,1012.9,21
Delhi,2025-10-22,32.1,23.5,27.6,0.0,0.0,9.2,53,1013.0,7
Delhi,2025-10-23,31.8,21.2,26.6,0.0,0.0,9.7,42,1012.6,1
Delhi,2025-10-24,32.2,20.2,25.9,0.0,0.0,6.5,46,1012.3,0
Delhi,2025-10-25,31.7,19.7,25.7,0.0,0.0,6.4,45,1011.8,0
Delhi,2025-10-26,31.6,18.9,25.5,0.0,0.0,7.1,46,1012.7,8
Delhi,2025-10-27,30.3,20.3,24.2,0.0,0.0,14.3,56,1013.4,63
Delhi,2025-10-28,26.6,21.3,23.3,0.0,0.0,6.9,72,1014.8,99
Delhi,2025-10-29,29.2,20.2,24.8,0.0,0.0,8.6,66,1012.6,64
Delhi,2025-10-30,27.3,22.6,24.5,0.1,0.1,6.3,74,1011.9,95
Delhi,2025-10-31,30.3,21.4,25.3,0.1,0.1,6.9,75,1010.9,53
Delhi,2025-11-01,30.9,20.8,25.1,0.0,0.0,10.2,62,1011.2,1
Delhi,2025-11-02,29.4,19.3,23.7,0.0,0.0,12.8,59,1011.3,0
Delhi,2025-11-03,30.5,17.9,23.5,0.0,0.0,14.1,53,1009.3,0
Delhi,2025-11-04,28.7,18.9,23.4,0.0,0.0,11.0,60,1009.4,23
Delhi,2025-11-05,29.5,18.9,23.9,0.0,0.0,10.9,62,1009.9,5
Delhi,2025-11-06,26.1,15.8,20.7,0.0,0.0,10.7,49,1013.0,0
Delhi,2025-11-07,27.3,14.8,20.3,0.0,0.0,10.0,47,1014.4,0
Delhi,2025-11-08,26.8,13.9,20.0,0.0,0.0,10.7,45,1015.4,0
Delhi,2025-11-09,26.8,14.1,20.1,0.0,0.0,9.3,46,1014.0,0
Delhi,2025-11-10,27.0,13.9,20.1,0.0,0.0,8.8,46,1013.8,22
Delhi,2025-11-11,27.4,13.7,20.1,0.0,0.0,10.6,47,1014.7,0
Delhi,2025-11-12,27.5,14.0,20.4,0.0,0.0,12.8,48,1015.6,0
Delhi,2025-11-13,26.3,13.2,19.3,0.0,0.0,9.9,52,1017.1,0
Delhi,2025-11-14,26.0,13.3,19.2,0.0,0.0,9.7,50,1017.1,0
Delhi,2025-11-15,26.6,12.8,19.3,0.0,0.0,10.3,50,1018.0,0
Delhi,2025-11-16,26.8,12.3,19.1,0.0,0.0,11.6,50,1019.6,0
Delhi,2025-11-17,26.0,12.3,19.0,0.0,0.0,6.8,50,1019.1,0
Delhi,2025-11-18,25.8,13.5,19.4,0.0,0.0,7.8,58,1017.1,1
Delhi,2025-11-19,26.0,13.3,19.7,0.0,0.0,5.9,63,1016.8,3
Delhi,2025-11-20,26.1,14.1,20.0,0.0,0.0,5.6,64,1017.4,0
Delhi,2025-11-21,26.2,14.5,20.3,0.0,0.0,6.1,61,1018.5,0
Delhi,2025-11-22,26.2,14.1,20.3,0.0,0.0,8.2,57,1016.8,0
Delhi,2025-11-23,25.9,13.2,19.3,0.0,0.0,8.1,56,1017.0,0
Delhi,2025-11-24,25.0,12.2,18.4,0.0,0.0,6.9,58,1018.5,0
Delhi,2025-11-25,24.0,11.4,17.4,0.0,0.0,8.7,58,1018.5,0
Delhi,2025-11-26,23.9,11.2,17.3,0.0,0.0,5.4,57,1018.7,0
Delhi,2025-11-27,24.4,12.6,18.1,0.0,0.0,3.4,55,1020.0,0
Delhi,2025-11-28,25.2,11.5,18.0,0.0,0.0,7.7,60,1018.1,8
Delhi,2025-11-29,25.9,13.7,19.0,0.0,0.0,11.5,54,1016.3,0
Delhi,2025-11-30,23.6,11.7,17.3,0.0,0.0,12.9,49,1015.5,61
Delhi,2025-12-01,24.3,10.0,16.9,0.0,0.0,6.5,49,1015.2,0
Delhi,2025-12-02,25.2,12.7,18.3,0.0,0.0,7.5,57,1015.2,4
Delhi,2025-12-03,22.9,10.3,16.2,0.0,0.0,10.4,55,1018.5,5
Delhi,2025-12-04,21.9,9.8,15.2,0.0,0.0,10.5,56,1019.5,19
Delhi,2025-12-05,21.8,8.6,15.0,0.0,0.0,7.5,56,1021.0,0
Delhi,2025-12-06,23.6,10.2,16.2,0.0,0.0,12.9,53,1019.6,50
Delhi,2025-12-07,24.1,10.7,17.0,0.0,0.0,10.4,56,1018.9,30
Delhi,2025-12-08,25.2,12.1,18.0,0.0,0.0,12.6,53,1018.7,13
Delhi,2025-12-09,24.5,11.6,17.5,0.0,0.0,12.7,54,1018.2,0
Delhi,2025-12-10,24.1,11.8,17.5,0.0,0.0,10.3,57,1018.0,7
Delhi,2025-12-11,24.7,10.8,17.3,0.0,0.0,10.4,60,1016.9,0
Delhi,2025-12-12,24.4,10.4,17.2,0.0,0.0,5.6,63,1016.2,14
Delhi,2025-12-13,24.5,12.7,17.8,0.0,0.0,4.5,66,1017.3,50
Delhi,2025-12-14,24.2,11.2,17.7,0.0,0.0,4.5,70,1018.5,72
Delhi,2025-12-15,23.3,10.5,16.6,0.0,0.0,8.3,72,1018.0,32
Delhi,2025-12-16,23.3,11.6,17.0,0.0,0.0,11.7,69,1017.1,2
Delhi,2025-12-17,23.8,11.4,17.0,0.0,0.0,10.5,70,1018.0,0
Delhi,2025-12-18,22.5,11.6,16.4,0.0,0.0,8.3,74,1019.0,76
Delhi,2025-12-19,21.9,11.2,15.7,0.0,0.0,7.7,78,1016.6,64
Delhi,2025-12-20,21.8,9.5,15.0,0.0,0.0,6.9,78,1015.5,48
Delhi,2025-12-21,20.4,10.7,14.4,0.0,0.0,6.0,84,1017.7,65
Delhi,2025-12-22,21.3,11.4,15.4,0.0,0.0,5.2,83,1017.7,41
Delhi,2025-12-23,23.1,11.6,16.5,0.0,0.0,10.4,81,1015.7,31
Delhi,2025-12-24,21.1,11.6,15.8,0.0,0.0,12.1,69,1015.8,0
Delhi,2025-12-25,21.0,9.3,14.7,0.0,0.0,8.0,64,1017.0,27
Delhi,2025-12-26,21.1,9.9,15.2,0.0,0.0,8.4,67,1017.4,77
Delhi,2025-12-27,20.5,9.7,14.8,0.0,0.0,7.6,77,1017.3,70
Delhi,2025-12-28,20.5,9.4,14.6,0.0,0.0,6.3,78,1017.9,37
Delhi,2025-12-29,19.9,10.6,14.1,0.0,0.0,5.6,81,1017.7,46
Delhi,2025-12-30,20.4,9.7,14.2,0.0,0.0,7.6,79,1014.9,42
Delhi,2025-12-31,19.4,9.1,13.2,0.0,0.0,11.2,84,1013.2,46
